,Year,Title,Rank,Keywords
0,2023,진짜 쓰는 실무 엑셀,2,"['엑셀', '실무', '기능', '자료', '개선']"
1,2023,회사는 엑셀을 가르쳐주지 않아요,3,"['엑셀', '필요', '종이', '실무', '인턴십']"
2,2023,혼자 공부하는 파이썬,4,"['입문자', '혼자', '학습', '파이썬', '내용']"
3,2023,Do it! 점프 투 파이썬,5,"['파이썬', '프로그래밍', '직장인', '중고등학생', '개정판']"
4,2023,혼자 공부하는 머신러닝+딥러닝,6,"['입문자', '학습', '머신', '러닝', '개념']"
5,2023,비전공자를 위한 이해할 수 있는 IT 지식,7,"['이야기', '이해', '시대', '지식', '계속']"
6,2023,맛있는 디자인 포토샵&일러스트레이터 CC 2023,8,"['학습', '기능', '레이', '실습', '러스트']"
7,2023,회사에서 바로 통하는 실무 엑셀 파워포인트 워드한글,9,"['실무', '엑셀', '문서', '포인트', '워드']"
8,2023,직장인을 위한 실무 엑셀,10,"['엑셀', '분석', '버전', '사용', '해결']"
9,2023,혼자 공부하는 컴퓨터 구조+운영체제,11,"['컴퓨터', '체제', '운영', '입문자', '구조']"
10,2023,2023 유선배 SQL개발자(SQLD) 과외노트,12,"['문제', '이론', '해설', '시험', '강의']"
11,2023,Clean Code(클린 코드),13,"['코드', '소프트웨어', '클린', '장인', '가치']"
12,2023,면접을 위한 CS 전공지식 노트,14,"['면접', '지식', '패턴', '개발자', '디자인']"
13,2023,퇴근 후 스마트스토어로 투잡하기,15,"['시간', '사람', '스마트', '저자', '상품']"
14,2023,명품 JAVA Programming,16,"['자바', '모듈', '문제', '개념', '부분']"
15,2023,실무에 바로 쓰는 일잘러의 보고서 작성법,17,"['문서', '보고서', '방법', '파악', '커뮤니케이션']"
16,2023,된다! 실무 엑셀 파워포인트 워드&한글,18,"['강의', '실무', '동영상', '오피스', '엑셀']"
17,2023,네이버쇼핑 스마트스토어로 상위노출 하라,19,"['노출', '상위', '네이버', '쇼핑', '스토어']"
18,2023,왕초보 판매자도 파워셀러가 되는 네이버 스마트스토어 시작하기,20,"['스토어', '스마트', '운영', '판매자', '온라인']"
19,2023,두근두근 파이썬,21,"['사용', '예제', '분야', '언어', '라이브러리']"
20,2023,진짜 하루만에 끝내는 이모티콘,22,"['이모티콘', '작가', '방법', '승인', '제작']"
21,2023,C언어로 쉽게 풀어 쓴 자료구조,23,"['구조', '자료', '포인터', '입문자', '예제']"
22,2023,개발자를 위한 SQL 튜닝 입문서 친절한 SQL 튜닝,24,"['성능', '개발자', '친절', '오라클', '설명']"
23,2023,명품 C++ Programming,25,"['소프트웨어', '언어', '필요', '프로그램', '응용']"
24,2023,윤성우의 열혈 C 프로그래밍,26,"['내용', '언어', '기본', '중간', '구성']"
25,2023,진짜 챗GPT 활용법,27,"['방법', '활용', '업무', '작성', '활용법']"
26,2023,코딩 자율학습 나도코딩의 파이썬 입문,28,"['파이썬', '나도', '프로그래밍', '자율학습', '설명']"
27,2023,2023 이기적 SQL 개발자 이론서+기출문제,29,"['문제', '도서', '운영', '학습', '핵심']"
28,2023,챗GPT와 업무자동화,30,"['업무', '엑셀', '코드', '자동화', '구글']"
29,2023,난생처음 파이썬 프로그래밍,31,"['파이썬', '문법', '프로그래밍', '실생활', '예제']"
30,2023,코딩 자율학습 나도코딩의 C 언어 입문,32,"['언어', '강의', '포인터', '예제', '좌절']"
31,2023,혼자 공부하는 SQL,33,"['입문자', '학습', '혼자', '개발자', '반영']"
32,2023,이것이 취업을 위한 코딩 테스트다 with 파이썬,34,"['문제', '알고리즘', '테스트', '설명', '라인']"
33,2023,직장인을 위한 실무 파워포인트,35,"['포인트', '파워', '콘텐츠', '디자인', '버전']"
34,2023,나는 해외구매대행으로 한 달에 월급을 두 번 받는다,36,"['방법', '대행', '구매', '해외', '상품']"
35,2023,밑바닥부터 시작하는 딥러닝,37,"['설명', '코드', '실험', '소스', '생각']"
36,2023,SQL 전문가 가이드,38,"['데이터베이스', '모델링', '가이드', '데이터', '성능']"
37,2023,Do it! HTML+CSS+자바스크립트 웹 표준의 정석,39,"['분야', '표준', '자바스크립트', '최신', '이유']"
38,2023,챗GPT + 엑셀 업무자동화 정석,40,"['시대', '업무', '자동화', '엑셀', '정리']"
39,2023,소프트웨어 테스트 전문가(CSTS) 가이드,41,"['테스트', '전문가', '수록', '기법', '개요']"
40,2023,Must Have 코드팩토리의 플러터 프로그래밍,42,"['현업', '프로젝트', '실무', '구현', '하기']"
41,2023,된다! 네이버 블로그 상위 노출,43,"['블로그', '네이버', '노출', '사람', '분석']"
42,2023,NO.1 영상 편집 유튜버 비됴클래스의 유튜브 영상 편집 with 프리미어 프로,44,"['영상', '편집', '유튜브', '시작', '제작']"
43,2023,혼자 해도 프로 작가처럼 잘 그리는 아이패드 드로잉 with 프로크리에이트,45,"['드로잉', '고래', '그림', '아이패드', '시작']"
44,2023,비전공자도 이해할 수 있는 AI 지식,46,"['인공지능', '기술', '이해', '저자', '사람']"
45,2023,미래를 바꾼 아홉 가지 알고리즘,47,"['가지', '아이디어', '알고리즘', '컴퓨터', '설명']"
46,2023,국내 최다 이모티콘 승인 작가 씨엠제이가 알려주는 승인율 99.9% 이모티콘 만들기,48,"['이모티콘', '승인', '작가', '제안', '도전']"
47,2023,데이터베이스 개론,49,"['데이터베이스', '기술', '문제', '데이터', '최신']"
48,2023,모던 자바스크립트 Deep Dive,50,"['자바스크립트', '동작', '언어', '원리', '설명']"
49,2023,명품 HTML5+CSS3+Javascript 웹 프로그래밍,51,"['html5', '언어', '기술', '스크립트', '애플리케이션']"
50,2023,레트로의 유니티 게임 프로그래밍 에센스,52,"['게임', '유니티', '내용', '개정판', '추가']"
51,2023,난생처음 인공지능 입문,53,"['인공지능', '입문서', '중심', '구현', '강의']"
52,2023,운영체제,54,"['운영', '체제', '전반', '내용', '기초']"
53,2023,혼자 공부하는 자바,55,"['입문자', '혼자', '자바', '학습', '구성']"
54,2023,객체지향의 사실과 오해,56,"['객체', '지향', '걸음', '오해', '클래스']"
55,2023,오픈마켓 쇼핑몰 G마켓/옥션 쿠팡 네이버 스마트스토어 상세페이지 제작,57,"['페이지', '제작', '최신', '실습', '디자인']"
56,2023,자바 ORM 표준 JPA 프로그래밍,58,"['스프링', '실전', 'com', '활용', '개발']"
57,2023,혼자 공부하는 데이터 분석 with 파이썬,59,"['데이터', '입문자', '분석', '혼자', '베타']"
58,2023,인스파이어드,60,"['제품', '최고', '방식', '회사', '기업']"
59,2023,Android Studio를 활용한 안드로이드 프로그래밍,61,"['안드로이드', '프로그래밍', '개발', '대학', '필요']"
60,2023,업무와 일상을 정리하는 새로운 방법 노션(Notion),62,"['도구', '출간', '구성', '처음', '메모']"
61,2023,오토캐드 40시간 완성,63,"['오토캐드', '교재', '내용', '학습', '완성']"
62,2023,진짜 쓰는 일러스트레이터,64,"['레이', '러스트', '디자인', '도구', '보드']"
63,2023,"한 달 만에 블로그 일 방문자 수 1,000명 만들기",65,"['블로그', '마음', '파악', '알고리즘', '상위']"
64,2023,이기적 SQL 개발자 기출문제 500제(2023),66,"['시험', '문제', '수험', '도서', '핵심']"
65,2023,Node.js 교과서,67,"['노드', '서비스', '사용', '서버', '예제']"
66,2023,회사통 회사에서 바로 통하는 오토캐드 AutoCAD 2023,68,"['실무', '도면', '핵심', '초보자', '현장']"
67,2023,프로그래밍 대회에서 배우는 알고리즘 문제 해결 전략 세트,69,"['문제', '알고리즘', '해결', '프로그래밍', '답안']"
68,2023,개발자도 알아야할 소프트웨어 테스팅 실무,70,"['스팅', '상호', '테스트', '연관', '체계']"
69,2023,윤성우의 열혈 C++ 프로그래밍,71,"['설명', '프로그래밍', '초보자', '예제', '언어']"
70,2023,모두의 구글 애널리틱스4,72,"['분석', '데이터', '구글', '인사이트', '설명']"
71,2023,해외구매대행으로 평생 돈벌기,73,"['비즈니스', '대행', '공간', '해외', '필요']"
72,2023,교사와 학생을 위한 챗GPT 완벽 가이드,74,"['활용', '학습', '교육', '방법', '사례']"
73,2023,컴퓨터구조론,75,"['컴퓨터', '이해', '원리', '성능', '개발']"
74,2023,맛있는 디자인 포토샵 CC 2023,76,"['실무', '학습', '기능', '실습', '디자인']"
75,2023,초연결 사회를 위한 컴퓨터 개론,77,"['컴퓨터', '산업', '혁명', '이야기', '대학교']"
76,2023,챗GPT와 기획 분석 보고,78,"['분석', '보고', '기획', '목표', '도출']"
77,2023,맛있는 디자인 프리미어 프로&애프터 이펙트 CC 2023,79,"['학습', '기능', '프리미어', '애프터', '프로']"
78,2023,Do it! 알고리즘 코딩 테스트 C++ 편,80,"['테스트', '문제', '알고리즘', '유형', '준비']"
79,2023,제품의 탄생,81,"['프로', '관리', '기업', '기획', '구체']"
80,2023,데이터로 말한다! 퍼포먼스 마케팅,82,"['마케팅', '퍼포먼스', '저자', '대세', '시대']"
81,2023,2023 시나공 기출문제집 컴퓨터활용능력 1급 실기,83,"['유형', '학습', '부분', '수록', '체크']"
82,2023,코딩 자율학습 HTML + CSS + 자바스크립트,84,"['초보자', '개발', '내용', '실무', '이해']"
83,2023,모두의 딥러닝,85,"['설명', '학습', '최신', '제공', '연구']"
84,2023,만들면서 배우는 파이썬과 40개의 작품들,86,"['프로그램', '파이썬', '기초', '구성', '문법']"
85,2023,C 언어 for Beginner,87,"['프로그래밍', '연습', '문제', '언어', '예제']"
86,2023,혼자 공부하는 C 언어,88,"['입문자', '혼자', '학습', '과외', '리더']"
87,2023,우분투 리눅스,89,"['리눅스', '서버', '기본', '예제', '개발']"
88,2023,Do it! 알고리즘 코딩 테스트: 자바 편,90,"['문제', '테스트', '알고리즘', '유형', '공부']"
89,2023,초등학생을 위한 파워포인트 무작정 따라하기,91,"['파워', '포인트', '수행평가', '발표', '기능']"
90,2023,누구나 쉽게 즐기는 C언어 콘서트(누구나 쉽게 즐기는),92,"['언어', '프로그래밍', '친숙', '컴퓨터', '제공']"
91,2023,문제로 배우는 소프트웨어 테스팅 2,93,"['문제', '특징', '독자', '출제', '국제']"
92,2023,난생처음 컴퓨팅 사고 with 파이썬,94,"['컴퓨팅', '실력', '사고', '문제', '파이썬']"
93,2023,마우스로 잡는 SPSS 26.0,95,"['내용', '기초', '학습', '전반', '이론서']"
94,2023,된다! 7일 실무 엑셀,96,"['엑셀', '강좌', '함수', '실무', '테이블']"
95,2023,밑바닥부터 시작하는 딥러닝 2,97,"['신경망', '처리', '자연어', '순환', '전편']"
96,2023,데이터아키텍처 자격검정 실전문제,98,"['데이터', '자격', '검정', '문제', '실전']"
97,2023,Do it! 쉽게 배우는 파이썬 데이터 분석,99,"['데이터', '분석', '파이썬', '프로젝트', '통계']"
98,2023,돈이 들어오는 무재고 위탁판매 쇼핑몰,100,"['판매', '위탁', '제품', '부업', '재고']"
99,2023,헤드 퍼스트 디자인 패턴,101,"['패턴', '디자인', '지향', '이야기', '객체']"
100,2023,파이썬 for Beginner,102,"['예제', '파이썬', '프로그래밍', '설명', '개념']"
101,2023,된다! 김메주의 유튜브 영상 만들기,103,"['채널', '영상', '유튜브', '구독자', '기획']"
102,2023,Real MySQL 8.0 (1권),104,"['활용', '필요', '기능', '데이터', '경험']"
103,2023,C로 배우는 쉬운 자료구조,105,"['자료', '문제', '구조', '방법', '응용']"
104,2023,Java의 정석,106,"['자바', '기능', '기초', '실전', '최신']"
105,2023,그림과 작동 원리로 쉽게 이해하는 AWS 구조와 서비스,107,"['서비스', '클라우드', '설명', '이해', '기능']"
106,2023,C언어 Express,108,"['문제', '프로그래밍', '추가', '언어', '그림']"
107,2023,컴퓨팅사고와 인공지능 리터러시,109,"['컴퓨팅', '컴퓨터', '해결', '인터넷', '자료']"
108,2023,트랜스포머를 활용한 자연어 처리,110,"['트랜스포머', '자연어', '방법', '라이브러리', '처리']"
109,2023,혼자 공부하는 R 데이터 분석,111,"['데이터', '입문자', '분석', '혼자', '학습']"
110,2023,쉽게 배우는 소프트웨어 공학,112,"['공학', '소프트웨어', '문제', '핵심', '연습']"
111,2023,포토샵&일러스트레이터 CC 2023 무작정 따라하기,113,"['기능', '러스트', '실속', '예제', '구성']"
112,2023,"회사 실무에 힘을 주는 한글 2022(2010, 2014, 2016(NEO), 2018, 2020 모든 버전 활용 가능)",114,"['기능', '파일', '한글', '필요', '설명']"
113,2023,이것이 자바다,115,"['자바', '개정판', '내용', '버전', '바다']"
114,2023,웹소설 써서 먹고삽니다,116,"['작가', '실전', '소설', '생활', '반복']"
115,2023,따라하며 배우는 파이썬과 데이터 과학,117,"['파이썬', '언어', '독자', '프로그래밍', '데이터']"
116,2023,리액트를 다루는 기술,118,"['함수', '업그레이드', '버전', '개정판', '사용']"
117,2023,4차 산업혁명 시대의 이산수학,119,"['이산수학', '개념', '응용', '이산', '공학']"
118,2023,이펙티브 자바,120,"['자바', '라이브러리', '인터페이스', '포함', '언어']"
119,2023,Java의 정석,106,"['자바', '기능', '기초', '실전', '최신']"
120,2023,그림과 작동 원리로 쉽게 이해하는 AWS 구조와 서비스,107,"['서비스', '클라우드', '설명', '이해', '기능']"
121,2023,C언어 Express,108,"['문제', '프로그래밍', '추가', '언어', '그림']"
122,2023,컴퓨팅사고와 인공지능 리터러시,109,"['컴퓨팅', '컴퓨터', '해결', '인터넷', '자료']"
123,2023,트랜스포머를 활용한 자연어 처리,110,"['트랜스포머', '자연어', '방법', '라이브러리', '처리']"
124,2023,혼자 공부하는 R 데이터 분석,111,"['데이터', '입문자', '분석', '혼자', '학습']"
125,2023,쉽게 배우는 소프트웨어 공학,112,"['공학', '소프트웨어', '문제', '핵심', '연습']"
126,2023,포토샵&일러스트레이터 CC 2023 무작정 따라하기,113,"['기능', '러스트', '실속', '예제', '구성']"
127,2023,"회사 실무에 힘을 주는 한글 2022(2010, 2014, 2016(NEO), 2018, 2020 모든 버전 활용 가능)",114,"['기능', '파일', '한글', '필요', '설명']"
128,2023,이것이 자바다,115,"['자바', '개정판', '내용', '버전', '바다']"
129,2023,웹소설 써서 먹고삽니다,116,"['작가', '실전', '소설', '생활', '반복']"
130,2023,따라하며 배우는 파이썬과 데이터 과학,117,"['파이썬', '언어', '독자', '프로그래밍', '데이터']"
131,2023,리액트를 다루는 기술,118,"['함수', '업그레이드', '버전', '개정판', '사용']"
132,2023,4차 산업혁명 시대의 이산수학,119,"['이산수학', '개념', '응용', '이산', '공학']"
133,2023,이펙티브 자바,120,"['자바', '라이브러리', '인터페이스', '포함', '언어']"
134,2023,진짜 쓰는 실무 엑셀,2,"['엑셀', '실무', '기능', '자료', '개선']"
135,2023,Do it! 점프 투 파이썬,5,"['파이썬', '프로그래밍', '직장인', '중고등학생', '개정판']"
136,2023,비전공자를 위한 이해할 수 있는 IT 지식,7,"['이야기', '이해', '시대', '지식', '계속']"
137,2023,혼자 공부하는 머신러닝+딥러닝,6,"['입문자', '학습', '머신', '러닝', '개념']"
138,2022,맛있는 디자인 포토샵&일러스트레이터 CC(2022),6,"['학습', '기능', '러스트', '레이', '실무']"
139,2023,Clean Code(클린 코드),13,"['코드', '소프트웨어', '클린', '장인', '가치']"
140,2023,비전공자도 이해할 수 있는 AI 지식,46,"['인공지능', '기술', '이해', '저자', '사람']"
141,2022,쉽게 풀어쓴 C언어 Express,9,"['언어', '실습', '입문자', '프로그래밍', '개념']"
142,2023,혼자 공부하는 파이썬,4,"['입문자', '혼자', '학습', '파이썬', '내용']"
143,2023,퇴근 후 스마트스토어로 투잡하기,15,"['시간', '사람', '스마트', '저자', '상품']"
144,2022,2022 이기적 빅데이터분석기사 필기 기본서,12,"['시험', '출제', '기준', '분석', '모의']"
145,2022,네이버 블로그로 돈 벌기,13,"['블로그', '수익', '네이버', '전략', '운영']"
146,2023,윤성우의 열혈 C 프로그래밍,26,"['내용', '언어', '기본', '중간', '구성']"
147,2023,Do it! HTML+CSS+자바스크립트 웹 표준의 정석,39,"['분야', '표준', '자바스크립트', '최신', '이유']"
148,2023,진짜 하루만에 끝내는 이모티콘,22,"['이모티콘', '작가', '방법', '승인', '제작']"
149,2022,1일 1로그 100일 완성 IT 지식,17,"['디지털', '지식', '시스템', '구조', '데이터']"
150,2023,실무에 바로 쓰는 일잘러의 보고서 작성법,17,"['문서', '보고서', '방법', '파악', '커뮤니케이션']"
151,2023,네이버쇼핑 스마트스토어로 상위노출 하라,19,"['노출', '상위', '네이버', '쇼핑', '스토어']"
152,2023,혼자 공부하는 C 언어,88,"['입문자', '혼자', '학습', '과외', '리더']"
153,2023,혼자 공부하는 파이썬,4,"['입문자', '파이썬', '반영', '학습', '혼자']"
154,2023,회사에서 바로 통하는 실무 엑셀 파워포인트 워드한글,9,"['실무', '엑셀', '문서', '포인트', '워드']"
155,2023,이것이 취업을 위한 코딩 테스트다 with 파이썬,34,"['문제', '알고리즘', '테스트', '설명', '라인']"
156,2022,빅데이터 커리어 가이드북,24,"['데이터', '전문가', '취업', '직업', '지식']"
157,2023,모던 자바스크립트 Deep Dive,50,"['자바스크립트', '동작', '언어', '원리', '설명']"
158,2023,면접을 위한 CS 전공지식 노트,14,"['면접', '지식', '패턴', '개발자', '디자인']"
159,2023,만들면서 배우는 파이썬과 40개의 작품들,86,"['프로그램', '파이썬', '기초', '구성', '문법']"
160,2022,회사에서 바로 통하는 실무 엑셀+파워포인트+워드&한글,28,"['실무', '한글', '엑셀', '워드', '기능']"
161,2022,2022 유선배 SQL개발자(SQLD) 과외노트,29,"['문제', '이론', '해설', '출제', '강의']"
162,2022,포토샵&일러스트레이터 CC 2022 무작정 따라하기,30,"['학습', '기능', '작업', '신기능', '레이']"
163,2023,C언어로 쉽게 풀어 쓴 자료구조,23,"['구조', '자료', '포인터', '입문자', '예제']"
164,2022,유튜브 영상 편집을 위한 프리미어 프로,32,"['영상', '강의', '저자', '복습', '부족']"
165,2023,파이썬 for Beginner,102,"['예제', '파이썬', '프로그래밍', '설명', '개념']"
166,2023,데이터베이스 개론,49,"['데이터베이스', '기술', '문제', '데이터', '최신']"
167,2023,밑바닥부터 시작하는 딥러닝,37,"['설명', '코드', '실험', '소스', '생각']"
168,2023,명품 JAVA Programming,16,"['자바', '모듈', '문제', '개념', '부분']"
169,2022,내가 만들어 누구나 사용하는 카카오톡 이모티콘 만들기,37,"['이모티콘', '소코', '사용', '시작', '즐거움']"
170,2022,ADP 필기 올패키지 데이터 분석 전문가,38,"['문제', '데이터', '분석', '내용', '자격증']"
171,2022,클린 아키텍처: 소프트웨어 구조와 설계의 원칙,39,"['소프트웨어', '저자', '원칙', '클린', '보편']"
172,2023,명품 C++ Programming,25,"['소프트웨어', '언어', '필요', '프로그램', '응용']"
173,2022,이펙티브 자바 3/E,41,"['자바', '라이브러리', '인터페이스', '포함', '언어']"
174,2023,된다! 김메주의 유튜브 영상 만들기,103,"['채널', '영상', '유튜브', '구독자', '기획']"
175,2023,윤성우의 열혈 C++ 프로그래밍,71,"['설명', '프로그래밍', '초보자', '예제', '언어']"
176,2022,리팩터링,44,"['코드', '방법', '기존', '관리', '이해']"
177,2023,리액트를 다루는 기술,118,"['함수', '업그레이드', '버전', '개정판', '사용']"
178,2022,쉽게 배우는 운영체제,46,"['개념', '운영', '강의', '체제', '사례']"
179,2022,핸즈온 머신러닝,47,"['플로', '머신', '러닝', '분야', '구축']"
180,2023,명품 HTML5+CSS3+Javascript 웹 프로그래밍,51,"['html5', '언어', '기술', '스크립트', '애플리케이션']"
181,2022,구글 엔지니어는 이렇게 일한다,49,"['소프트웨어', '엔지니어링', '방법', '구글', '관리']"
182,2022,파이썬 알고리즘 인터뷰,50,"['풀이', '문제', '알고리즘', '테스트', '개발자']"
183,2023,개발자를 위한 SQL 튜닝 입문서 친절한 SQL 튜닝,24,"['성능', '개발자', '친절', '오라클', '설명']"
184,2022,2022 이기적 리눅스마스터 2급 기본서,52,"['리눅스', '내용', '마스터', '공부', '이론']"
185,2022,유니티 교과서,53,"['유니티', '게임', '3d', '학습', '스크립트']"
186,2023,SQL 전문가 가이드,38,"['데이터베이스', '모델링', '가이드', '데이터', '성능']"
187,2023,된다! 7일 실무 엑셀,96,"['엑셀', '강좌', '함수', '실무', '테이블']"
188,2023,자바 ORM 표준 JPA 프로그래밍,58,"['스프링', '실전', 'com', '활용', '개발']"
189,2023,두근두근 파이썬,21,"['독자', '흥미', '문제', '이해', '프로그래밍']"
190,2023,Android Studio를 활용한 안드로이드 프로그래밍,61,"['안드로이드', '프로그래밍', '개발', '대학', '필요']"
191,2022,Java의 정석: 기초편 세트,59,"['학생', '사람', '검증', '교육', '현장']"
192,2022,맛있는 디자인 포토샵 CC 2022,60,"['실무', '학습', '기능', '실습', '디자인']"
193,2023,혼자 공부하는 자바,55,"['입문자', '혼자', '자바', '학습', '구성']"
194,2023,혼자 해도 프로 작가처럼 잘 그리는 아이패드 드로잉 with 프로크리에이트,45,"['드로잉', '고래', '그림', '아이패드', '시작']"
195,2022,스프링 부트와 AWS로 혼자 구현하는 웹 서비스,63,"['스프링', '서비스', '경험', '집중', '회사']"
196,2023,개발자도 알아야할 소프트웨어 테스팅 실무,70,"['스팅', '상호', '테스트', '연관', '체계']"
197,2023,Java의 정석,106,"['자바', '기능', '기초', '실전', '최신']"
198,2023,회사는 엑셀을 가르쳐주지 않아요,3,"['엑셀', '필요', '종이', '실무', '인턴십']"
199,2023,해외구매대행으로 평생 돈벌기,73,"['비즈니스', '대행', '공간', '해외', '필요']"
200,2022,무조건 돈 버는 카카오 이모티콘 만들기,68,"['이모티콘', '작가', '나무', '승인', '출시']"
201,2022,UX/UI 디자이너를 위한 실무 피그마,69,"['디자인', '전달', '실무', '개발', '도움']"
202,2023,누구나 쉽게 즐기는 C언어 콘서트(누구나 쉽게 즐기는),92,"['언어', '프로그래밍', '친숙', '컴퓨터', '제공']"
203,2023,직장인을 위한 실무 엑셀,10,"['기능', '엑셀', '실무', '업무', '기본']"
204,2022,파이썬 머신러닝 완벽 가이드,72,"['머신', '러닝', '실습', '최신', '데이터']"
205,2022,컨테이너 인프라 환경 구축을 위한 쿠버네티스/도커,73,"['컨테이너', '환경', '인프라', '티스', '운영']"
206,2022,현업 기획자 도그냥이 알려주는 서비스 기획 스쿨,74,"['서비스', '기획', '기획자', '리얼', '브런치']"
207,2023,레트로의 유니티 게임 프로그래밍 에센스,52,"['게임', '유니티', '내용', '개정판', '추가']"
208,2023,혼자 공부하는 자바,55,"['입문자', '혼자', '자바', '학습', '구성']"
209,2023,혼자 해도 프로 작가처럼 잘 그리는 아이패드 드로잉 with 프로크리에이트,45,"['드로잉', '고래', '그림', '아이패드', '시작']"
210,2022,스프링 부트와 AWS로 혼자 구현하는 웹 서비스,63,"['스프링', '서비스', '경험', '집중', '회사']"
211,2023,개발자도 알아야할 소프트웨어 테스팅 실무,70,"['스팅', '상호', '테스트', '연관', '체계']"
212,2023,Java의 정석,106,"['자바', '기능', '기초', '실전', '최신']"
213,2023,회사는 엑셀을 가르쳐주지 않아요,3,"['엑셀', '필요', '종이', '실무', '인턴십']"
214,2023,해외구매대행으로 평생 돈벌기,73,"['비즈니스', '대행', '공간', '해외', '필요']"
215,2022,무조건 돈 버는 카카오 이모티콘 만들기,68,"['이모티콘', '작가', '나무', '승인', '출시']"
216,2022,UX/UI 디자이너를 위한 실무 피그마,69,"['디자인', '전달', '실무', '개발', '도움']"
217,2023,누구나 쉽게 즐기는 C언어 콘서트(누구나 쉽게 즐기는),92,"['언어', '프로그래밍', '친숙', '컴퓨터', '제공']"
218,2023,직장인을 위한 실무 엑셀,10,"['기능', '엑셀', '실무', '업무', '기본']"
219,2022,파이썬 머신러닝 완벽 가이드,72,"['머신', '러닝', '실습', '최신', '데이터']"
220,2022,컨테이너 인프라 환경 구축을 위한 쿠버네티스/도커,73,"['컨테이너', '환경', '인프라', '티스', '운영']"
221,2022,현업 기획자 도그냥이 알려주는 서비스 기획 스쿨,74,"['서비스', '기획', '기획자', '리얼', '브런치']"
222,2023,레트로의 유니티 게임 프로그래밍 에센스,52,"['게임', '유니티', '내용', '개정판', '추가']"
223,2023,운영체제,54,"['운영', '체제', '전반', '내용', '기초']"
224,2022,이펙티브 코틀린,92,"['코틀린', '코드', '기능', '사용', '아이템']"
225,2022,쉽게 배우는 알고리즘,93,"['알고리즘', '사고', '기반', '훈련', '생각']"
226,2023,미래를 바꾼 아홉 가지 알고리즘,47,"['가지', '아이디어', '알고리즘', '컴퓨터', '설명']"
227,2022,데이터 중심 애플리케이션 설계,95,"['데이터', '처리', '문제', '애플리케이션', '소프트웨어']"
228,2023,객체지향의 사실과 오해,56,"['객체', '지향', '걸음', '오해', '클래스']"
229,2022,혼자 공부하는 얄팍한 코딩 지식,97,"['개발자', '입문자', '용어', '지식', '개발']"
230,2023,헤드 퍼스트 디자인 패턴,101,"['패턴', '디자인', '지향', '이야기', '객체']"
231,2022,고객을 끌어오는 구글 애널리틱스4,99,"['데이터', '구글', '실습', '사용자', '사이트']"
232,2022,실용주의 프로그래머(20주년 기념판),100,"['소프트웨어', '프로그래머', '실용주의', '전문가', '사람']"
233,2022,맛있는 디자인 프리미어 프로&애프터 이펙트 CC 2022,101,"['학습', '프로', '애프터', '프리미어', '영상']"
234,2023,초연결 사회를 위한 컴퓨터 개론,77,"['컴퓨터', '산업', '혁명', '이야기', '대학교']"
235,2022,컴퓨팅 사고력을 키우는 이산수학,103,"['이산수학', '예제', '설명', '이해', '독자']"
236,2022,된다! 네이버 블로그&포스트,104,"['블로그', '사람', '노출', '검색', '네이버']"
237,2022,그림으로 공부하는 IT 인프라 구조,105,"['그림', '내용', '인프라', '이해', '설명']"
238,2022,그림으로 이해하는 AWS 구조와 기술,106,"['서비스', '사용', '이해', '구조', '기능']"
239,2023,Node.js 교과서,67,"['노드', '서버', '서비스', '설명', '실무']"
240,2022,DVD와 함께하는 애니메이션 캐릭터 작화 기술,108,"['방법', '캐릭터', '사람', '애니메이션', '그림']"
241,2022,명품 자바 에센셜,109,"['자바', '프로그래밍', '학생', '전공', '기초']"
242,2023,오토캐드 40시간 완성,63,"['오토캐드', '교재', '내용', '학습', '완성']"
243,2023,된다! 네이버 블로그 상위 노출,43,"['블로그', '네이버', '노출', '사람', '분석']"
244,2022,데이터통신과 네트워킹,112,"['ip', '프로토콜', '네트', '워킹', '통신']"
245,2022,로블록스 게임 제작 무작정 따라하기,113,"['로브', '록스', '게임', '제작', '아이']"
246,2022,HTML5 웹 프로그래밍 입문,114,"['예제', '제작', '표준', '페이지', '프로젝트']"
247,2022,프로그래머의 뇌,115,"['인지과학', '개발자', '코드', '선법', '베이스']"
248,2022,한 권으로 읽는 컴퓨터 구조와 프로그래밍,116,"['컴퓨터', '개발자', '프로그래밍', '컴퓨터공학', '시작']"
249,2022,인공지능 시대의 컴퓨터 개론,117,"['컴퓨터', '분야', '수록', '발전', '개발']"
250,2023,인스파이어드,60,"['제품', '최고', '방식', '회사', '기업']"
251,2022,Do it! 안드로이드 앱 프로그래밍,119,"['안드로이드', '버전', '스튜디오', '개정', '반영']"
252,2022,C# 프로그래밍(2판),120,"['프로그래밍', '지향', '객체', '개발', 'net']"
253,2022,그림으로 이해하는 AWS 구조와 기술,106,"['서비스', '사용', '이해', '구조', '기능']"
254,2023,Node.js 교과서,67,"['노드', '서버', '서비스', '설명', '실무']"
255,2022,DVD와 함께하는 애니메이션 캐릭터 작화 기술,108,"['방법', '캐릭터', '사람', '애니메이션', '그림']"
256,2022,명품 자바 에센셜,109,"['자바', '프로그래밍', '학생', '전공', '기초']"
257,2023,오토캐드 40시간 완성,63,"['오토캐드', '교재', '내용', '학습', '완성']"
258,2023,된다! 네이버 블로그 상위 노출,43,"['블로그', '네이버', '노출', '사람', '분석']"
259,2022,데이터통신과 네트워킹,112,"['ip', '프로토콜', '네트', '워킹', '통신']"
260,2022,로블록스 게임 제작 무작정 따라하기,113,"['로브', '록스', '게임', '제작', '아이']"
261,2022,HTML5 웹 프로그래밍 입문,114,"['예제', '제작', '표준', '페이지', '프로젝트']"
262,2022,프로그래머의 뇌,115,"['인지과학', '개발자', '코드', '선법', '베이스']"
263,2022,한 권으로 읽는 컴퓨터 구조와 프로그래밍,116,"['컴퓨터', '개발자', '프로그래밍', '컴퓨터공학', '시작']"
264,2022,인공지능 시대의 컴퓨터 개론,117,"['컴퓨터', '분야', '수록', '발전', '개발']"
265,2023,인스파이어드,60,"['제품', '최고', '방식', '회사', '기업']"
266,2022,Do it! 안드로이드 앱 프로그래밍,119,"['안드로이드', '버전', '스튜디오', '개정', '반영']"
267,2022,C# 프로그래밍(2판),120,"['프로그래밍', '지향', '객체', '개발', 'net']"
268,2023,Do it! 점프 투 파이썬,5,"['파이썬', '프로그래밍', '직장인', '중고등학생', '개정판']"
269,2023,C언어 Express,108,"['언어', '실습', '입문자', '프로그래밍', '개념']"
270,2023,혼자 공부하는 파이썬,4,"['입문자', '파이썬', '반영', '학습', '혼자']"
271,2022,회사에서 바로 통하는 실무 엑셀+파워포인트+워드&한글,28,"['실무', '한글', '엑셀', '워드', '기능']"
272,2023,비전공자를 위한 이해할 수 있는 IT 지식,7,"['이야기', '이해', '시대', '지식', '계속']"
273,2023,직장인을 위한 실무 엑셀,10,"['기능', '엑셀', '실무', '업무', '기본']"
274,2023,이것이 취업을 위한 코딩 테스트다 with 파이썬,34,"['문제', '알고리즘', '테스트', '설명', '라인']"
275,2021,HTML5 + CSS3 + Javascript 웹 프로그래밍,9,"['html5', '자바스크립트', '태그', '지식', '프로그램']"
276,2022,유튜브 영상 편집을 위한 프리미어 프로,32,"['영상', '강의', '저자', '복습', '부족']"
277,2021,C++ Programming,11,"['소프트웨어', '언어', '필요', '프로그램', '응용']"
278,2023,혼자 공부하는 머신러닝+딥러닝,6,"['입문자', '학습', '머신', '러닝', '개념']"
279,2023,윤성우의 열혈 C 프로그래밍,26,"['내용', '언어', '기본', '중간', '구성']"
280,2023,Clean Code(클린 코드),13,"['코드', '소프트웨어', '클린', '장인', '가치']"
281,2021,디지털 논리회로,15,"['논리', '디지털', '회로', '방법', '정보통신']"
282,2021,안드로이드 프로그래밍,16,"['안드로이드', '프로그래밍', '실습', '개발', '환경']"
283,2021,SQL 전문가 가이드(2020),17,"['데이터베이스', '모델링', '가이드', '데이터', '성능']"
284,2021,포토샵&일러스트레이터 CC 2021,18,"['학습', '기능', '러스트', '실습', '레이']"
285,2021,카카오톡 이모티콘 만들기,19,"['이모티콘', '소코', '사용', '시작', '즐거움']"
286,2021,네이버 스마트스토어 시작하기,20,"['스토어', '스마트', '운영', '초보', '네이버']"
287,2023,Do it! HTML+CSS+자바스크립트 웹 표준의 정석,39,"['분야', '표준', '자바스크립트', '최신', '이유']"
288,2021,빅데이터분석기사 필기 기본서,22,"['시험', '필기', '출제', '시행', '이론']"
289,2021,C언어 콘서트,23,"['콘서트', '분야', '개념', '주제', '연습']"
290,2021,애니메이션 캐릭터 작화 기술,24,"['방법', '캐릭터', '사람', '애니메이션', '그림']"
291,2023,퇴근 후 스마트스토어로 투잡하기,15,"['시간', '사람', '스마트', '저자', '상품']"
292,2023,밑바닥부터 시작하는 딥러닝,37,"['설명', '코드', '실험', '소스', '생각']"
293,2023,명품 JAVA Programming,16,"['자바', '모듈', '문제', '개념', '부분']"
294,2021,파이썬 증권 데이터 분석,28,"['데이터', '투자', '과정', '자동', '매매']"
295,2021,"눈치껏 못 배웁니다, 일센스",29,"['엑셀', '업무', '효율', '센스', '회사']"
296,2023,파이썬 for Beginner,102,"['내용', '필요', '문제', '연습', '예제']"
297,2023,혼자 공부하는 C 언어,88,"['입문자', '혼자', '학습', '과외', '리더']"
298,2021,스크래치,32,"['문제', '컴퓨팅', '사고', '컴퓨터', '해결']"
299,2023,모던 자바스크립트 Deep Dive,50,"['자바스크립트', '동작', '언어', '원리', '설명']"
300,2023,진짜 하루만에 끝내는 이모티콘,22,"['이모티콘', '작가', '방법', '승인', '제작']"
301,2023,데이터베이스 개론,49,"['데이터베이스', '데이터', '개념', '관계', '시대']"
302,2023,실무에 바로 쓰는 일잘러의 보고서 작성법,17,"['문서', '보고서', '방법', '파악', '커뮤니케이션']"
303,2022,파이썬 알고리즘 인터뷰,50,"['풀이', '문제', '알고리즘', '테스트', '개발자']"
304,2023,네이버쇼핑 스마트스토어로 상위노출 하라,19,"['노출', '상위', '네이버', '쇼핑', '스토어']"
305,2023,된다! 김메주의 유튜브 영상 만들기,103,"['유튜브', '영상', '기술', '구독자', '가지']"
306,2023,운영체제,54,"['개념', '운영', '강의', '체제', '사례']"
307,2021,친절한 빛과 색,41,"['친절', '드로잉', '표현', '재질', '방법']"
308,2023,된다! 7일 실무 엑셀,96,"['엑셀', '강좌', '함수', '실무', '테이블']"
309,2022,핸즈온 머신러닝,47,"['플로', '머신', '러닝', '분야', '구축']"
310,2021,컴퓨팅 사고와 문제해결,44,"['문제', '컴퓨터', '컴퓨팅', '해결', '사고']"
311,2023,Java의 정석,106,"['자바', '기능', '기초', '실전', '최신']"
312,2022,이펙티브 자바 3/E,41,"['자바', '라이브러리', '인터페이스', '포함', '언어']"
313,2021,알고리즘 문제 해결 전략 세트,47,"['문제', '알고리즘', '해결', '프로그래밍', '답안']"
314,2022,파이썬 머신러닝 완벽 가이드,72,"['러닝', '머신', '설명', '파이썬', '데이터']"
315,2021,Do it! 쉽게 배우는 R 데이터 분석,49,"['데이터', '분석', '프로젝트', '프로그래밍', '혼자']"
316,2021,맛있는 디자인 프리미어 프로&애프터 이펙트 CC 2021,50,"['학습', '기능', '실습', '애프터', '프로']"
317,2021,포토샵&일러스트레이터 CC 2021 무작정 따라하기,51,"['학습', '기능', '신기능', '작업', '제공']"
318,2021,인공지능,52,"['실습', '인공지능', '분야', '파이썬', '개념']"
319,2023,두근두근 파이썬,21,"['독자', '흥미', '문제', '이해', '프로그래밍']"
320,2021,꼼꼼한 쇼피 셀러 가이드북,54,"['셀러', '싱가포르', '저자', '동남아시아', '글로벌']"
321,2022,스프링 부트와 AWS로 혼자 구현하는 웹 서비스,63,"['스프링', '서비스', '경험', '집중', '회사']"
322,2021,데이터 통신과 컴퓨터 네트워크,56,"['통신', '데이터', '구성', '부분', '컴퓨터']"
323,2021,"비트코인과 블록체인, 가상자산의 실체",57,"['블록체인', '가상', '자산', '정의', '개념']"
324,2021,파이썬 Express,58,"['프로그램', '파이썬', '모드', '프로그래밍', '수록']"
325,2021,CAPCOM 격투 캐릭터 만드는 법,59,"['파이터', '스트리트', '캐릭터', '자료', '공개']"
326,2021,Do it! C언어 입문,60,"['언어', '원리', '시작', '혼자', '사람']"
327,2021,3분 엑셀,61,"['엑셀', '3분', '누나', '강의', '기능']"
328,2023,윤성우의 열혈 C++ 프로그래밍,71,"['설명', '프로그래밍', '초보자', '예제', '언어']"
329,2023,혼자 공부하는 자바,55,"['입문자', '혼자', '자바', '학습', '구성']"
330,2023,웹소설 써서 먹고삽니다,116,"['작가', '실전', '소설', '생활', '반복']"
331,2021,C언어 콘서트(누구나 쉽게 즐기는),65,"['언어', '프로그래밍', '친숙', '컴퓨터', '제공']"
332,2022,된다! 네이버 블로그&포스트,104,"['블로그', '사람', '글쓰기', '네이버', '노출']"
333,2023,리액트를 다루는 기술,118,"['함수', '업그레이드', '버전', '개정판', '사용']"
334,2021,엑셀 2016,68,"['활용', '능력', '기능', '엑셀', '학습']"
335,2021,컴퓨팅 사고,69,"['대학', '소프트웨어', '교육', '분야', '전공']"
336,2021,친절한 컬러링,70,"['채색', '방법', '재질', '고려', '이해']"
337,2021,이것이 C# 이다,71,"['코드', '커뮤니티', '내용', '학습', '이론']"
338,2021,데이터아키텍처 전문가 가이드(2020),72,"['데이터', '자격', '가이드', '데이터베이스', '전문가']"
339,2021,으뜸 파이썬,73,"['파이썬', '문제', '제공', '내용', '교수']"
340,2022,된다! 네이버 블로그&포스트,104,"['블로그', '사람', '노출', '검색', '네이버']"
341,2021,어서와 파이썬은 처음이지!,75,"['계산', '물건', '파이썬', '처음', '향상']"
342,2021,데이터 분석 전문가 가이드(ADP)(ADsP),76,"['분석', '전문가', '데이터', '기술', '경험']"
343,2021,New AI와 컴퓨팅 사고력,77,"['문제', '이해', '학습', '개념', '인식']"
344,2021,마인크래프트 초보자 가이드,78,"['게임', '마인크래프트', '방법', '처음', '가지']"
345,2022,쉽게 배우는 알고리즘,93,"['알고리즘', '사고', '기반', '훈련', '생각']"
346,2021,Do it! 첫 코딩 with 파이썬,80,"['파이썬', '버전', '가지', '무료', '데이터']"
347,2023,Node.js 교과서,67,"['노드', '서버', '서비스', '설명', '실무']"
348,2021,리눅스마스터 2급 기본서(2021),82,"['문제', '마스터', '리눅스', '내용', '공부']"
349,2021,초간단 파워포인트,83,"['포인트', '파워', '디자인', '요리', '레시']"
350,2021,Do it! 자바 프로그래밍 입문,84,"['자바', '강의', '프로그래밍', '학습', '예제']"
351,2021,포토샵 CC 2021 무작정 따라하기,85,"['학습', '기능', '신기능', '작업', '제공']"
352,2021,"실전 보고서 작성 기술 with 파워포인트, 워드, 한글",86,"['보고서', '작성', '가독성', '노하우', '컨설턴트']"
353,2021,4차 산업혁명 시대의 정보통신 개론,87,"['정보통신', '산업', '혁명', '이론', '기술']"
354,2021,쉽게 배우는 자바 프로그래밍,88,"['프로그래밍', '기능', '지향', '자바', '문제']"
355,2021,프리미어 프로&애프터 이펙트 CC 2021 무작정 따라하기,89,"['애프터', '프로', '프리미어', '편집', '영상']"
356,2022,유니티 교과서,53,"['유니티', '게임', '3d', '학습', '스크립트']"
357,2021,그로스 해킹,91,"['서비스', '성장', '환경', '해킹', '로스']"
358,2021,엑셀 함수&수식 바이블,92,"['엑셀', '함수', '수식', '업무', '버전']"
359,2021,이산수학,93,"['이산수학', '설명', '예제', '정의', '응용력']"
360,2021,아이패드 프로크리에이트로 캐릭터 이모티콘 만들기,94,"['이모티콘', '작가', '우승', '라인', '스티커']"
361,2021,파이썬과 데이터 과학,95,"['파이썬', '언어', '독자', '프로그래밍', '데이터']"
362,2021,컴퓨터 활용과 실습 2016,96,"['컴퓨터', '활용', '문제', '예제', '구성']"
363,2021,파이썬 라이브러리를 활용한 머신러닝,97,"['머신', '러닝', '개발자', '이론', '핵심']"
364,2021,코딩 인터뷰 완전 분석,98,"['면접', '문제', '지원자', '소프트웨어', '준비']"
365,2021,회사에서 바로 통하는 엑셀 For Starters,99,"['엑셀', '기능', '핵심', '사람', '사용']"
366,2021,맛있는 디자인 포토샵 CC 2021,100,"['학습', '실무', '기능', '실습', '디자인']"
367,2021,밑바닥부터 시작하는 딥러닝. 2,101,"['신경망', '처리', '자연어', '순환', '전편']"
368,2022,명품 자바 에센셜,109,"['자바', '프로그래밍', '학생', '전공', '기초']"
369,2021,소프트웨어 테스팅 실무,103,"['스팅', '상호', '테스트', '연관', '체계']"
370,2022,현업 기획자 도그냥이 알려주는 서비스 기획 스쿨,74,"['서비스', '기획', '기획자', '리얼', '브런치']"
371,2022,유니티 교과서,53,"['유니티', '게임', '3d', '학습', '스크립트']"
372,2021,그로스 해킹,91,"['서비스', '성장', '환경', '해킹', '로스']"
373,2021,엑셀 함수&수식 바이블,92,"['엑셀', '함수', '수식', '업무', '버전']"
374,2021,이산수학,93,"['이산수학', '설명', '예제', '정의', '응용력']"
375,2021,아이패드 프로크리에이트로 캐릭터 이모티콘 만들기,94,"['이모티콘', '작가', '우승', '라인', '스티커']"
376,2021,파이썬과 데이터 과학,95,"['파이썬', '언어', '독자', '프로그래밍', '데이터']"
377,2021,컴퓨터 활용과 실습 2016,96,"['컴퓨터', '활용', '문제', '예제', '구성']"
378,2021,파이썬 라이브러리를 활용한 머신러닝,97,"['머신', '러닝', '개발자', '이론', '핵심']"
379,2021,코딩 인터뷰 완전 분석,98,"['면접', '문제', '지원자', '소프트웨어', '준비']"
380,2021,회사에서 바로 통하는 엑셀 For Starters,99,"['엑셀', '기능', '핵심', '사람', '사용']"
381,2021,맛있는 디자인 포토샵 CC 2021,100,"['학습', '실무', '기능', '실습', '디자인']"
382,2021,밑바닥부터 시작하는 딥러닝. 2,101,"['신경망', '처리', '자연어', '순환', '전편']"
383,2022,명품 자바 에센셜,109,"['자바', '프로그래밍', '학생', '전공', '기초']"
384,2021,소프트웨어 테스팅 실무,103,"['스팅', '상호', '테스트', '연관', '체계']"
385,2022,현업 기획자 도그냥이 알려주는 서비스 기획 스쿨,74,"['서비스', '기획', '기획자', '리얼', '브런치']"
386,2021,"일잘러의 비밀, 구글 스프레드시트 제대로 파헤치기",120,"['구글', '스프레드시트', '엑셀', '작업', '사용']"
387,2021,엑셀 이렇게 하지마라!,121,"['업무', '엑셀', '잔소리', '습관', '제시']"
388,2022,한 권으로 읽는 컴퓨터 구조와 프로그래밍,116,"['컴퓨터', '개발자', '프로그래밍', '컴퓨터공학', '시작']"
389,2021,네이버 블로그&포스트 만들기,123,"['블로그', '검색', '네이버', '마케팅', '방법']"
390,2023,난생처음 컴퓨팅 사고 with 파이썬,94,"['컴퓨팅', '실력', '사고', '문제', '파이썬']"
391,2021,컴퓨터 왕기초,125,"['구성', '글씨', '실력', '기초', '그림']"
392,2021,시작하세요! 도커/쿠버네티스,126,"['방법', '티스', '사용', '컨테이너', '포즈']"
393,2021,업무와 일상을 정리하는 새로운 방법 노션 Notion,127,"['업무', '관리', '도구', '구글', '서비스']"
394,2021,블록체인 무엇인가?,128,"['블록체인', '설명', '개념', '원리', '이해']"
395,2023,자바 ORM 표준 JPA 프로그래밍,58,"['스프링', '실전', 'com', '활용', '개발']"
396,2021,Do it! 첫 코딩 with 자바,130,"['무료', '가지', '그림', '최초', '비유']"
397,2023,객체지향의 사실과 오해,56,"['객체', '지향', '걸음', '오해', '클래스']"
398,2022,그림으로 공부하는 IT 인프라 구조,105,"['그림', '내용', '인프라', '이해', '설명']"
399,2021,손가락 하나 까딱하지 않는 주식 거래 시스템 구축,134,"['주식', '시간', '구축', '분석', '자동']"
400,2022,쉽게 풀어쓴 C언어 Express,9,"['언어', '실습', '입문자', '프로그래밍', '개념']"
401,2023,명품 JAVA Programming,16,"['자바', '모듈', '문제', '개념', '부분']"
402,2023,혼자 공부하는 파이썬,4,"['입문자', '파이썬', '반영', '학습', '혼자']"
403,2023,두근두근 파이썬,21,"['독자', '흥미', '문제', '이해', '프로그래밍']"
404,2023,Do it! 점프 투 파이썬,5,"['파이썬', '프로그래밍', '직장인', '중고등학생', '개정판']"
405,2021,C언어 콘서트,23,"['콘서트', '분야', '개념', '주제', '연습']"
406,2022,유튜브 영상 편집을 위한 프리미어 프로,32,"['영상', '강의', '저자', '복습', '부족']"
407,2023,명품 HTML5+CSS3+Javascript 웹 프로그래밍,51,"['html5', '자바스크립트', '태그', '지식', '프로그램']"
408,2023,직장인을 위한 실무 엑셀,10,"['기능', '엑셀', '실무', '업무', '기본']"
409,2023,명품 C++ Programming,25,"['소프트웨어', '언어', '필요', '프로그램', '응용']"
410,2023,윤성우의 열혈 C 프로그래밍,26,"['내용', '언어', '기본', '중간', '구성']"
411,2020,회사에서 바로 통하는 실무 엑셀+파워포인트+워드&한글 (모든 버전 사용 가능),12,"['실무', '한글', '엑셀', '워드', '기능']"
412,2023,비전공자를 위한 이해할 수 있는 IT 지식,7,"['이야기', '이해', '시대', '지식', '계속']"
413,2023,파이썬 for Beginner,102,"['내용', '필요', '문제', '연습', '예제']"
414,2023,된다! 김메주의 유튜브 영상 만들기,103,"['유튜브', '영상', '기술', '구독자', '가지']"
415,2020,맛있는 디자인 포토샵 & 일러스트레이터 CC 2020,17,"['기능', '학습', '실습', '실무', '단계']"
416,2022,명품 자바 에센셜,109,"['자바', '프로그래밍', '학생', '전공', '기초']"
417,2020,밑바닥부터 시작하는 딥러닝 1,20,"['설명', '코드', '실험', '소스', '생각']"
418,2023,네이버쇼핑 스마트스토어로 상위노출 하라,19,"['노출', '상위', '네이버', '쇼핑', '스토어']"
419,2020,된다! 네이버 블로그 & 포스트,22,"['블로그', '사람', '글쓰기', '네이버', '노출']"
420,2020,월드 오브 사이버펑크 2077,23,"['게임', '사이버펑크', '나이트', '내용', '시티']"
421,2020,4차 산업혁명 시대의 정보통신개론,24,"['정보통신', '산업', '혁명', '이론', '기술']"
422,2023,된다! 7일 실무 엑셀,96,"['엑셀', '강좌', '함수', '실무', '테이블']"
423,2020,비됴클래스 하?의 유튜브 동영상 편집 with 프리미어 프로,27,"['편집', '영상', '프리미어', '프로', '유튜브']"
424,2023,데이터베이스 개론,49,"['데이터베이스', '데이터', '개념', '관계', '시대']"
425,2022,핸즈온 머신러닝,47,"['플로', '머신', '러닝', '분야', '구축']"
426,2020,맛있는 디자인 프리미어 프로&애프터 이펙트 CC 2020,30,"['편집', '영상', '기능', '버전', '한번']"
427,2023,혼자 공부하는 C 언어,88,"['입문자', '혼자', '학습', '과외', '리더']"
428,2020,돈이 된다! 스마트스토어,32,"['창업', '강의', '쇼핑몰', '카페', '네이버']"
429,2021,알고리즘 문제 해결 전략 세트,47,"['문제', '알고리즘', '해결', '프로그래밍', '답안']"
430,2023,이것이 취업을 위한 코딩 테스트다 with 파이썬,34,"['문제', '알고리즘', '테스트', '설명', '라인']"
431,2020,회사에서 바로 통하는 엑셀 FOR STARTERS,35,"['엑셀', '기능', '핵심', '사람', '사용']"
432,2023,Android Studio를 활용한 안드로이드 프로그래밍,61,"['안드로이드', '환경', '버전', '실습', '구축']"
433,2020,Clean Code 클린 코드,37,"['코드', '소프트웨어', '클린', '장인', '가치']"
434,2020,"데이터 분석 전문가 가이드 (ADP, ADsP)",38,"['분석', '전문가', '데이터', '기술', '경험']"
435,2021,컴퓨터 활용과 실습 2016,96,"['컴퓨터', '활용', '문제', '예제', '구성']"
436,2022,파이썬 머신러닝 완벽 가이드,72,"['러닝', '머신', '설명', '파이썬', '데이터']"
437,2023,혼자 공부하는 자바,55,"['입문자', '혼자', '자바', '학습', '구성']"
438,2021,Do it! 쉽게 배우는 R 데이터 분석,49,"['데이터', '분석', '프로젝트', '프로그래밍', '혼자']"
439,2020,윈도우10 + 엑셀 & 파워포인트 & 워드 2019 + 한글 무작정 따라하기,44,"['핵심', '기능', '버전', '오피스', '실무']"
440,2021,으뜸 파이썬,73,"['파이썬', '문제', '제공', '내용', '교수']"
441,2023,혼자 공부하는 C 언어,88,"['입문자', '혼자', '학습', '과외', '리더']"
442,2020,돈이 된다! 스마트스토어,32,"['창업', '강의', '쇼핑몰', '카페', '네이버']"
443,2021,알고리즘 문제 해결 전략 세트,47,"['문제', '알고리즘', '해결', '프로그래밍', '답안']"
444,2023,이것이 취업을 위한 코딩 테스트다 with 파이썬,34,"['문제', '알고리즘', '테스트', '설명', '라인']"
445,2020,회사에서 바로 통하는 엑셀 FOR STARTERS,35,"['엑셀', '기능', '핵심', '사람', '사용']"
446,2023,Android Studio를 활용한 안드로이드 프로그래밍,61,"['안드로이드', '환경', '버전', '실습', '구축']"
447,2020,Clean Code 클린 코드,37,"['코드', '소프트웨어', '클린', '장인', '가치']"
448,2020,"데이터 분석 전문가 가이드 (ADP, ADsP)",38,"['분석', '전문가', '데이터', '기술', '경험']"
449,2021,컴퓨터 활용과 실습 2016,96,"['컴퓨터', '활용', '문제', '예제', '구성']"
450,2022,파이썬 머신러닝 완벽 가이드,72,"['러닝', '머신', '설명', '파이썬', '데이터']"
451,2023,혼자 공부하는 자바,55,"['입문자', '혼자', '자바', '학습', '구성']"
452,2021,Do it! 쉽게 배우는 R 데이터 분석,49,"['데이터', '분석', '프로젝트', '프로그래밍', '혼자']"
453,2020,윈도우10 + 엑셀 & 파워포인트 & 워드 2019 + 한글 무작정 따라하기,44,"['핵심', '기능', '버전', '오피스', '실무']"
454,2021,으뜸 파이썬,73,"['파이썬', '문제', '제공', '내용', '교수']"
455,2020,보고서 작성 실무 강의,61,"['보고서', '작성', '패턴', '활용', '문장']"
456,2020,프리미어 프로 & 애프터 이펙트 CC 2020 무작정 따라하기,62,"['애프터', '프로', '프리미어', '학습', '해결']"
457,2020,STEP UP MOS 2016 Excel Expert,63,"['구성', '준비', '6월', '시험', '독자']"
458,2021,Do it! 첫 코딩 with 자바,130,"['무료', '가지', '그림', '최초', '비유']"
459,2021,Do it! C언어 입문,60,"['언어', '원리', '시작', '혼자', '사람']"
460,2021,컴퓨팅 사고,69,"['대학', '소프트웨어', '교육', '분야', '전공']"
461,2023,밑바닥부터 시작하는 딥러닝 2,97,"['신경망', '처리', '자연어', '순환', '전편']"
462,2023,모두의 딥러닝,85,"['내용', '공부', '학습', '수식', '기초']"
463,2020,창조력 코드,70,"['기계', '예술', '인간', '창조력', '코드']"
464,2020,컴퓨터 네트워킹 하향식 접근,71,"['네트', '컴퓨터', '워킹', '내용', '학습']"
465,2020,윤성우의 열혈 자료구조,72,"['구조', '자료', '제공', '학습', '설명']"
466,2020,파이썬으로 배우는  컴퓨팅 사고,73,"['언어', '파이썬', '초보자', '분야', '프로그래밍']"
467,2022,스프링 부트와 AWS로 혼자 구현하는 웹 서비스,63,"['스프링', '서비스', '경험', '집중', '회사']"
468,2020,DVD와 함께 하는 애니메이션 캐릭터 작화 기술,75,"['방법', '캐릭터', '사람', '애니메이션', '그림']"
469,2022,쉽게 배우는 알고리즘,93,"['알고리즘', '사고', '기반', '훈련', '생각']"
470,2021,파이썬 증권 데이터 분석,28,"['데이터', '투자', '과정', '자동', '매매']"
471,2020,꼼꼼한 아마존 셀러 가이드북,78,"['아마존', '셀러', '방법', '최신', '상품']"
472,2020,앱 인벤터,79,"['문제', '프로그래밍', '인벤', '도서', '한글']"
473,2021,어서와 파이썬은 처음이지!,75,"['계산', '물건', '파이썬', '처음', '향상']"
474,2023,Java의 정석,106,"['자바', '기능', '기초', '실전', '최신']"
475,2023,소프트웨어 테스트 전문가(CSTS) 가이드,41,"['공학', '소프트웨어', '내용', '기초', '전반']"
476,2021,인공지능,52,"['실습', '인공지능', '분야', '파이썬', '개념']"
477,2020,모두의 데이터 분석 with 파이썬,86,"['데이터', '분석', '경험', '차트', '사람']"
478,2020,생활코딩! HTML+CSS+자바스크립트,87,"['자바스크립트', '강의', '학습', '내용', '원리']"
479,2021,손가락 하나 까딱하지 않는 주식 거래 시스템 구축,134,"['주식', '시간', '구축', '분석', '자동']"
480,2021,안드로이드 프로그래밍,16,"['안드로이드', '이해', '개념', '버전', '사용']"
481,2020,UI/UX 디자인 이론과 실습 with Adobe XD,90,"['디자인', 'ux', '이론', '실습', '때문']"
482,2022,쉽게 배우는 운영체제,46,"['개념', '운영', '강의', '체제', '사례']"
483,2020,CODE 코드,92,"['사람', '의사소통', '방법', '발전', '소개']"
484,2023,리액트를 다루는 기술,118,"['함수', '업그레이드', '버전', '개정판', '사용']"
485,2020,엑셀 매크로&VBA 바이블,95,"['엑셀', '매크로', '업무', '학습', '버전']"
486,2020,STEP UP MOS 2016 PowerPoint,96,"['기능', '시험', '설명', '고급', '대비']"
487,2023,미래를 바꾼 아홉 가지 알고리즘,47,"['가지', '아이디어', '알고리즘', '컴퓨터', '설명']"
488,2020,엑셀과 파워포인트 2016,98,"['활용', '기능', '파워', '엑셀', '예제']"
489,2023,SQL 전문가 가이드,38,"['데이터베이스', '모델링', '가이드', '데이터', '성능']"
490,2020,YouTube 유튜브로 돈 벌기,100,"['유튜브', '수익', '내용', '관리', '운영']"
491,2021,디지털 논리회로,15,"['논리', '디지털', '회로', '방법', '정보통신']"
492,2020,문제해결과 컴퓨팅 사고,102,"['문제', '컴퓨터', '사고', '해결', '컴퓨팅']"
493,2020,매트랩 프로그래밍 MATLAB PROGRAMMING,103,"['트랩', '공학', '이용', '초심자', '중급']"
494,2023,이것이 자바다,115,"['자바', '제공', '친절', '배려', '풀이']"
495,2020,블로그 투잡 됩니다,105,"['블로그', '마케팅', '브랜드', '방법', '과정']"
496,2022,쉽게 배우는 운영체제,46,"['개념', '운영', '강의', '체제', '사례']"
497,2020,CODE 코드,92,"['사람', '의사소통', '방법', '발전', '소개']"
498,2023,리액트를 다루는 기술,118,"['함수', '업그레이드', '버전', '개정판', '사용']"
499,2020,엑셀 매크로&VBA 바이블,95,"['엑셀', '매크로', '업무', '학습', '버전']"
500,2020,STEP UP MOS 2016 PowerPoint,96,"['기능', '시험', '설명', '고급', '대비']"
501,2023,미래를 바꾼 아홉 가지 알고리즘,47,"['가지', '아이디어', '알고리즘', '컴퓨터', '설명']"
502,2020,엑셀과 파워포인트 2016,98,"['활용', '기능', '파워', '엑셀', '예제']"
503,2023,SQL 전문가 가이드,38,"['데이터베이스', '모델링', '가이드', '데이터', '성능']"
504,2020,YouTube 유튜브로 돈 벌기,100,"['유튜브', '수익', '내용', '관리', '운영']"
505,2021,디지털 논리회로,15,"['논리', '디지털', '회로', '방법', '정보통신']"
506,2020,문제해결과 컴퓨팅 사고,102,"['문제', '컴퓨터', '사고', '해결', '컴퓨팅']"
507,2020,매트랩 프로그래밍 MATLAB PROGRAMMING,103,"['트랩', '공학', '이용', '초심자', '중급']"
508,2023,이것이 자바다,115,"['자바', '제공', '친절', '배려', '풀이']"
509,2020,블로그 투잡 됩니다,105,"['블로그', '마케팅', '브랜드', '방법', '과정']"
510,2020,컴퓨터 구조와 원리 2.0,121,"['컴퓨터', '장치', '구조', '이해', '학습']"
511,2020,이펙티브 자바 Effective Java 3/E,122,"['자바', '라이브러리', '인터페이스', '포함', '언어']"
512,2020,한 권으로 끝내는 아두이노 입문 + 실전 - 종합편,123,"['아두이노', '고수', '설명', '친절', '부품']"
513,2020,소프트웨어 중심사회의 컴퓨터개론,124,"['컴퓨터', '산업', '혁명', '내용', '시대']"
514,2020,Do it! 자바스크립트 + 제이쿼리 입문,125,"['실무', '필요', '기본', '개정판', '전면']"
515,2020,Power JAVA Compact,126,"['자바', '입문자', '친숙', '목표', '개념']"
516,2021,데이터 통신과 컴퓨터 네트워크,56,"['통신', '데이터', '구성', '부분', '컴퓨터']"
517,2020,모두의 파이썬,128,"['파이썬', '프로그래밍', '수학', '내용', '분야']"
518,2020,누구나 따라하는 네이버 스마트스토어 만들기,129,"['네이버', '스마트', '스토어', '방법', '쇼핑몰']"
519,2021,코딩 인터뷰 완전 분석,98,"['면접', '문제', '지원자', '소프트웨어', '준비']"
520,2020,엑셀 2013,131,"['개념', '기본', '문서', '원리', '작성']"
521,2020,모두를 위한 R 데이터 분석 입문,132,"['데이터', '분석', '강의', '입문', '이해']"
522,2020,예제로 쉽게 배우는 아두이노,133,"['예제', '아두이노', '독자', '처음', '공학']"
523,2020,친절한 드로잉,134,"['드로잉', '시작', '극복', '두려움', '설명']"
524,2020,데이터분석 자격검정 실전문제,135,"['실전', '전문가', '데이터', '분석', '문제']"
525,2020,비됴클래스 하?의 유튜브 동영상 편집 with 프리미어 프로,27,"['편집', '영상', '프리미어', '프로', '유튜브']"
526,2023,직장인을 위한 실무 엑셀,10,"['기능', '엑셀', '실무', '업무', '기본']"
527,2023,윤성우의 열혈 C 프로그래밍,26,"['내용', '언어', '기본', '중간', '구성']"
528,2019,15초면 충분해 틱톡!,5,"['틱톡', '영상', '언니', '촬영', '방법']"
529,2020,YouTube 유튜브로 돈 벌기,100,"['유튜브', '수익', '내용', '관리', '운영']"
530,2020,밑바닥부터 시작하는 딥러닝 1,20,"['설명', '코드', '실험', '소스', '생각']"
531,2023,혼자 공부하는 파이썬,4,"['입문자', '파이썬', '반영', '학습', '혼자']"
532,2023,Do it! 점프 투 파이썬,5,"['파이썬', '프로그래밍', '직장인', '중고등학생', '개정판']"
533,2021,알고리즘 문제 해결 전략 세트,47,"['문제', '알고리즘', '해결', '프로그래밍', '답안']"
534,2021,Do it! C언어 입문,60,"['언어', '원리', '시작', '혼자', '사람']"
535,2019,혼자서도 할 수 있는 알리바바 도소매 해외직구,21,"['상품', '구매', '알리바바', '국내', '해외']"
536,2019,케라스 창시자에게 배우는 딥러닝 Deep Learning with Python,22,"['개념', '수학', '창시자', '코드', '저자']"
537,2020,"데이터 분석 전문가 가이드 (ADP, ADsP)",38,"['분석', '전문가', '데이터', '기술', '경험']"
538,2021,Do it! 쉽게 배우는 R 데이터 분석,49,"['데이터', '분석', '프로젝트', '프로그래밍', '혼자']"
539,2022,쉽게 풀어쓴 C언어 Express,9,"['언어', '실습', '입문자', '프로그래밍', '개념']"
540,2020,모두의 파이썬,128,"['파이썬', '프로그래밍', '수학', '내용', '분야']"
541,2023,윤성우의 열혈 C++ 프로그래밍,71,"['설명', '프로그래밍', '초보자', '예제', '언어']"
542,2023,명품 JAVA Programming,16,"['자바', '모듈', '문제', '개념', '부분']"
543,2020,윤성우의 열혈 자료구조,72,"['구조', '자료', '제공', '학습', '설명']"
544,2023,밑바닥부터 시작하는 딥러닝 2,97,"['신경망', '처리', '자연어', '순환', '전편']"
545,2020,Clean Code 클린 코드,37,"['코드', '소프트웨어', '클린', '장인', '가치']"
546,2023,된다! 7일 실무 엑셀,96,"['엑셀', '강좌', '함수', '실무', '테이블']"
547,2020,데이터분석 자격검정 실전문제,135,"['실전', '전문가', '데이터', '분석', '문제']"
548,2023,이것이 자바다,115,"['자바', '제공', '친절', '배려', '풀이']"
549,2019,인공지능을 위한 수학,41,"['수학', '개념', '인공지능', '설명', '최소한']"
550,2023,데이터베이스 개론,49,"['데이터베이스', '데이터', '개념', '관계', '시대']"
551,2023,Java의 정석,106,"['자바', '기능', '기초', '실전', '최신']"
552,2023,두근두근 파이썬,21,"['독자', '흥미', '문제', '이해', '프로그래밍']"
553,2020,친절한 드로잉,134,"['드로잉', '시작', '극복', '두려움', '설명']"
554,2019,이렇게 하면 나도 프로그램을 잘 만들 수 있다,47,"['해결', '문제', '프로그래밍', '방식', '제시']"
555,2023,명품 HTML5+CSS3+Javascript 웹 프로그래밍,51,"['html5', '자바스크립트', '태그', '지식', '프로그램']"
556,2020,윈도우10 + 엑셀 & 파워포인트 & 워드 2019 + 한글 무작정 따라하기,44,"['핵심', '기능', '버전', '오피스', '실무']"
557,2021,코딩 인터뷰 완전 분석,98,"['면접', '문제', '지원자', '소프트웨어', '준비']"
558,2019,권학봉의 포토샵 라이트룸 클래식 CC 사진보정 강의,54,"['독자', '사진', '설명', '버전', '보정']"
559,2019,유튜브 크리에이터 쉽게 시작하기,56,"['유튜브', '방법', '채널', '기획', '시작']"
560,2020,이펙티브 자바 Effective Java 3/E,122,"['자바', '라이브러리', '인터페이스', '포함', '언어']"
561,2019,코드로 배우는 스프링 웹 프로젝트,58,"['프로젝트', '스프링', '사용', '이용', '기본']"
562,2019,다이나믹 드로잉,59,"['친절', '투시', '그림', '드로잉', '원근법']"
563,2019,SNS 마케팅 디자인 무작정 따라하기,60,"['파트', '디자인', '안내', '마케팅', '웹마']"
564,2021,Do it! 자바 프로그래밍 입문,84,"['자바', '강의', '프로그래밍', '학습', '예제']"
565,2019,레트로의 유니티 프로그래밍 에센스,62,"['게임', '개발', '유니티', '필요', '입문']"
566,2023,명품 C++ Programming,25,"['소프트웨어', '언어', '필요', '프로그램', '응용']"
567,2020,한 권으로 끝내는 아두이노 입문 + 실전 - 종합편,123,"['아두이노', '고수', '설명', '친절', '부품']"
568,2019,정보 보안 개론,66,"['보안', '분야', '종사자', '업무', '중인']"
569,2019,진짜 하루만에 끝내는 포토샵,67,"['기능', '필요', '유튜브', '사용', '생각']"
570,2019,누구나 쉽게 따라하는 블로그마케팅,68,"['블로그', '마케팅', '사람', '콘텐츠', '로직']"
571,2021,친절한 컬러링,70,"['채색', '방법', '재질', '고려', '이해']"
572,2019,파이썬 코딩 도장,70,"['학습', '문법', '문제', '사이트', '연습']"
573,2019,"아두이노, 상상을 현실로 만드는 프로젝트 입문편+아두이노 키트 세트",71,"['아두이노', '키트', '구성', '설명', '프로젝트']"
574,2019,클린 아키텍처,72,"['소프트웨어', '저자', '원칙', '클린', '보편']"
575,2019,왕초보 유튜브 부업왕,73,"['수익', '용돈', '부업', '유튜브', '수입']"
576,2020,Do it! 자바스크립트 + 제이쿼리 입문,125,"['실무', '필요', '기본', '개정판', '전면']"
577,2021,Do it! 자바 프로그래밍 입문,84,"['자바', '강의', '프로그래밍', '학습', '예제']"
578,2019,레트로의 유니티 프로그래밍 에센스,62,"['게임', '개발', '유니티', '필요', '입문']"
579,2023,명품 C++ Programming,25,"['소프트웨어', '언어', '필요', '프로그램', '응용']"
580,2020,한 권으로 끝내는 아두이노 입문 + 실전 - 종합편,123,"['아두이노', '고수', '설명', '친절', '부품']"
581,2019,정보 보안 개론,66,"['보안', '분야', '종사자', '업무', '중인']"
582,2019,진짜 하루만에 끝내는 포토샵,67,"['기능', '필요', '유튜브', '사용', '생각']"
583,2019,누구나 쉽게 따라하는 블로그마케팅,68,"['블로그', '마케팅', '사람', '콘텐츠', '로직']"
584,2021,친절한 컬러링,70,"['채색', '방법', '재질', '고려', '이해']"
585,2019,파이썬 코딩 도장,70,"['학습', '문법', '문제', '사이트', '연습']"
586,2019,"아두이노, 상상을 현실로 만드는 프로젝트 입문편+아두이노 키트 세트",71,"['아두이노', '키트', '구성', '설명', '프로젝트']"
587,2019,클린 아키텍처,72,"['소프트웨어', '저자', '원칙', '클린', '보편']"
588,2019,왕초보 유튜브 부업왕,73,"['수익', '용돈', '부업', '유튜브', '수입']"
589,2020,Do it! 자바스크립트 + 제이쿼리 입문,125,"['실무', '필요', '기본', '개정판', '전면']"
590,2021,블록체인 무엇인가?,128,"['블록체인', '설명', '개념', '원리', '이해']"
591,2020,STEP UP MOS 2016 Excel Expert,63,"['구성', '준비', '6월', '시험', '독자']"
592,2021,C언어 콘서트,23,"['콘서트', '분야', '개념', '주제', '연습']"
593,2019,돈 1도 안 쓰고 잘 나가는 유튜브를 위한 동영상 편집 하루만에 끝내기,94,"['사람', '편집', '영상', '유튜브', '동영상']"
594,2019,CPPG 개인정보관리사,95,"['개인정보', '보호', '정보', '기업', '실무']"
595,2019,"머신 러닝 교과서 with 파이썬, 사이킷런, 텐서플로",96,"['머신', '러닝', '알고리즘', '사용', '핵심']"
596,2019,C 언어 코딩 도장,102,"['언어', '이상', '문제', '프로그래밍', '도장']"
597,2020,생활코딩! HTML+CSS+자바스크립트,87,"['자바스크립트', '강의', '학습', '내용', '원리']"
598,2019,파이썬으로 데이터 주무르기,104,"['분석', '데이터', '파이썬', '기초', '필요']"
599,2019,혼자서도 할 수 있는 블로그 마케팅,105,"['블로그', '방법', '운영', '최신', '내용']"
600,2019,브이레이 포 스케치업 V-Ray for Sketchup,106,"['렌더링', '활용', '브이', '레이', '스케치업']"
601,2019,안드로이드 스튜디오를 활용한 실전 앱 만들기,107,"['안드로이드', '활용', '과정', '스튜디오', '게임']"
602,2020,모두의 데이터 분석 with 파이썬,86,"['데이터', '분석', '경험', '차트', '사람']"
603,2021,파이썬 라이브러리를 활용한 머신러닝,97,"['머신', '러닝', '개발자', '이론', '핵심']"
604,2019,Do it! Vue.js 입문,111,"['실무', '입문자', '개발자', '노하우', '예제']"
605,2019,윤성우의 열혈 Java 프로그래밍,112,"['설명', '자바', '부분', '내용', '포함']"
606,2020,소프트웨어 중심사회의 컴퓨터개론,124,"['컴퓨터', '산업', '혁명', '내용', '시대']"
607,2019,함께 자라기,115,"['사람', '방법', '분야', '학습', '발전']"
608,2019,오준석의 안드로이드 생존코딩 - 코틀린 편,118,"['안드로이드', '입문', '개발', '능력', '코틀린']"
609,2019,Hello Coding 개념부터 처음 배우는 프로그래밍,119,"['프로그래밍', '기초', '개념', '언어', '입문서']"
610,2020,STEP UP MOS 2016 PowerPoint,96,"['기능', '시험', '설명', '고급', '대비']"
611,2023,혼자 공부하는 자바,55,"['입문자', '혼자', '자바', '학습', '구성']"
612,2019,데이터아키텍처 자격검정 실전문제 (2013 Edition),123,"['데이터', '자격', '검정', '문제', '실전']"
613,2023,미래를 바꾼 아홉 가지 알고리즘,47,"['가지', '아이디어', '알고리즘', '컴퓨터', '설명']"
614,2019,한 권으로 끝내는 파이썬,125,"['파이썬', '기초', '문법', '구글', '서비스']"
615,2019,회사에서 바로 통하는 오토캐드 2019,126,"['도면', '실무', '작업', '오토캐드', '예제']"
616,2019,기계는 어떻게 생각하고 학습하는가,129,"['인공지능', '미래', '기계', '지능', '생각']"
617,2019,패턴 인식과 머신 러닝,130,"['러닝', '머신', '분야', '기술', '최근']"
618,2019,어서와 JAVA는 처음이지!,131,"['개념', '자바', '설명', '공부', '주제']"
619,2019,맥 쓰는 사람들의 macOS 모하비,133,"['사용자', '방법', '기능', '고급', '활용']"
620,2019,프로그래머를 위한 선형대수,134,"['계산', '선형', '대수', '의미', '결과']"
621,2019,스케치업 & V-Ray 트레이닝 북,135,"['스케치업', '모델링', '반복', '실무', '렌더링']"
622,2023,직장인을 위한 실무 엑셀,10,"['기능', '엑셀', '실무', '업무', '기본']"
623,2023,윤성우의 열혈 C 프로그래밍,26,"['내용', '언어', '기본', '중간', '구성']"
624,2021,블록체인 무엇인가?,128,"['블록체인', '설명', '개념', '원리', '이해']"
625,2023,밑바닥부터 시작하는 딥러닝,37,"['설명', '코드', '실험', '소스', '생각']"
626,2021,친절한 컬러링,70,"['채색', '방법', '재질', '고려', '이해']"
627,2020,친절한 드로잉,134,"['드로잉', '시작', '극복', '두려움', '설명']"
628,2020,"데이터 분석 전문가 가이드 (ADP, ADsP)",38,"['분석', '전문가', '데이터', '기술', '경험']"
629,2023,윤성우의 열혈 C++ 프로그래밍,71,"['설명', '프로그래밍', '초보자', '예제', '언어']"
630,2020,비됴클래스 하?의 유튜브 동영상 편집 with 프리미어 프로,27,"['편집', '영상', '프리미어', '프로', '유튜브']"
631,2020,YouTube 유튜브로 돈 벌기,100,"['유튜브', '수익', '내용', '관리', '운영']"
632,2018,직장인을 위한 실무 엑셀 & 파워포인트,18,"['엑셀', '포인트', '업무', '파워', '분석']"
633,2021,알고리즘 문제 해결 전략 세트,47,"['문제', '알고리즘', '해결', '프로그래밍', '답안']"
634,2023,이것이 자바다,115,"['자바', '제공', '친절', '배려', '풀이']"
635,2021,Do it! 쉽게 배우는 R 데이터 분석,49,"['데이터', '분석', '프로젝트', '프로그래밍', '혼자']"
636,2021,Do it! C언어 입문,60,"['언어', '원리', '시작', '혼자', '사람']"
637,2020,윤성우의 열혈 자료구조,72,"['구조', '자료', '제공', '학습', '설명']"
638,2018,왕초보 월백만원 부업왕,34,"['부업', '만원', '부수입', '스마트폰', '월급']"
639,2019,혼자서도 할 수 있는 블로그 마케팅,105,"['블로그', '방법', '운영', '최신', '내용']"
640,2020,데이터분석 자격검정 실전문제,135,"['실전', '전문가', '데이터', '분석', '문제']"
641,2018,클립스튜디오 작법서,39,"['그림', '스튜디오', '클립', '처음', '실전']"
642,2023,명품 HTML5+CSS3+Javascript 웹 프로그래밍,51,"['html5', '자바스크립트', '태그', '지식', '프로그램']"
643,2019,안드로이드 스튜디오를 활용한 실전 앱 만들기,107,"['안드로이드', '활용', '과정', '스튜디오', '게임']"
644,2018,골빈해커의 3분 딥러닝,44,"['플로', '모델', '텐서', '핵심', '기초']"
645,2023,Java의 정석,106,"['자바', '기능', '기초', '실전', '최신']"
646,2019,정보 보안 개론,66,"['보안', '분야', '종사자', '업무', '중인']"
647,2019,Hello Coding 개념부터 처음 배우는 프로그래밍,119,"['프로그래밍', '기초', '개념', '언어', '입문서']"
648,2019,"아두이노, 상상을 현실로 만드는 프로젝트 입문편+아두이노 키트 세트",71,"['아두이노', '키트', '구성', '설명', '프로젝트']"
649,2018,블록체인 구조와 이론,50,"['블록체인', '기술', '도입', '기반', '검토']"
650,2019,이렇게 하면 나도 프로그램을 잘 만들 수 있다,47,"['해결', '문제', '프로그래밍', '방식', '제시']"
651,2018,엑셀 2016 매크로&VBA 바이블,53,"['엑셀', '방법', '사용', '매크로', '필요']"
652,2019,윤성우의 열혈 Java 프로그래밍,112,"['설명', '자바', '부분', '내용', '포함']"
653,2019,파이썬으로 데이터 주무르기,104,"['분석', '데이터', '파이썬', '기초', '필요']"
654,2018,블록체인 애플리케이션 개발 실전 입문,60,"['개발', '스마트', '계약', '블록체인', '엔지니어']"
655,2020,Do it! 자바스크립트 + 제이쿼리 입문,125,"['실무', '필요', '기본', '개정판', '전면']"
656,2018,처음 배우는 딥러닝 수학,62,"['수학', '모델', '구현', '사용', '이론']"
657,2019,어서와 JAVA는 처음이지!,131,"['개념', '자바', '설명', '공부', '주제']"
658,2019,SNS 마케팅 디자인 무작정 따라하기,60,"['파트', '디자인', '안내', '마케팅', '웹마']"
659,2021,소프트웨어 테스팅 실무,103,"['스팅', '상호', '테스트', '연관', '체계']"
660,2019,데이터아키텍처 자격검정 실전문제 (2013 Edition),123,"['데이터', '자격', '검정', '문제', '실전']"
661,2018,블로그 마케팅,69,"['블로그', '마케팅', '필수', '운영', '방법']"
662,2019,C 언어 코딩 도장,102,"['언어', '이상', '문제', '프로그래밍', '도장']"
663,2018,레디 플레이어 원,75,"['오아시스', '세계', '웨이', '가상', '사람']"
664,2019,Do it! Vue.js 입문,111,"['실무', '입문자', '개발자', '노하우', '예제']"
665,2018,Do it! 자료구조와 함께 배우는 알고리즘 입문 - C 언어 편,78,"['개념', '자료', '구조', '알고리즘', '이해']"
666,2018,기계 학습,79,"['설명', '기계', '활용', '학습', '예제']"
667,2019,스케치업 & V-Ray 트레이닝 북,135,"['스케치업', '모델링', '반복', '실무', '렌더링']"
668,2018,신경망 첫걸음,84,"['수학', '신경망', '원리', '가중치', '구현']"
669,2018,윈도우10 + 엑셀 & 파워포인트 & 워드 2016 + 한글 2014 무작정 따라하기,85,"['업무', '실무', '핵심', '효율', '기능']"
670,2020,Clean Code 클린 코드,37,"['코드', '소프트웨어', '클린', '장인', '가치']"
671,2018,신프로의 쉽고 빠른 파워포인트 디자인,87,"['디자인', '포인트', '파워', '완성', '프로그램']"
672,2018,Do it! 자료구조와 함께 배우는 알고리즘 입문 - 자바 편,88,"['개념', '알고리즘', '자료', '구조', '이해']"
673,2018,마인크래프트 건축 장인 되기,90,"['건축물', '마인크래프트', '전문가', '건축', '소개']"
674,2018,모두의 알고리즘 with 파이썬,92,"['알고리즘', '일자리', '설명', '중심', '사용']"
675,2021,C언어 콘서트,23,"['콘서트', '분야', '개념', '주제', '연습']"
676,2018,에버노트 사용설명서,94,"['에버노트', '사용', '방법', '노트', '기능']"
677,2018,송쌤의 엔트리 코딩 학교,95,"['엔트리', '학교', '생각', '작품', '학습']"
678,2018,"알고리즘으로 배우는 인공지능, 머신러닝, 딥러닝 입문",96,"['머신', '인공지능', '알고리즘', '러닝', '이론']"
679,2018,열혈강의 C 언어 본색,97,"['언어', '구조', '기본', '표준', '함수']"
680,2023,C로 배우는 쉬운 자료구조,105,"['구조', '자료', '학습자', '준비', '구현']"
681,2018,친절한 SQL 튜닝,102,"['성능', '개발자', '친절', '오라클', '설명']"
682,2018,좋은 사진을 만드는 정승익의 사진 구도,103,"['구도', '사진', '예시', '기본', '이해']"
683,2019,케라스 창시자에게 배우는 딥러닝 Deep Learning with Python,22,"['개념', '수학', '창시자', '코드', '저자']"
684,2018,웹툰 제작 무작정 따라하기 by 포토샵+SAI+스케치업,107,"['웹툰', '작가', '열정', '자신', '제작']"
685,2023,미래를 바꾼 아홉 가지 알고리즘,47,"['가지', '아이디어', '알고리즘', '컴퓨터', '설명']"
686,2021,코딩 인터뷰 완전 분석,98,"['면접', '문제', '지원자', '소프트웨어', '준비']"
687,2018,인공지능 투자가 퀀트,115,"['인공지능', '월스트리트', '이야기', '로봇', '시대']"
688,2018,0원으로 하는 인스타그램 #해시태그 마케팅,117,"['마케팅', '인스타그램', '해시태그', '방법', '고객']"
689,2018,회사에서 바로 통하는 오토캐드 2017,118,"['도면', '오토캐드', '실무', '작성', '기능']"
690,2018,HTML5 + CSS3 + JavaScript로 배우는 웹프로그래밍 기초,119,"['기초', '내용', 'html5', '프로그래밍', '기능']"
691,2018,딥러닝 첫걸음,120,"['신경망', '러닝', '머신', '주제', '기술']"
692,2022,쉽게 배우는 알고리즘,93,"['알고리즘', '사고', '기반', '훈련', '생각']"
693,2018,모두의 아두이노(Arduino),124,"['센서', '아두이노', '온도', '전자', '가속도']"
694,2018,10대를 위한 첫 코딩,125,"['미션', '이야기', '구성', '완성', '입문']"
695,2018,SQL 첫걸음,126,"['데이터', '취업', '준비', '공부', '효율']"
696,2018,이더리움을 활용한 블록체인 프로젝트 구축,127,"['활용', '블록체인', '업무', '개발', '설명']"
697,2018,유튜브로 월급 만들기,129,"['유튜브', '크리에이터', '활동', '저자', '채널']"
698,2018,이더리움과 솔리디티 입문,131,"['블록체인', '전문가', '스마트', '계약', '기술']"
699,2018,그림 한 장으로 보는 최신 IT 트렌드,132,"['비즈니스', '개발', '정리', '트렌드', '최신']"
700,2018,TCG 일러스트 작법서 - 입문편,134,"['러스트', '게임', '이해', '사용', '이론']"
701,2023,윤성우의 열혈 C 프로그래밍,26,"['내용', '언어', '기본', '중간', '구성']"
702,2023,밑바닥부터 시작하는 딥러닝,37,"['설명', '코드', '실험', '소스', '생각']"
703,2023,직장인을 위한 실무 엑셀,10,"['기능', '엑셀', '실무', '업무', '기본']"
704,2019,혼자서도 할 수 있는 블로그 마케팅,105,"['블로그', '방법', '운영', '최신', '내용']"
705,2020,YouTube 유튜브로 돈 벌기,100,"['유튜브', '수익', '내용', '관리', '운영']"
706,2020,"데이터 분석 전문가 가이드 (ADP, ADsP)",38,"['분석', '전문가', '데이터', '기술', '경험']"
707,2023,이것이 자바다,115,"['자바', '제공', '친절', '배려', '풀이']"
708,2023,윤성우의 열혈 C++ 프로그래밍,71,"['설명', '프로그래밍', '초보자', '예제', '언어']"
709,2020,윤성우의 열혈 자료구조,72,"['구조', '자료', '제공', '학습', '설명']"
710,2017,월드 오브 더 위쳐,18,"['방영', '넷플릭스', '시리', '액션', '기존']"
711,2017,회사에서 바로 통하는 엑셀 파워포인트 워드 2016 한글 NEO+원노트,19,"['문서', '예제', '업무', '회사', '능력']"
712,2018,"알고리즘으로 배우는 인공지능, 머신러닝, 딥러닝 입문",96,"['머신', '인공지능', '알고리즘', '러닝', '이론']"
713,2021,알고리즘 문제 해결 전략 세트,47,"['문제', '알고리즘', '해결', '프로그래밍', '답안']"
714,2018,회사에서 바로 통하는 오토캐드 2017,118,"['도면', '오토캐드', '실무', '작성', '기능']"
715,2018,블록체인 구조와 이론,50,"['블록체인', '기술', '도입', '기반', '검토']"
716,2019,이렇게 하면 나도 프로그램을 잘 만들 수 있다,47,"['해결', '문제', '프로그래밍', '방식', '제시']"
717,2018,딥러닝 첫걸음,120,"['신경망', '러닝', '머신', '주제', '기술']"
718,2023,명품 HTML5+CSS3+Javascript 웹 프로그래밍,51,"['html5', '자바스크립트', '태그', '지식', '프로그램']"
719,2017,텐서플로 첫걸음,34,"['플로', '러닝', '텐서', '기초', '언어']"
720,2018,엑셀 2016 매크로&VBA 바이블,53,"['엑셀', '방법', '사용', '매크로', '필요']"
721,2017,어서와 C언어는 처음이지!,39,"['설명', '프로그래밍', '그림', '미로', '친절']"
722,2018,신경망 첫걸음,84,"['수학', '신경망', '원리', '가중치', '구현']"
723,2018,웹툰 제작 무작정 따라하기 by 포토샵+SAI+스케치업,107,"['웹툰', '작가', '열정', '자신', '제작']"
724,2018,열혈강의 C 언어 본색,97,"['언어', '구조', '기본', '표준', '함수']"
725,2017,엣지있게 설명한 텐서플로우,45,"['플로우', '텐서', '기초', '구성', '내용']"
726,2018,10대를 위한 첫 코딩,125,"['미션', '이야기', '구성', '완성', '입문']"
727,2017,마스터 알고리즘,47,"['머신', '러닝', '분야', '미래', '인공지능']"
728,2021,Do it! 쉽게 배우는 R 데이터 분석,49,"['데이터', '분석', '프로젝트', '프로그래밍', '혼자']"
729,2017,블로그 운영 & 마케팅 무작정 따라하기,50,"['블로그', '마케팅', '운영', '활용', '시작']"
730,2018,윈도우10 + 엑셀 & 파워포인트 & 워드 2016 + 한글 2014 무작정 따라하기,85,"['업무', '실무', '핵심', '효율', '기능']"
731,2018,좋은 사진을 만드는 정승익의 사진 구도,103,"['구도', '사진', '예시', '기본', '이해']"
732,2023,Java의 정석,106,"['자바', '기능', '기초', '실전', '최신']"
733,2018,모두의 아두이노(Arduino),124,"['센서', '아두이노', '온도', '전자', '가속도']"
734,2017,엣지있게 설명한 텐서플로우,45,"['플로우', '텐서', '기초', '구성', '내용']"
735,2018,10대를 위한 첫 코딩,125,"['미션', '이야기', '구성', '완성', '입문']"
736,2017,마스터 알고리즘,47,"['머신', '러닝', '분야', '미래', '인공지능']"
737,2021,Do it! 쉽게 배우는 R 데이터 분석,49,"['데이터', '분석', '프로젝트', '프로그래밍', '혼자']"
738,2017,블로그 운영 & 마케팅 무작정 따라하기,50,"['블로그', '마케팅', '운영', '활용', '시작']"
739,2018,윈도우10 + 엑셀 & 파워포인트 & 워드 2016 + 한글 2014 무작정 따라하기,85,"['업무', '실무', '핵심', '효율', '기능']"
740,2018,좋은 사진을 만드는 정승익의 사진 구도,103,"['구도', '사진', '예시', '기본', '이해']"
741,2023,Java의 정석,106,"['자바', '기능', '기초', '실전', '최신']"
742,2018,모두의 아두이노(Arduino),124,"['센서', '아두이노', '온도', '전자', '가속도']"
743,2017,혼자서도 할 수 있는 오픈마켓 창업 & 마케팅 핵심 전략,75,"['마켓', '오픈', '핵심', '노하우', '판매']"
744,2018,0원으로 하는 인스타그램 #해시태그 마케팅,117,"['마케팅', '인스타그램', '해시태그', '방법', '고객']"
745,2017,상상력 GO~ 스크래치 프로그래밍,81,"['프로그래밍', '개념', '스크래치', '부모', '준비']"
746,2018,HTML5 + CSS3 + JavaScript로 배우는 웹프로그래밍 기초,119,"['기초', '내용', 'html5', '프로그래밍', '기능']"
747,2021,Do it! C언어 입문,60,"['언어', '원리', '시작', '혼자', '사람']"
748,2017,웹툰작가를 위한 클립 스튜디오 마스터(한글판),85,"['클립', '과정', '작업', '완성', '스튜디오']"
749,2020,데이터분석 자격검정 실전문제,135,"['실전', '전문가', '데이터', '분석', '문제']"
750,2021,소프트웨어 테스팅 실무,103,"['스팅', '상호', '테스트', '연관', '체계']"
751,2017,스케치업 2015 & V-Ray,95,"['스케치업', '실무', '건축', '모델링', '레이']"
752,2017,엑셀 2016 바이블 - 회사에서 필요한 기능은 모두 있다!,96,"['엑셀', '기능', '구성', '업무', '버전']"
753,2019,어서와 JAVA는 처음이지!,131,"['개념', '자바', '설명', '공부', '주제']"
754,2017,R 까기 2 - R 입문용,99,"['개발자', '통계', '데이터', '이해', '입문']"
755,2017,ATC 자격증 프로젝트 따라하기 - 1급 2급 (2017),101,"['명령어', '관련', '프로젝트', '시험', '응시']"
756,2017,구글에서 배우는 딥러닝,103,"['기술', '인공지능', '이해', '미래', '구글']"
757,2018,TCG 일러스트 작법서 - 입문편,134,"['러스트', '게임', '이해', '사용', '이론']"
758,2017,윤성우의 열혈 TCP/IP 소켓 프로그래밍,107,"['프로그래밍', '소켓', '윤성우', '설명', '초보자']"
759,2019,프로그래머를 위한 선형대수,134,"['계산', '선형', '대수', '의미', '결과']"
760,2017,캐릭터 애니메이션,110,"['캐릭터', '애니메이션', '움직임', '커뮤니케이션', '생각']"
761,2017,파이썬 프로그래밍으로 지루한 작업 자동화하기,112,"['작업', '프로그래밍', '시간', '온라인', '파이썬']"
762,2017,CentOS 리눅스 구축관리 실무 (DVD 포함),113,"['서버', '리눅스', '관리', '실무', '구축']"
763,2017,알고리즘 중심의 머신러닝 가이드,114,"['머신', '러닝', '코드', '예제', '알고리즘']"
764,2017,엑셀 2016 매크로&VBA 무작정 따라하기 (기본+회사실무),115,"['업무', '엑셀', '실무', '과정', '해결']"
765,2023,미래를 바꾼 아홉 가지 알고리즘,47,"['가지', '아이디어', '알고리즘', '컴퓨터', '설명']"
766,2018,직장인을 위한 실무 엑셀 & 파워포인트,18,"['엑셀', '포인트', '업무', '파워', '분석']"
767,2017,마인크래프트 공식 가이드북 - 크리에이티브 가이드,118,"['방법', '건물', '건축물', '이야기', '활용']"
768,2017,처음 배우는 인공지능,119,"['인공지능', '필요', '머신', '러닝', '서비스']"
769,2019,윤성우의 열혈 Java 프로그래밍,112,"['설명', '자바', '부분', '내용', '포함']"
770,2017,모바일 웹 + 웹 앱 + 하이브리드 앱 입문,128,"['관리', '기술', '모바일', '환경', '맛집']"
771,2017,베가스 프로 14,129,"['영상', '편집', '기초', '예제', '설명']"
772,2019,C 언어 코딩 도장,102,"['언어', '이상', '문제', '프로그래밍', '도장']"
773,2017,오버워치 공식 월드 가이드북 세트,134,"['공식', '오버워치', '인기', '포스터', '사전']"
774,2023,윤성우의 열혈 C 프로그래밍,26,"['내용', '언어', '기본', '중간', '구성']"
775,2019,혼자서도 할 수 있는 블로그 마케팅,105,"['블로그', '방법', '운영', '최신', '내용']"
776,2021,알고리즘 문제 해결 전략 세트,47,"['문제', '알고리즘', '해결', '프로그래밍', '답안']"
777,2016,회사에서 바로 통하는 엑셀+파워포인트+워드 2013 & 한글 2014,6,"['문서', '기능', '엑셀', '한글', '실무']"
778,2023,이것이 자바다,115,"['자바', '제공', '친절', '배려', '풀이']"
779,2023,윤성우의 열혈 C++ 프로그래밍,71,"['설명', '프로그래밍', '초보자', '예제', '언어']"
780,2020,YouTube 유튜브로 돈 벌기,100,"['유튜브', '수익', '내용', '관리', '운영']"
781,2016,인공지능과 딥러닝,10,"['인공지능', '미래', '산업', '연구', '인류']"
782,2020,윤성우의 열혈 자료구조,72,"['구조', '자료', '제공', '학습', '설명']"
783,2016,포토샵+일러스트레이터 작업의 기술,18,"['디자이너', '레이', '작업', '러스트', '디자인']"
784,2016,된다! 엑셀 능력자!,19,"['엑셀', '데이터', '활용', '버전', '방법']"
785,2017,스케치업 2015 & V-Ray,95,"['스케치업', '실무', '건축', '모델링', '레이']"
786,2018,열혈강의 C 언어 본색,97,"['언어', '구조', '기본', '표준', '함수']"
787,2023,Java의 정석,106,"['자바', '기능', '기초', '실전', '최신']"
788,2018,HTML5 + CSS3 + JavaScript로 배우는 웹프로그래밍 기초,119,"['기초', '내용', 'html5', '프로그래밍', '기능']"
789,2018,"알고리즘으로 배우는 인공지능, 머신러닝, 딥러닝 입문",96,"['머신', '인공지능', '알고리즘', '러닝', '이론']"
790,2016,새별의 파워포인트 디자인 수업,27,"['포인트', '파워', '방법', '예제', '그래픽']"
791,2020,윤성우의 열혈 자료구조,72,"['구조', '자료', '제공', '학습', '설명']"
792,2016,포토샵+일러스트레이터 작업의 기술,18,"['디자이너', '레이', '작업', '러스트', '디자인']"
793,2016,된다! 엑셀 능력자!,19,"['엑셀', '데이터', '활용', '버전', '방법']"
794,2017,스케치업 2015 & V-Ray,95,"['스케치업', '실무', '건축', '모델링', '레이']"
795,2018,열혈강의 C 언어 본색,97,"['언어', '구조', '기본', '표준', '함수']"
796,2023,Java의 정석,106,"['자바', '기능', '기초', '실전', '최신']"
797,2018,HTML5 + CSS3 + JavaScript로 배우는 웹프로그래밍 기초,119,"['기초', '내용', 'html5', '프로그래밍', '기능']"
798,2018,"알고리즘으로 배우는 인공지능, 머신러닝, 딥러닝 입문",96,"['머신', '인공지능', '알고리즘', '러닝', '이론']"
799,2016,새별의 파워포인트 디자인 수업,27,"['포인트', '파워', '방법', '예제', '그래픽']"
800,2016,자바스크립트+jQuery 완전정복 스터디 1 - 기초편,46,"['자바스크립트', '단계', '코어', '실력', '구성']"
801,2016,TCG 일러스트 작법서 - 기본편,47,"['실무', '이론', '프로', '일러스트', '러스트']"
802,2016,베가스 프로 13,49,"['편집', '스마트', '엄선', '영상', '구성']"
803,2017,텐서플로 첫걸음,34,"['플로', '러닝', '텐서', '기초', '언어']"
804,2016,코딩이 쉬워지는 10가지 슈퍼코딩,51,"['루프', '게임', '유도', '스크립트', '고민']"
805,2018,엑셀 2016 매크로&VBA 바이블,53,"['엑셀', '방법', '사용', '매크로', '필요']"
806,2017,어서와 C언어는 처음이지!,39,"['설명', '프로그래밍', '그림', '미로', '친절']"
807,2016,누워서 읽는 알고리즘,65,"['해결', '알고리즘', '이야기', '실전', '프로그래밍']"
808,2020,"데이터 분석 전문가 가이드 (ADP, ADsP)",38,"['분석', '전문가', '데이터', '기술', '경험']"
809,2017,혼자서도 할 수 있는 오픈마켓 창업 & 마케팅 핵심 전략,75,"['마켓', '오픈', '핵심', '노하우', '판매']"
810,2016,회사에서 바로 통하는 엑셀 2010,69,"['실무', '엑셀', '기능', '설명', '실습']"
811,2016,모바일 시대의 컴퓨터개론,73,"['컴퓨터', '모바일', '컴퓨팅', '내용', '기초']"
812,2017,CentOS 리눅스 구축관리 실무 (DVD 포함),113,"['서버', '리눅스', '관리', '실무', '구축']"
813,2016,파워포인트 for 인포그래픽,76,"['그래픽', '제작', '파워', '포인트', '기능']"
814,2017,블로그 운영 & 마케팅 무작정 따라하기,50,"['블로그', '마케팅', '운영', '활용', '시작']"
815,2016,백만 방문자와 소통하는 페이스북 마케팅,78,"['페이스북', '마케팅', '구축', '페이지', '채널']"
816,2018,좋은 사진을 만드는 정승익의 사진 구도,103,"['구도', '사진', '예시', '기본', '이해']"
817,2017,R 까기 2 - R 입문용,99,"['개발자', '통계', '데이터', '이해', '입문']"
818,2018,윈도우10 + 엑셀 & 파워포인트 & 워드 2016 + 한글 2014 무작정 따라하기,85,"['업무', '실무', '핵심', '효율', '기능']"
819,2016,앱 인벤터 2,82,"['인벤', '프로그래밍', '핸드폰', '토대', '연구자']"
820,2018,모두의 아두이노(Arduino),124,"['센서', '아두이노', '온도', '전자', '가속도']"
821,2016,보고서 작성의 기술 with 파워포인트,85,"['보고서', '작성', '컨설턴트', '실무', '파워']"
822,2016,회사에서 바로 통하는 엑셀 2013,86,"['엑셀', '기능', '활용', '사용', '실무']"
823,2016,회사에서 바로 통하는 엑셀 데이터 활용+분석,87,"['데이터', '방법', '엑셀', '업무', '활용']"
824,2016,파워포인트 for 인포그래픽,76,"['그래픽', '제작', '파워', '포인트', '기능']"
825,2017,블로그 운영 & 마케팅 무작정 따라하기,50,"['블로그', '마케팅', '운영', '활용', '시작']"
826,2016,백만 방문자와 소통하는 페이스북 마케팅,78,"['페이스북', '마케팅', '구축', '페이지', '채널']"
827,2018,좋은 사진을 만드는 정승익의 사진 구도,103,"['구도', '사진', '예시', '기본', '이해']"
828,2017,R 까기 2 - R 입문용,99,"['개발자', '통계', '데이터', '이해', '입문']"
829,2018,윈도우10 + 엑셀 & 파워포인트 & 워드 2016 + 한글 2014 무작정 따라하기,85,"['업무', '실무', '핵심', '효율', '기능']"
830,2016,앱 인벤터 2,82,"['인벤', '프로그래밍', '핸드폰', '토대', '연구자']"
831,2018,모두의 아두이노(Arduino),124,"['센서', '아두이노', '온도', '전자', '가속도']"
832,2016,보고서 작성의 기술 with 파워포인트,85,"['보고서', '작성', '컨설턴트', '실무', '파워']"
833,2016,회사에서 바로 통하는 엑셀 2013,86,"['엑셀', '기능', '활용', '사용', '실무']"
834,2016,회사에서 바로 통하는 엑셀 데이터 활용+분석,87,"['데이터', '방법', '엑셀', '업무', '활용']"
835,2016,맥 쓰는 사람들과 함께하는 Mac OS X 바이블,105,"['기능', '사용자', '라면', '구성', '가지']"
836,2016,엑셀 파워포인트 워드 2016 무작정 따라하기,107,"['기능', '실무', '엑셀', '업무', '필요']"
837,2016,꿈돌이의 라이노 5 - Rhino 3D프린터의 첫걸음,108,"['강의', '저자', '이해', '라이노', '지면']"
838,2016,새로 쓴 소프트웨어 공학,110,"['공학', '소프트웨어', '구성', '이론서', '학습']"
839,2016,YouTube 유튜브,112,"['유튜브', '방법', '수익', '광고', '활용']"
840,2018,SQL 첫걸음,126,"['데이터', '취업', '준비', '공부', '효율']"
841,2016,엑셀&파워포인트 2013 무작정 따라하기,116,"['예제', '실습', '수록', '엑셀', '파워']"
842,2016,데이터베이스 배움터 - MS SQL Server 기반,117,"['저술', '데이터베이스', '개념', '마련', '학기']"
843,2016,일러스트레이터 디자인 강의,119,"['디자이너', '디자인', '레이', '실무', '러스트']"
844,2016,헬로 데이터 과학,122,"['데이터', '과학', '활용', '방법', '업무']"
845,2016,인디자인 CC/CS6 슈퍼 테크닉 노트,123,"['패널', '메뉴', '단락', '사용법', '고리']"
846,2016,Head First Design Patterns 헤드 퍼스트 디자인 패턴,125,"['패턴', '디자인', '사용', '활용', '결과']"
847,2016,스크래치 주니어로 배우는 맨 처음 코딩,126,"['프로그램', '스크래치', '주니어', '기능', '모습']"
848,2021,코딩 인터뷰 완전 분석,98,"['면접', '문제', '최소한', '도전', '지식']"
849,2016,엑셀 파워포인트 워드 2016 + 한글 2014 무작정 따라하기,129,"['실무', '기능', '업무', '오피스', '도움']"
850,2016,엑셀 2010 무작정 따라하기 - 회사 실무,131,"['실무', '엑셀', '사용자', '기초', '설명']"
851,2021,디지털 논리회로,15,"['논리', '디지털', '회로', '방법', '정보통신']"
852,2017,윤성우의 열혈 TCP/IP 소켓 프로그래밍,107,"['프로그래밍', '소켓', '윤성우', '설명', '초보자']"
853,2023,윤성우의 열혈 C 프로그래밍,26,"['내용', '언어', '기본', '중간', '구성']"
854,2019,혼자서도 할 수 있는 블로그 마케팅,105,"['블로그', '방법', '운영', '최신', '내용']"
855,2015,회사에서 바로 통하는 엑셀+파워포인트+워드 2013,6,"['문서', '예제', '능력', '파워', '실무']"
856,2021,알고리즘 문제 해결 전략 세트,47,"['문제', '알고리즘', '해결', '프로그래밍', '답안']"
857,2016,맥 쓰는 사람들과 함께하는 Mac OS X 바이블,105,"['기능', '사용자', '라면', '구성', '가지']"
858,2016,포토샵+일러스트레이터 작업의 기술,18,"['디자이너', '레이', '작업', '러스트', '디자인']"
859,2023,윤성우의 열혈 C++ 프로그래밍,71,"['설명', '프로그래밍', '초보자', '예제', '언어']"
860,2015,엑셀&파워포인트&워드 2013 무작정 따라하기,11,"['기능', '업무', '워드', '포인트', '파워']"
861,2018,열혈강의 C 언어 본색,97,"['언어', '구조', '기본', '표준', '함수']"
862,2016,파워포인트 for 인포그래픽,76,"['그래픽', '제작', '파워', '포인트', '기능']"
863,2015,해킹 맛보기,15,"['해킹', '해커', '화이트햇', '미래', '이해']"
864,2020,윤성우의 열혈 자료구조,72,"['구조', '자료', '제공', '학습', '설명']"
865,2016,회사에서 바로 통하는 엑셀 2013,86,"['엑셀', '기능', '활용', '사용', '실무']"
866,2023,이것이 자바다,115,"['자바', '제공', '친절', '배려', '풀이']"
867,2016,회사에서 바로 통하는 엑셀+파워포인트+워드 2013 & 한글 2014,6,"['문서', '기능', '엑셀', '한글', '실무']"
868,2016,회사에서 바로 통하는 엑셀 2010,69,"['실무', '엑셀', '기능', '설명', '실습']"
869,2015,엑셀 & 파워포인트 & 워드 2013 + 한글 2014 무작정 따라하기,27,"['한글', '포인트', '엑셀', '파워', '기능']"
870,2020,윤성우의 열혈 자료구조,72,"['구조', '자료', '제공', '학습', '설명']"
871,2016,회사에서 바로 통하는 엑셀 2013,86,"['엑셀', '기능', '활용', '사용', '실무']"
872,2023,이것이 자바다,115,"['자바', '제공', '친절', '배려', '풀이']"
873,2016,회사에서 바로 통하는 엑셀+파워포인트+워드 2013 & 한글 2014,6,"['문서', '기능', '엑셀', '한글', '실무']"
874,2016,회사에서 바로 통하는 엑셀 2010,69,"['실무', '엑셀', '기능', '설명', '실습']"
875,2015,엑셀 & 파워포인트 & 워드 2013 + 한글 2014 무작정 따라하기,27,"['한글', '포인트', '엑셀', '파워', '기능']"
876,2015,마인크래프트 공략집,45,"['마인크래프트', '공략', '플레이어', '완벽', '세상']"
877,2019,데이터아키텍처 자격검정 실전문제 (2013 Edition),123,"['데이터', '자격', '검정', '문제', '실전']"
878,2015,엑셀 파워포인트 워드 2010 무작정 따라하기 - 필수기능,49,"['기능', '엑셀', '필수', '오피스', '포인트']"
879,2015,파이썬 해킹 입문,56,"['해킹', '해커', '전문', '직장인', '분야']"
880,2015,그로스 해킹 Growth Hacking,57,"['해킹', '마케팅', '로스', '스타트', '설명']"
881,2016,인디자인 CC/CS6 슈퍼 테크닉 노트,123,"['패널', '메뉴', '단락', '사용법', '고리']"
882,2015,사진가를 위한 포토샵 CS6,61,"['스콧', '사진가', '버전', '비의', '사진']"
883,2016,보고서 작성의 기술 with 파워포인트,85,"['보고서', '작성', '컨설턴트', '실무', '파워']"
884,2015,토비의 스프링 3.1 세트,66,"['스프링', '기술', '기법', '프레임', '적용']"
885,2016,Head First Design Patterns 헤드 퍼스트 디자인 패턴,125,"['패턴', '디자인', '사용', '활용', '결과']"
886,2015,만화로 배우는 클립스튜디오,70,"['작업', '만화', '설명', '스튜디오', '클립']"
887,2017,윤성우의 열혈 TCP/IP 소켓 프로그래밍,107,"['프로그래밍', '소켓', '윤성우', '설명', '초보자']"
888,2015,맛있는 디자인 포토샵 CS6,73,"['디자이너', '예비', '기능', '조사', '소스']"
889,2015,엑셀 2013 바이블,77,"['엑셀', '기능', '업무', '활용', '구성']"
890,2015,실전에 강한 PLC,78,"['제어', '실무', '중심', '이론', '제작']"
891,2015,스케치업 2015 완전정복,79,"['과정', '고급', '인테리어', '기법', '노하우']"
892,2015,컴퓨터과학이 여는 세계,83,"['원천', '컴퓨터', '과학', '시각', '인증']"
893,2015,고일석의 마케팅 글쓰기,86,"['글쓰기', '마케팅', '매출', '제공', '저자']"
894,2015,한글 2010 무작정 따라하기 - 기초 & 실무,89,"['한글', '실무', '사용자', '메뉴', '작성']"
895,2015,Auto CAD 2013 무작정 따라하기,91,"['기능', '정리', '도면', '핵심', '예제']"
896,2016,모바일 시대의 컴퓨터개론,73,"['컴퓨터', '모바일', '컴퓨팅', '내용', '기초']"
897,2015,엑셀 2013 매크로&VBA 무작정 따라하기,93,"['매크로', '엑셀', '사용', '프로그램', '업무']"
898,2018,HTML5 + CSS3 + JavaScript로 배우는 웹프로그래밍 기초,119,"['기초', '내용', 'html5', '프로그래밍', '기능']"
899,2015,블로그의 신,96,"['블로그', '방법', '운영', '블로거', '노하우']"
900,2015,Do it! AutoCAD 오토캐드 2015,103,"['기능', '사용', '빈도', '인터페이스', '구성']"
901,2016,YouTube 유튜브,112,"['유튜브', '방법', '수익', '광고', '활용']"
902,2015,3D 프린팅 스타트업,106,"['3d', '프린터', '현실', '기술', '예측']"
903,2015,좋아 보이는 것들의 비밀 인포그래픽,108,"['그래픽', '정보', '사용', '시각', '디자인']"
904,2015,손맵 핸드페인팅 제작 테크닉 - 캐릭터편,113,"['캐릭터', '테크닉', '브러시', '자연', '게임']"
905,2015,월스트리트저널 인포그래픽 가이드,115,"['그래픽', '차트', '데이터', '효과', '기본']"
906,2015,머신러닝 인 액션,116,"['데이터', '방법', '액션', '러닝', '업무']"
907,2019,브이레이 포 스케치업 V-Ray for Sketchup,106,"['브이', '레이', '스케치업', '이론', '제공']"
908,2015,Topcoder 탑코더 알고리즘 트레이닝,119,"['알고리즘', '문제', '배양', '교재', '세계']"
909,2015,포토샵 CS6 무작정 따라하기,120,"['기능', '예제', '필수', '구성', '수록']"
910,2015,파워포인트 2010 무작정 따라하기 - 회사 실무,121,"['디자인', '실무', '기초', '프레젠테이션', '노하우']"
911,2016,앱 인벤터 2,82,"['인벤', '프로그래밍', '핸드폰', '토대', '연구자']"
912,2015,아두이노 상상을 스케치하다,124,"['아두이노', '기본', '사용', '함수', '각종']"
913,2015,쇼핑몰 창업&운영 무작정 따라하기,125,"['창업', '쇼핑몰', '운영', '작정', '시각']"
914,2021,소프트웨어 테스팅 실무,103,"['스팅', '상호', '테스트', '연관', '체계']"
915,2016,엑셀 2010 무작정 따라하기 - 회사 실무,131,"['실무', '엑셀', '사용자', '기초', '설명']"
916,2023,진짜 쓰는 실무 엑셀,2,"['엑셀', '실무', '기능', '자료', '개선']"
917,2023,회사는 엑셀을 가르쳐주지 않아요,3,"['엑셀', '필요', '종이', '실무', '인턴십']"
918,2023,혼자 공부하는 파이썬,4,"['입문자', '혼자', '학습', '파이썬', '내용']"
919,2023,Do it! 점프 투 파이썬,5,"['파이썬', '프로그래밍', '직장인', '중고등학생', '개정판']"
920,2023,혼자 공부하는 머신러닝+딥러닝,6,"['입문자', '학습', '머신', '러닝', '개념']"
921,2023,비전공자를 위한 이해할 수 있는 IT 지식,7,"['이야기', '이해', '시대', '지식', '계속']"
922,2023,맛있는 디자인 포토샵&일러스트레이터 CC 2023,8,"['학습', '기능', '레이', '실습', '러스트']"
923,2023,회사에서 바로 통하는 실무 엑셀 파워포인트 워드한글,9,"['실무', '엑셀', '문서', '포인트', '워드']"
924,2023,직장인을 위한 실무 엑셀,10,"['엑셀', '분석', '버전', '사용', '해결']"
925,2023,혼자 공부하는 컴퓨터 구조+운영체제,11,"['컴퓨터', '체제', '운영', '입문자', '구조']"
926,2023,2023 유선배 SQL개발자(SQLD) 과외노트,12,"['문제', '이론', '해설', '시험', '강의']"
927,2023,Clean Code(클린 코드),13,"['코드', '소프트웨어', '클린', '장인', '가치']"
928,2023,면접을 위한 CS 전공지식 노트,14,"['면접', '지식', '패턴', '개발자', '디자인']"
929,2023,퇴근 후 스마트스토어로 투잡하기,15,"['시간', '사람', '스마트', '저자', '상품']"
930,2023,윤성우의 열혈 C 프로그래밍,26,"['내용', '언어', '기본', '중간', '구성']"
931,2019,혼자서도 할 수 있는 블로그 마케팅,105,"['블로그', '방법', '운영', '최신', '내용']"
932,2014,엑셀 파워포인트 워드 2013 무작정따라하기,19,"['기능', '업무', '워드', '포인트', '파워']"
933,2023,윤성우의 열혈 C++ 프로그래밍,71,"['설명', '프로그래밍', '초보자', '예제', '언어']"
934,2018,열혈강의 C 언어 본색,97,"['언어', '구조', '기본', '표준', '함수']"
935,2014,프로의 책상에서 벌어지는 포토샵 일러스트레이터 작업의 기술,25,"['디자이너', '레이', '작업', '러스트', '디자인']"
936,2020,윤성우의 열혈 자료구조,72,"['구조', '자료', '제공', '학습', '설명']"
937,2023,프로그래밍 대회에서 배우는 알고리즘 문제 해결 전략 세트,69,"['문제', '알고리즘', '해결', '프로그래밍', '답안']"
938,2015,월스트리트저널 인포그래픽 가이드,115,"['그래픽', '차트', '데이터', '효과', '기본']"
939,2014,좋은 사진을 만드는 정승익의 사진구도,35,"['구도', '사진', '예시', '기본', '이해']"
940,2014,스콧 켈비의 사진가를 위한 포토샵 CS6,37,"['스콧', '사진가', '버전', '비의', '사진']"
941,2014,인터넷 검색보다 빠른 포토샵 CS5 무작정 따라하기,40,"['기능', '예제', '학습', '작업', '설명']"
942,2014,회사에서 바로 통하는 엑셀(2010),41,"['실무', '엑셀', '기능', '설명', '실습']"
943,2014,모바일과 통하는 포토샵 CS6 무작정 따라하기,47,"['기능', '예제', '필수', '구성', '수록']"
944,2014,10년차 디자이너에게 1:1로 배우는 일러스트레이터 디자인 강의,48,"['디자이너', '디자인', '레이', '실무', '러스트']"
945,2014,엑셀장인의 엑셀 2013 마스터링 북,49,"['엑셀', '버전', '실용', '함수', '수식']"
946,2014,AutoCAD 2013 무작정 따라하기,50,"['기능', '정리', '도면', '핵심', '예제']"
947,2014,C & JAVA 프로그래밍 입문 1,54,"['해결', '문제', '프로그래밍', '방식', '제시']"
948,2014,엑셀 2007,55,"['엑셀', '작정', '사용', '내용', '도구']"
949,2014,브이레이 for 스케치업,57,"['브이', '레이', '스케치업', '이론', '제공']"
950,2014,엑셀 & 파워포인트 2007 무작정 따라하기,58,"['포인트', '기능', '파워', '예제', '엑셀']"
951,2015,토비의 스프링 3.1 세트,66,"['스프링', '기술', '기법', '프레임', '적용']"
952,2014,한글 2010 기초 실무 무작정 따라하기,60,"['한글', '실무', '사용자', '메뉴', '작성']"
953,2014,윤성우의 열혈 TCP/IP 소켓 프로그래밍(2010),61,"['프로그래밍', '소켓', '윤성우', '설명', '초보자']"
954,2014,포토샵 CS6 Using Bible,63,"['노하우', '잡지', '광고', '프로', '사용']"
955,2014,엑셀 2010 무작정 따라하기: 회사실무,65,"['실무', '엑셀', '사용자', '기초', '설명']"
956,2015,엑셀 2013 바이블,77,"['엑셀', '기능', '업무', '활용', '구성']"
957,2023,개발자도 알아야할 소프트웨어 테스팅 실무,70,"['스팅', '상호', '테스트', '연관', '체계']"
958,2014,엑셀 파워포인트 워드 2010 무작정 따라하기: 필수 기능,71,"['기능', '엑셀', '필수', '오피스', '포인트']"
959,2014,쇼핑몰 창업 운영 무작정 따라하기,76,"['창업', '쇼핑몰', '운영', '작정', '시각']"
960,2015,좋아 보이는 것들의 비밀 인포그래픽,108,"['그래픽', '정보', '사용', '시각', '디자인']"
961,2015,맛있는 디자인 포토샵 CS6,73,"['디자이너', '예비', '기능', '조사', '소스']"
962,2014,포토샵 사진 강의,80,"['사진', '프린트', '작업실', '작품', '기능']"
963,2014,인사이드 자바스크립트,82,"['자바스크립트', '공부', '목적', '기초', '응용']"
964,2014,8주 완성 고객이 몰려오는 블로그 마케팅,83,"['블로그', '마케팅', '고객', '방법', '비법']"
965,2014,엑셀&파워포인트2013 + 한글2010 무작정 따라하기,85,"['업무', '기능', '실무', '포인트', '한글']"
966,2014,Mastering 워드프레스 실전 사이트 제작북,90,"['워드프레스', '설치', '테마', '기능', '안내']"
967,2014,Good Design : 좋아 보이는 것들의 비밀,92,"['디자인', '조형', '형태', '감각', '사례']"
968,2014,단언컨대 가장 완벽한 마인크래프트 공략집,93,"['마인크래프트', '공략', '플레이어', '완벽', '세상']"
969,2014,Beginning 워드프레스로 홈페이지 블로그 만들기,95,"['워드프레스', '기능', '핵심', '예제', '활용']"
970,2016,회사에서 바로 통하는 엑셀 2013,86,"['엑셀', '기능', '활용', '사용', '실무']"
971,2014,Make: 아두이노 DIY 프로젝트,102,"['아두이노', '프로젝트', '취미', '로봇', '적용']"
972,2014,엑셀 2010 바이블,104,"['엑셀', '기능', '업무', '사용', '마이크로소프트']"
973,2014,3D 모델링 마스터클래스,106,"['방법', '모델링', '기법', '설명', '현업']"
974,2014,김태용의 리눅스 쉘 스크립트 프로그래밍 입문,108,"['리눅스', '프로그래밍', '김태용', '사용', '스크립트']"
975,2014,열혈강의 VISUAL C++ 2008 MFC 윈도우 프로그래밍,111,"['프로그래밍', '윈도우', '최신', '학습', '검증']"
976,2014,린 스타트업,112,"['창업', '스타트', '과학', '실현', '지속']"
977,2014,실력파 디자이너가 되는 포토샵,114,"['디자인', '고급', '스키', '사용자', '담당']"
978,2014,회사에서 바로 통하는 일러스트레이터 CS5,118,"['러스트', '레이', '부분', '회사', '저자']"
979,2014,엑셀 2010 더 쉽게 배우기,120,"['엑셀', '기능', '예제', '노하우', '문제']"
980,2014,인디자인(Indesign) CC/CS6 슈퍼 테크닉 노트,121,"['패널', '메뉴', '단락', '사용법', '고리']"
981,2014,열혈강의 자바 웹 개발 워크북,122,"['개발', '내용', '동적', '자바', '한정']"
982,2014,100만 방문자와 소통하는 파워블로그 만들기,123,"['블로그', '파워', '방법', '블로거', '마케팅']"
983,2014,내 업무 반으로 줄이는 파워포인트 2010,124,"['업무', '파워', '포인트', '해도', '실무']"
984,2014,개발자와 DBA를 위한 Real MySQL,128,"['개발', '서버', '데이터', '기본', '이용']"
985,2023,미래를 바꾼 아홉 가지 알고리즘,47,"['가지', '아이디어', '알고리즘', '컴퓨터', '설명']"
986,2014,리버싱 핵심 원리,134,"['리버', '핵심', '원리', '기술', '소개']"
987,2014,Head First Java,135,"['프로그래밍', '자바', '게임', '네트워크', '체험']"
988,2023,진짜 쓰는 실무 엑셀,2,"['엑셀', '실무', '기능', '자료', '개선']"
989,2023,회사는 엑셀을 가르쳐주지 않아요,3,"['엑셀', '필요', '종이', '실무', '인턴십']"
990,2023,혼자 공부하는 파이썬,4,"['입문자', '혼자', '학습', '파이썬', '내용']"
991,2023,Do it! 점프 투 파이썬,5,"['파이썬', '프로그래밍', '직장인', '중고등학생', '개정판']"
992,2023,혼자 공부하는 머신러닝+딥러닝,6,"['입문자', '학습', '머신', '러닝', '개념']"
993,2023,비전공자를 위한 이해할 수 있는 IT 지식,7,"['이야기', '이해', '시대', '지식', '계속']"
994,2023,맛있는 디자인 포토샵&일러스트레이터 CC 2023,8,"['학습', '기능', '레이', '실습', '러스트']"
995,2023,회사에서 바로 통하는 실무 엑셀 파워포인트 워드한글,9,"['실무', '엑셀', '문서', '포인트', '워드']"
996,2023,직장인을 위한 실무 엑셀,10,"['엑셀', '분석', '버전', '사용', '해결']"
997,2023,혼자 공부하는 컴퓨터 구조+운영체제,11,"['컴퓨터', '체제', '운영', '입문자', '구조']"
998,2023,2023 유선배 SQL개발자(SQLD) 과외노트,12,"['문제', '이론', '해설', '시험', '강의']"
999,2023,Clean Code(클린 코드),13,"['코드', '소프트웨어', '클린', '장인', '가치']"
1000,2023,면접을 위한 CS 전공지식 노트,14,"['면접', '지식', '패턴', '개발자', '디자인']"
1001,2023,퇴근 후 스마트스토어로 투잡하기,15,"['시간', '사람', '스마트', '저자', '상품']"
1002,2023,진짜 쓰는 실무 엑셀,2,"['엑셀', '실무', '기능', '자료', '개선']"
1003,2023,회사는 엑셀을 가르쳐주지 않아요,3,"['엑셀', '필요', '종이', '실무', '인턴십']"
1004,2023,혼자 공부하는 파이썬,4,"['입문자', '혼자', '학습', '파이썬', '내용']"
1005,2023,Do it! 점프 투 파이썬,5,"['파이썬', '프로그래밍', '직장인', '중고등학생', '개정판']"
1006,2023,혼자 공부하는 머신러닝+딥러닝,6,"['입문자', '학습', '머신', '러닝', '개념']"
1007,2023,비전공자를 위한 이해할 수 있는 IT 지식,7,"['이야기', '이해', '시대', '지식', '계속']"
1008,2023,맛있는 디자인 포토샵&일러스트레이터 CC 2023,8,"['학습', '기능', '레이', '실습', '러스트']"
1009,2023,회사에서 바로 통하는 실무 엑셀 파워포인트 워드한글,9,"['실무', '엑셀', '문서', '포인트', '워드']"
1010,2023,직장인을 위한 실무 엑셀,10,"['엑셀', '분석', '버전', '사용', '해결']"
1011,2023,혼자 공부하는 컴퓨터 구조+운영체제,11,"['컴퓨터', '체제', '운영', '입문자', '구조']"
1012,2023,2023 유선배 SQL개발자(SQLD) 과외노트,12,"['문제', '이론', '해설', '시험', '강의']"
1013,2023,Clean Code(클린 코드),13,"['코드', '소프트웨어', '클린', '장인', '가치']"
1014,2023,면접을 위한 CS 전공지식 노트,14,"['면접', '지식', '패턴', '개발자', '디자인']"
1015,2023,퇴근 후 스마트스토어로 투잡하기,15,"['시간', '사람', '스마트', '저자', '상품']"
1016,2023,진짜 쓰는 실무 엑셀,2,"['엑셀', '실무', '기능', '자료', '개선']"
1017,2023,회사는 엑셀을 가르쳐주지 않아요,3,"['엑셀', '필요', '종이', '실무', '인턴십']"
1018,2023,혼자 공부하는 파이썬,4,"['입문자', '혼자', '학습', '파이썬', '내용']"
1019,2023,Do it! 점프 투 파이썬,5,"['파이썬', '프로그래밍', '직장인', '중고등학생', '개정판']"
1020,2023,혼자 공부하는 머신러닝+딥러닝,6,"['입문자', '학습', '머신', '러닝', '개념']"
1021,2023,비전공자를 위한 이해할 수 있는 IT 지식,7,"['이야기', '이해', '시대', '지식', '계속']"
1022,2023,맛있는 디자인 포토샵&일러스트레이터 CC 2023,8,"['학습', '기능', '레이', '실습', '러스트']"
1023,2023,회사에서 바로 통하는 실무 엑셀 파워포인트 워드한글,9,"['실무', '엑셀', '문서', '포인트', '워드']"
1024,2023,직장인을 위한 실무 엑셀,10,"['엑셀', '분석', '버전', '사용', '해결']"
1025,2023,혼자 공부하는 컴퓨터 구조+운영체제,11,"['컴퓨터', '체제', '운영', '입문자', '구조']"
1026,2023,2023 유선배 SQL개발자(SQLD) 과외노트,12,"['문제', '이론', '해설', '시험', '강의']"
1027,2023,Clean Code(클린 코드),13,"['코드', '소프트웨어', '클린', '장인', '가치']"
1028,2023,면접을 위한 CS 전공지식 노트,14,"['면접', '지식', '패턴', '개발자', '디자인']"
1029,2023,퇴근 후 스마트스토어로 투잡하기,15,"['시간', '사람', '스마트', '저자', '상품']"
1030,2023,진짜 쓰는 실무 엑셀,2,"['엑셀', '실무', '기능', '자료', '개선']"
1031,2023,회사는 엑셀을 가르쳐주지 않아요,3,"['엑셀', '필요', '종이', '실무', '인턴십']"
1032,2023,혼자 공부하는 파이썬,4,"['입문자', '혼자', '학습', '파이썬', '내용']"
1033,2023,Do it! 점프 투 파이썬,5,"['파이썬', '프로그래밍', '직장인', '중고등학생', '개정판']"
1034,2023,혼자 공부하는 머신러닝+딥러닝,6,"['입문자', '학습', '머신', '러닝', '개념']"
1035,2023,비전공자를 위한 이해할 수 있는 IT 지식,7,"['이야기', '이해', '시대', '지식', '계속']"
1036,2023,맛있는 디자인 포토샵&일러스트레이터 CC 2023,8,"['학습', '기능', '레이', '실습', '러스트']"
1037,2023,회사에서 바로 통하는 실무 엑셀 파워포인트 워드한글,9,"['실무', '엑셀', '문서', '포인트', '워드']"
1038,2023,직장인을 위한 실무 엑셀,10,"['엑셀', '분석', '버전', '사용', '해결']"
1039,2023,혼자 공부하는 컴퓨터 구조+운영체제,11,"['컴퓨터', '체제', '운영', '입문자', '구조']"
1040,2023,2023 유선배 SQL개발자(SQLD) 과외노트,12,"['문제', '이론', '해설', '시험', '강의']"
1041,2023,Clean Code(클린 코드),13,"['코드', '소프트웨어', '클린', '장인', '가치']"
1042,2023,면접을 위한 CS 전공지식 노트,14,"['면접', '지식', '패턴', '개발자', '디자인']"
1043,2023,퇴근 후 스마트스토어로 투잡하기,15,"['시간', '사람', '스마트', '저자', '상품']"
1044,2023,진짜 쓰는 실무 엑셀,2,"['엑셀', '실무', '기능', '자료', '개선']"
1045,2023,회사는 엑셀을 가르쳐주지 않아요,3,"['엑셀', '필요', '종이', '실무', '인턴십']"
1046,2023,혼자 공부하는 파이썬,4,"['입문자', '혼자', '학습', '파이썬', '내용']"
1047,2023,Do it! 점프 투 파이썬,5,"['파이썬', '프로그래밍', '직장인', '중고등학생', '개정판']"
1048,2023,혼자 공부하는 머신러닝+딥러닝,6,"['입문자', '학습', '머신', '러닝', '개념']"
1049,2023,비전공자를 위한 이해할 수 있는 IT 지식,7,"['이야기', '이해', '시대', '지식', '계속']"
1050,2023,맛있는 디자인 포토샵&일러스트레이터 CC 2023,8,"['학습', '기능', '레이', '실습', '러스트']"
1051,2023,회사에서 바로 통하는 실무 엑셀 파워포인트 워드한글,9,"['실무', '엑셀', '문서', '포인트', '워드']"
1052,2023,직장인을 위한 실무 엑셀,10,"['엑셀', '분석', '버전', '사용', '해결']"
1053,2023,혼자 공부하는 컴퓨터 구조+운영체제,11,"['컴퓨터', '체제', '운영', '입문자', '구조']"
1054,2023,2023 유선배 SQL개발자(SQLD) 과외노트,12,"['문제', '이론', '해설', '시험', '강의']"
1055,2023,Clean Code(클린 코드),13,"['코드', '소프트웨어', '클린', '장인', '가치']"
1056,2023,면접을 위한 CS 전공지식 노트,14,"['면접', '지식', '패턴', '개발자', '디자인']"
1057,2023,퇴근 후 스마트스토어로 투잡하기,15,"['시간', '사람', '스마트', '저자', '상품']"
1058,2023,진짜 쓰는 실무 엑셀,2,"['엑셀', '실무', '기능', '자료', '개선']"
1059,2023,회사는 엑셀을 가르쳐주지 않아요,3,"['엑셀', '필요', '종이', '실무', '인턴십']"
1060,2023,혼자 공부하는 파이썬,4,"['입문자', '혼자', '학습', '파이썬', '내용']"
1061,2023,Do it! 점프 투 파이썬,5,"['파이썬', '프로그래밍', '직장인', '중고등학생', '개정판']"
1062,2023,혼자 공부하는 머신러닝+딥러닝,6,"['입문자', '학습', '머신', '러닝', '개념']"
1063,2023,비전공자를 위한 이해할 수 있는 IT 지식,7,"['이야기', '이해', '시대', '지식', '계속']"
1064,2023,맛있는 디자인 포토샵&일러스트레이터 CC 2023,8,"['학습', '기능', '레이', '실습', '러스트']"
1065,2023,회사에서 바로 통하는 실무 엑셀 파워포인트 워드한글,9,"['실무', '엑셀', '문서', '포인트', '워드']"
1066,2023,직장인을 위한 실무 엑셀,10,"['엑셀', '분석', '버전', '사용', '해결']"
1067,2023,혼자 공부하는 컴퓨터 구조+운영체제,11,"['컴퓨터', '체제', '운영', '입문자', '구조']"
1068,2023,2023 유선배 SQL개발자(SQLD) 과외노트,12,"['문제', '이론', '해설', '시험', '강의']"
1069,2023,Clean Code(클린 코드),13,"['코드', '소프트웨어', '클린', '장인', '가치']"
1070,2023,면접을 위한 CS 전공지식 노트,14,"['면접', '지식', '패턴', '개발자', '디자인']"
1071,2023,퇴근 후 스마트스토어로 투잡하기,15,"['시간', '사람', '스마트', '저자', '상품']"
1072,2023,진짜 쓰는 실무 엑셀,2,"['엑셀', '실무', '기능', '자료', '개선']"
1073,2023,회사는 엑셀을 가르쳐주지 않아요,3,"['엑셀', '필요', '종이', '실무', '인턴십']"
1074,2023,혼자 공부하는 파이썬,4,"['입문자', '혼자', '학습', '파이썬', '내용']"
1075,2023,Do it! 점프 투 파이썬,5,"['파이썬', '프로그래밍', '직장인', '중고등학생', '개정판']"
1076,2023,혼자 공부하는 머신러닝+딥러닝,6,"['입문자', '학습', '머신', '러닝', '개념']"
1077,2023,비전공자를 위한 이해할 수 있는 IT 지식,7,"['이야기', '이해', '시대', '지식', '계속']"
1078,2023,맛있는 디자인 포토샵&일러스트레이터 CC 2023,8,"['학습', '기능', '레이', '실습', '러스트']"
1079,2023,회사에서 바로 통하는 실무 엑셀 파워포인트 워드한글,9,"['실무', '엑셀', '문서', '포인트', '워드']"
1080,2023,직장인을 위한 실무 엑셀,10,"['엑셀', '분석', '버전', '사용', '해결']"
1081,2023,혼자 공부하는 컴퓨터 구조+운영체제,11,"['컴퓨터', '체제', '운영', '입문자', '구조']"
1082,2023,2023 유선배 SQL개발자(SQLD) 과외노트,12,"['문제', '이론', '해설', '시험', '강의']"
1083,2023,Clean Code(클린 코드),13,"['코드', '소프트웨어', '클린', '장인', '가치']"
1084,2023,면접을 위한 CS 전공지식 노트,14,"['면접', '지식', '패턴', '개발자', '디자인']"
1085,2023,퇴근 후 스마트스토어로 투잡하기,15,"['시간', '사람', '스마트', '저자', '상품']"
1086,2023,진짜 쓰는 실무 엑셀,2,"['엑셀', '실무', '기능', '자료', '개선']"
1087,2023,회사는 엑셀을 가르쳐주지 않아요,3,"['엑셀', '필요', '종이', '실무', '인턴십']"
1088,2023,혼자 공부하는 파이썬,4,"['입문자', '혼자', '학습', '파이썬', '내용']"
1089,2023,Do it! 점프 투 파이썬,5,"['파이썬', '프로그래밍', '직장인', '중고등학생', '개정판']"
1090,2023,혼자 공부하는 머신러닝+딥러닝,6,"['입문자', '학습', '머신', '러닝', '개념']"
1091,2023,비전공자를 위한 이해할 수 있는 IT 지식,7,"['이야기', '이해', '시대', '지식', '계속']"
1092,2023,맛있는 디자인 포토샵&일러스트레이터 CC 2023,8,"['학습', '기능', '레이', '실습', '러스트']"
1093,2023,회사에서 바로 통하는 실무 엑셀 파워포인트 워드한글,9,"['실무', '엑셀', '문서', '포인트', '워드']"
1094,2023,직장인을 위한 실무 엑셀,10,"['엑셀', '분석', '버전', '사용', '해결']"
1095,2023,혼자 공부하는 컴퓨터 구조+운영체제,11,"['컴퓨터', '체제', '운영', '입문자', '구조']"
1096,2023,2023 유선배 SQL개발자(SQLD) 과외노트,12,"['문제', '이론', '해설', '시험', '강의']"
1097,2023,Clean Code(클린 코드),13,"['코드', '소프트웨어', '클린', '장인', '가치']"
1098,2023,면접을 위한 CS 전공지식 노트,14,"['면접', '지식', '패턴', '개발자', '디자인']"
1099,2023,퇴근 후 스마트스토어로 투잡하기,15,"['시간', '사람', '스마트', '저자', '상품']"
1100,2023,진짜 쓰는 실무 엑셀,2,"['엑셀', '실무', '기능', '자료', '개선']"
1101,2023,회사는 엑셀을 가르쳐주지 않아요,3,"['엑셀', '필요', '종이', '실무', '인턴십']"
1102,2023,혼자 공부하는 파이썬,4,"['입문자', '혼자', '학습', '파이썬', '내용']"
1103,2023,Do it! 점프 투 파이썬,5,"['파이썬', '프로그래밍', '직장인', '중고등학생', '개정판']"
1104,2023,혼자 공부하는 머신러닝+딥러닝,6,"['입문자', '학습', '머신', '러닝', '개념']"
1105,2023,비전공자를 위한 이해할 수 있는 IT 지식,7,"['이야기', '이해', '시대', '지식', '계속']"
1106,2023,맛있는 디자인 포토샵&일러스트레이터 CC 2023,8,"['학습', '기능', '레이', '실습', '러스트']"
1107,2023,회사에서 바로 통하는 실무 엑셀 파워포인트 워드한글,9,"['실무', '엑셀', '문서', '포인트', '워드']"
1108,2023,직장인을 위한 실무 엑셀,10,"['엑셀', '분석', '버전', '사용', '해결']"
1109,2023,혼자 공부하는 컴퓨터 구조+운영체제,11,"['컴퓨터', '체제', '운영', '입문자', '구조']"
1110,2023,2023 유선배 SQL개발자(SQLD) 과외노트,12,"['문제', '이론', '해설', '시험', '강의']"
1111,2023,Clean Code(클린 코드),13,"['코드', '소프트웨어', '클린', '장인', '가치']"
1112,2023,면접을 위한 CS 전공지식 노트,14,"['면접', '지식', '패턴', '개발자', '디자인']"
1113,2023,퇴근 후 스마트스토어로 투잡하기,15,"['시간', '사람', '스마트', '저자', '상품']"
