antecedents,consequents
13층,나무
17년,불안
17년,성공
17년,수행
스웨덴,17년
17년,스웨덴
19,코로나
간헐,과일
간헐,다이어트
간헐,단식
단식,간헐
간헐,채소
감량,다이어트
감사,김혜자
김혜자,감사
감사,배우
감사,연기
연기,감사
감사,작품
상위,개념
증보판,개정
전태일,개정판
발행,경제
속성,경제
골드,독자
골드,마음
메리,골드
골드,메리
세탁소,골드
골드,세탁소
골퍼,골프
만점,공부
잠수,공부
샌델,공정
과일,다이어트
과일,단식
단식,과일
과일,채소
코스모스,과정
대결,과학
랜들,과학
먼로,과학
코스모스,과학
호기심,과학
관절,운동
대비,관점
관점,문제
에그,관찰
바이엘,교본
근육,운동
악필,글씨
발행,기념
속성,기념
기타,수학
기타,시간
기타,학습
김혜자,배우
김혜자,연기
연기,김혜자
김혜자,작품
앤디,나무
테리,나무
웃음,남매
으뜸,남매
네모,로직
로직,네모
노무현,대통령
노예,차선
노예,추월
단식,다이어트
채소,다이어트
단식,채소
달러,백화점
백화점,달러
대륙,문명
대륙,세계
대륙,인류
대비,문제
대비,서술
대비,수학
돌파,독자
메리,독자
세탁소,독자
정지아,독자
행자,독자
지문,독해
돌파,에디션
행자,돌파
돌파,행자
바늘,뜨개
라피,리그
먼로,랜들
랜들,먼로
러닝,머신
머신,러닝
오공,리더
메리,마음
세탁소,마음
만점,학습
메리,세탁소
세탁소,메리
메소드,스즈키
스즈키,메소드
일본인,문명
살충제,문제
서술,문제
스도쿠,문제
유형,문제
정지아,문학
분쟁,미국
배터리,미래
미술사,미술
방구석,미술
미술사,서양
바이엘,어린이
바이엘,이탈리아
바이엘,피아노
에그,박사
속도,반복
속성,발행
발행,속성
연기,배우
배터리,산업
배터리,시장
배터리,혁명
부모,아이
분쟁,세계
분쟁,지리
분쟁,한국
스웨덴,불안
불편,이야기
불편,편의점
장소,사람
재능,사람
타인,사람
후회,사람
서문,사피엔스
사피엔스,서문
사피엔스,인류
살충제,생물
살충제,환경
에그,생물
완간,서울
스웨덴,성공
재능,성공
일본인,세계
지리,세계
정지아,소설
속도,아이
속도,학습
손흥민,축구
쇼펜하우어,인생
쇼펜하우어,행복
수준,수학
수학자,수학
스웨덴,수행
스티치,자수
의뢰,시간
시집,시인
아들러,용기
정지아,아버지
훈육,아이
테리,앤디
앤디,테리
엉덩이,추리
엉덩이,탐정
에그,자연
행자,에디션
여행자,여행
여행지,여행
프렌즈,여행
온달,역사
연기,작품
연산,학습
완간,오늘
전태일,오늘
완간,이야기
천문학,우주
코스모스,우주
정식,이노
이노,정식
이노,출간
후회,이상
파친코,이야기
편의점,이야기
작별,인간
전태일,인간
카네기,인간관계
일본인,인류
후회,인생
파친코,작가
정식,출간
주식,투자
차선,추월
추월,차선
타로,카드
투자자,투자
파친코,한국
파친코,한국인
"불안, 17년",성공
"불안, 성공",17년
"17년, 성공",불안
17년,"불안, 성공"
"불안, 17년",수행
"불안, 수행",17년
"17년, 수행",불안
17년,"불안, 수행"
"불안, 17년",스웨덴
"불안, 스웨덴",17년
"스웨덴, 17년",불안
17년,"불안, 스웨덴"
스웨덴,"불안, 17년"
"17년, 성공",수행
"17년, 수행",성공
"성공, 수행",17년
17년,"성공, 수행"
"스웨덴, 17년",성공
"스웨덴, 성공",17년
"17년, 성공",스웨덴
스웨덴,"17년, 성공"
17년,"스웨덴, 성공"
"스웨덴, 17년",수행
"스웨덴, 수행",17년
"17년, 수행",스웨덴
스웨덴,"17년, 수행"
17년,"스웨덴, 수행"
"다이어트, 간헐",과일
"다이어트, 과일",간헐
"간헐, 과일",다이어트
간헐,"다이어트, 과일"
"간헐, 과일",단식
"간헐, 단식",과일
"과일, 단식",간헐
간헐,"과일, 단식"
"간헐, 과일",채소
"간헐, 채소",과일
"과일, 채소",간헐
간헐,"과일, 채소"
"다이어트, 간헐",단식
"다이어트, 단식",간헐
"간헐, 단식",다이어트
간헐,"다이어트, 단식"
"다이어트, 간헐",채소
"다이어트, 채소",간헐
"간헐, 채소",다이어트
간헐,"다이어트, 채소"
"간헐, 채소",단식
"간헐, 단식",채소
"채소, 단식",간헐
간헐,"채소, 단식"
"감사, 배우",김혜자
"감사, 김혜자",배우
"배우, 김혜자",감사
감사,"배우, 김혜자"
김혜자,"감사, 배우"
"감사, 김혜자",연기
"감사, 연기",김혜자
"김혜자, 연기",감사
감사,"김혜자, 연기"
김혜자,"감사, 연기"
연기,"감사, 김혜자"
"감사, 작품",김혜자
"감사, 김혜자",작품
"작품, 김혜자",감사
감사,"작품, 김혜자"
김혜자,"감사, 작품"
"감사, 배우",연기
"감사, 연기",배우
"배우, 연기",감사
감사,"배우, 연기"
연기,"감사, 배우"
"감사, 배우",작품
"감사, 작품",배우
"배우, 작품",감사
감사,"배우, 작품"
"감사, 작품",연기
"감사, 연기",작품
"작품, 연기",감사
감사,"작품, 연기"
연기,"감사, 작품"
"기분, 인생",감정
"감정, 인생",기분
"개념, 평가",문제
"사고력, 상위",개념
"상위, 개념",사고력
"사고력, 수준",개념
"사고력, 개념",수준
"수준, 개념",사고력
"사고력, 수학",개념
"사고력, 개념",수학
"상위, 수준",개념
"상위, 개념",수준
"상위, 수학",개념
"수준, 수학",개념
"수준, 개념",수학
"증보판, 독자",개정
"증보판, 개정",독자
"사회, 오늘",개정판
"사회, 개정판",오늘
"사회, 전태일",개정판
"사회, 개정판",전태일
"오늘, 인간",개정판
"인간, 개정판",오늘
"오늘, 일기",개정판
"일기, 개정판",오늘
"전태일, 오늘",개정판
"전태일, 개정판",오늘
"오늘, 개정판",전태일
전태일,"오늘, 개정판"
"전태일, 인간",개정판
"인간, 개정판",전태일
"전태일, 일기",개정판
"일기, 개정판",전태일
"경제, 발행",기념
"발행, 기념",경제
"경제, 기념",발행
발행,"경제, 기념"
"속성, 경제",기념
"속성, 기념",경제
"경제, 기념",속성
속성,"경제, 기념"
"속성, 발행",경제
"속성, 경제",발행
"경제, 발행",속성
속성,"경제, 발행"
발행,"속성, 경제"
"고통, 쇼펜하우어",마음
"고통, 마음",쇼펜하우어
"쇼펜하우어, 마음",고통
"고통, 마음",인생
"고통, 인생",마음
"고통, 마음",행복
"고통, 행복",마음
"고통, 쇼펜하우어",인생
"고통, 인생",쇼펜하우어
"쇼펜하우어, 인생",고통
"고통, 쇼펜하우어",행복
"고통, 행복",쇼펜하우어
"쇼펜하우어, 행복",고통
"고통, 인생",행복
"고통, 행복",인생
"독자, 골드",마음
"골드, 마음",독자
골드,"독자, 마음"
"메리, 골드",독자
"독자, 골드",메리
"메리, 독자",골드
골드,"메리, 독자"
메리,"독자, 골드"
"세탁소, 골드",독자
"독자, 골드",세탁소
"세탁소, 독자",골드
골드,"세탁소, 독자"
세탁소,"독자, 골드"
"메리, 골드",마음
"메리, 마음",골드
"골드, 마음",메리
메리,"골드, 마음"
골드,"메리, 마음"
"세탁소, 골드",마음
"세탁소, 마음",골드
"골드, 마음",세탁소
세탁소,"골드, 마음"
골드,"세탁소, 마음"
"메리, 세탁소",골드
"메리, 골드",세탁소
"세탁소, 골드",메리
메리,"세탁소, 골드"
세탁소,"메리, 골드"
골드,"메리, 세탁소"
"공부, 아이들",교육
"아이들, 교육",공부
"교재, 국어",공부
"국어, 공부",교재
"교재, 독해",공부
"교재, 어휘",공부
"공부, 어휘",교재
"국어, 독해",공부
"국어, 공부",독해
"국어, 공부",어휘
"국어, 어휘",공부
"공부, 어휘",국어
"독해, 어휘",공부
"공부, 어휘",독해
"만점, 공부",학습
"만점, 학습",공부
만점,"공부, 학습"
"순간, 분야",공부
"순간, 공부",분야
"분야, 공부",순간
"분야, 공부",아이
"분야, 아이",공부
"분야, 공부",청소년
"공부, 청소년",분야
"순간, 공부",아이
"순간, 아이",공부
"순간, 공부",청소년
"순간, 청소년",공부
"공부, 청소년",순간
"공부, 청소년",아이
"아이, 청소년",공부
"다이어트, 과일",단식
"다이어트, 단식",과일
"과일, 단식",다이어트
과일,"다이어트, 단식"
단식,"다이어트, 과일"
"다이어트, 과일",채소
"다이어트, 채소",과일
"과일, 채소",다이어트
과일,"다이어트, 채소"
"과일, 단식",채소
"과일, 채소",단식
"채소, 단식",과일
과일,"채소, 단식"
단식,"과일, 채소"
"과정, 생명",과학
"과학, 생명",과정
"과정, 우주",과학
"과정, 저자",과학
"과정, 과학",코스모스
"과정, 코스모스",과학
"과학, 코스모스",과정
코스모스,"과정, 과학"
"과정, 생명",코스모스
"생명, 코스모스",과정
"과정, 우주",코스모스
"과정, 저자",코스모스
"저자, 코스모스",과정
"호기심, 과학",남매
"호기심, 남매",과학
"과학, 대결",실험
"대결, 실험",과학
"과학, 먼로",랜들
"과학, 랜들",먼로
"먼로, 랜들",과학
먼로,"과학, 랜들"
랜들,"과학, 먼로"
"과학, 생명",코스모스
"생명, 코스모스",과학
"코스모스, 우주",과학
"저자, 코스모스",과학
"대비, 문제",관점
"대비, 관점",문제
"관점, 문제",대비
대비,"관점, 문제"
"대비, 서술",관점
"대비, 관점",서술
"서술, 관점",대비
대비,"서술, 관점"
"대비, 수학",관점
"대비, 관점",수학
"수학, 관점",대비
대비,"수학, 관점"
"서술, 문제",관점
"서술, 관점",문제
"관점, 문제",서술
"관점, 문제",수학
"수학, 관점",문제
"서술, 수학",관점
"서술, 관점",수학
"수학, 관점",서술
"관찰, 생물",박사
"관찰, 박사",생물
"생물, 박사",관찰
"관찰, 에그",박사
"관찰, 박사",에그
"에그, 박사",관찰
에그,"관찰, 박사"
"자연, 관찰",박사
"자연, 박사",관찰
"관찰, 박사",자연
"관찰, 생물",에그
"관찰, 에그",생물
"생물, 에그",관찰
에그,"관찰, 생물"
"자연, 관찰",생물
"자연, 생물",관찰
"관찰, 생물",자연
"자연, 관찰",에그
"자연, 에그",관찰
"관찰, 에그",자연
에그,"자연, 관찰"
"교본, 메소드",스즈키
"교본, 스즈키",메소드
"교본, 어린이",바이엘
"교본, 바이엘",어린이
"어린이, 바이엘",교본
바이엘,"교본, 어린이"
"교본, 바이엘",이탈리아
"교본, 이탈리아",바이엘
"이탈리아, 바이엘",교본
바이엘,"교본, 이탈리아"
"교본, 바이엘",피아노
"교본, 피아노",바이엘
"피아노, 바이엘",교본
바이엘,"교본, 피아노"
"교본, 어린이",이탈리아
"교본, 이탈리아",어린이
"어린이, 이탈리아",교본
"교본, 어린이",피아노
"교본, 피아노",어린이
"어린이, 피아노",교본
"교본, 이탈리아",피아노
"교본, 피아노",이탈리아
"피아노, 이탈리아",교본
"교재, 국어",독해
"교재, 독해",국어
"국어, 독해",교재
"교재, 국어",어휘
"교재, 어휘",국어
"국어, 어휘",교재
"교재, 독해",어휘
"교재, 어휘",독해
"독해, 어휘",교재
"교재, 사람",피아노
"교재, 피아노",사람
"사람, 피아노",교재
"교재, 연주",피아노
"수학, 구성",문제
"구성, 유형",문제
"수학, 구성",유형
"구성, 유형",수학
"수학, 구성",학습
"구성, 유형",학습
"세대, 국민",김미경
"세대, 김미경",국민
"국민, 김미경",세대
"국민, 김미경",이후
"국민, 이후",김미경
"김미경, 이후",국민
"국민, 김미경",인생
"국민, 인생",김미경
"김미경, 인생",국민
"세대, 국민",이후
"세대, 이후",국민
"국민, 이후",세대
"세대, 국민",인생
"세대, 인생",국민
"국민, 인생",세대
"국민, 인생",이후
"국민, 이후",인생
"인생, 이후",국민
"국어, 독해",어휘
"국어, 어휘",독해
"독해, 어휘",국어
"속성, 발행",기념
"속성, 기념",발행
"발행, 기념",속성
속성,"발행, 기념"
발행,"속성, 기념"
"원리, 기적",학습
"학습, 기적",원리
"원리, 한글",기적
"기적, 한글",원리
"원리, 기적",한글
"학습, 한글",기적
"기적, 한글",학습
"학습, 기적",한글
"기타, 수학",시간
"기타, 시간",수학
"수학, 시간",기타
기타,"수학, 시간"
"기타, 수학",프로그램
"기타, 프로그램",수학
"수학, 프로그램",기타
"기타, 학습",수학
"기타, 수학",학습
기타,"수학, 학습"
"기타, 프로그램",시간
"기타, 시간",프로그램
"프로그램, 시간",기타
"기타, 학습",시간
"기타, 시간",학습
"학습, 시간",기타
기타,"학습, 시간"
"기타, 학습",프로그램
"기타, 프로그램",학습
"학습, 프로그램",기타
"세대, 김미경",이후
"세대, 이후",김미경
"김미경, 이후",세대
"세대, 김미경",인생
"세대, 인생",김미경
"김미경, 인생",세대
"김미경, 인생",이후
"김미경, 이후",인생
"인생, 이후",김미경
"배우, 김혜자",연기
"배우, 연기",김혜자
"김혜자, 연기",배우
김혜자,"배우, 연기"
연기,"배우, 김혜자"
"배우, 작품",김혜자
"배우, 김혜자",작품
"작품, 김혜자",배우
김혜자,"배우, 작품"
"작품, 김혜자",연기
"작품, 연기",김혜자
"김혜자, 연기",작품
김혜자,"작품, 연기"
연기,"작품, 김혜자"
"나무, 테리",앤디
"나무, 앤디",테리
"테리, 앤디",나무
테리,"나무, 앤디"
앤디,"나무, 테리"
"남매, 유튜브",웃음
"유튜브, 웃음",남매
"일상, 남매",웃음
"일상, 웃음",남매
"일상, 유튜브",남매
"차선, 노예",추월
"추월, 노예",차선
노예,"차선, 추월"
"노화, 장수",최신
"노화, 최신",장수
"장수, 최신",노화
"다이어트, 채소",단식
"다이어트, 단식",채소
"채소, 단식",다이어트
단식,"다이어트, 채소"
"대륙, 세계",문명
"대륙, 문명",세계
대륙,"세계, 문명"
"대륙, 인류",문명
"대륙, 문명",인류
대륙,"인류, 문명"
"대륙, 인류",세계
"대륙, 세계",인류
대륙,"인류, 세계"
"대비, 서술",문제
"대비, 문제",서술
"서술, 문제",대비
대비,"서술, 문제"
"대비, 수학",문제
"대비, 문제",수학
대비,"수학, 문제"
"대비, 서술",수학
"대비, 수학",서술
"서술, 수학",대비
대비,"서술, 수학"
"에디션, 독자",돌파
"에디션, 돌파",독자
"독자, 돌파",에디션
돌파,"에디션, 독자"
"독자, 행자",돌파
"행자, 돌파",독자
"독자, 돌파",행자
행자,"독자, 돌파"
돌파,"독자, 행자"
"메리, 독자",마음
"메리, 마음",독자
메리,"독자, 마음"
"세탁소, 독자",마음
"세탁소, 마음",독자
세탁소,"독자, 마음"
"메리, 세탁소",독자
"메리, 독자",세탁소
"세탁소, 독자",메리
메리,"세탁소, 독자"
세탁소,"메리, 독자"
"문학, 독자",소설
"문학, 아버지",독자
"문학, 독자",아버지
"아버지, 독자",문학
"문학, 정지아",독자
"문학, 독자",정지아
"정지아, 독자",문학
정지아,"문학, 독자"
"소설, 불편",독자
"불편, 독자",소설
"불편, 독자",이야기
"불편, 독자",편의점
"독자, 편의점",불편
"소설, 아버지",독자
"아버지, 독자",소설
"소설, 정지아",독자
"정지아, 독자",소설
정지아,"소설, 독자"
"소설, 편의점",독자
"독자, 편의점",소설
"정지아, 아버지",독자
"정지아, 독자",아버지
"아버지, 독자",정지아
정지아,"아버지, 독자"
"에디션, 행자",독자
"독자, 행자",에디션
"에디션, 독자",행자
행자,"에디션, 독자"
"독자, 편의점",이야기
"독해, 문제",수록
"독해, 수록",문제
"문제, 수록",독해
"독해, 유형",문제
"독해, 문제",지문
"문제, 지문",독해
"독해, 지문",문제
"독해, 유형",수록
"수록, 유형",독해
"독해, 지문",수록
"독해, 수록",지문
"지문, 수록",독해
"독해, 유형",지문
"지문, 유형",독해
"에디션, 행자",돌파
"에디션, 돌파",행자
"행자, 돌파",에디션
행자,"에디션, 돌파"
돌파,"에디션, 행자"
"메리, 세탁소",마음
"메리, 마음",세탁소
"세탁소, 마음",메리
메리,"세탁소, 마음"
세탁소,"메리, 마음"
"부모, 마음",아이
"쇼펜하우어, 마음",인생
"쇼펜하우어, 인생",마음
"쇼펜하우어, 마음",행복
"쇼펜하우어, 행복",마음
"메소드, 바이올린",스즈키
"바이올린, 스즈키",메소드
"사회, 문명",세계
"사회, 인류",문명
"사회, 문명",인류
"인류, 문명",세계
"세계, 문명",인류
"문명, 일본인",세계
"세계, 일본인",문명
일본인,"세계, 문명"
"인간, 일본인",문명
"인류, 일본인",문명
"문명, 일본인",인류
일본인,"인류, 문명"
"생물, 살충제",문제
"생물, 문제",살충제
"살충제, 문제",생물
살충제,"생물, 문제"
"살충제, 문제",환경
"살충제, 환경",문제
살충제,"문제, 환경"
"생물, 문제",환경
"생물, 환경",문제
"서술, 수학",문제
"서술, 문제",수학
"수록, 유형",문제
"문제, 지문",수록
"문제, 수록",지문
"지문, 수록",문제
"시험, 수학",문제
"수학, 유형",문제
"시험, 유형",문제
"문제, 연산",학습
"지문, 유형",문제
"학습, 유형",문제
"소설, 아버지",문학
"문학, 아버지",소설
"정지아, 문학",소설
"정지아, 소설",문학
정지아,"문학, 소설"
"정지아, 아버지",문학
"정지아, 문학",아버지
"문학, 아버지",정지아
정지아,"문학, 아버지"
"문학, 한국",작품
"미국, 분쟁",세계
"세계, 분쟁",미국
분쟁,"미국, 세계"
"지리, 미국",분쟁
"지리, 분쟁",미국
"미국, 분쟁",지리
분쟁,"지리, 미국"
"한국, 미국",분쟁
"한국, 분쟁",미국
"미국, 분쟁",한국
분쟁,"한국, 미국"
"지리, 미국",세계
"한국, 미국",세계
"한국, 세계",미국
"지리, 한국",미국
"지리, 미국",한국
"한국, 미국",지리
"산업, 배터리",미래
"미래, 배터리",산업
배터리,"산업, 미래"
"배터리, 시장",미래
"미래, 시장",배터리
"미래, 배터리",시장
배터리,"미래, 시장"
"혁명, 배터리",미래
"미래, 배터리",혁명
배터리,"혁명, 미래"
"산업, 시장",미래
"미래, 시장",산업
"산업, 미래",혁명
"혁명, 미래",산업
"혁명, 시장",미래
"미래, 시장",혁명
"미술, 미술사",서양
"미술사, 서양",미술
"미술, 서양",미술사
미술사,"미술, 서양"
"작품, 미술사",미술
"작품, 서양",미술
"작품, 미술사",서양
"작품, 서양",미술사
"자연, 바다",철학
"자연, 철학",바다
"바다, 철학",자연
"어린이, 이탈리아",바이엘
"어린이, 바이엘",이탈리아
"바이엘, 이탈리아",어린이
바이엘,"어린이, 이탈리아"
"어린이, 피아노",바이엘
"어린이, 바이엘",피아노
"바이엘, 피아노",어린이
바이엘,"어린이, 피아노"
"피아노, 이탈리아",바이엘
"바이엘, 이탈리아",피아노
"바이엘, 피아노",이탈리아
바이엘,"피아노, 이탈리아"
"생물, 에그",박사
"생물, 박사",에그
"에그, 박사",생물
에그,"생물, 박사"
"자연, 생물",박사
"자연, 박사",생물
"생물, 박사",자연
"자연, 에그",박사
"자연, 박사",에그
"에그, 박사",자연
에그,"자연, 박사"
"반복, 속도",아이
"반복, 아이",속도
"속도, 아이",반복
속도,"반복, 아이"
"반복, 속도",연산
"반복, 연산",속도
"속도, 연산",반복
"반복, 속도",학습
"학습, 속도",반복
"반복, 학습",속도
속도,"반복, 학습"
"반복, 연산",아이
"아이, 연산",반복
"반복, 아이",연산
"반복, 학습",아이
"반복, 아이",학습
"학습, 아이",반복
"반복, 학습",연산
"반복, 연산",학습
"배우, 작품",연기
"배우, 연기",작품
"작품, 연기",배우
연기,"배우, 작품"
"산업, 시장",배터리
"산업, 배터리",시장
"배터리, 시장",산업
배터리,"산업, 시장"
"산업, 배터리",혁명
"혁명, 배터리",산업
배터리,"산업, 혁명"
"혁명, 시장",배터리
"혁명, 배터리",시장
"배터리, 시장",혁명
배터리,"혁명, 시장"
"불안, 부모",아이
"불안, 아이",부모
"부모, 사랑",아이
"육아, 부모",아이
"육아, 부분",임신
"육아, 임신",부분
"부분, 임신",육아
"부자, 차선",추월
"부자, 추월",차선
"순간, 분야",아이
"순간, 아이",분야
"분야, 아이",순간
"순간, 분야",청소년
"순간, 청소년",분야
"분야, 아이",청소년
"아이, 청소년",분야
"지리, 분쟁",세계
"세계, 분쟁",지리
분쟁,"지리, 세계"
"한국, 세계",분쟁
"한국, 분쟁",세계
"세계, 분쟁",한국
분쟁,"한국, 세계"
"지리, 한국",분쟁
"지리, 분쟁",한국
"한국, 분쟁",지리
분쟁,"지리, 한국"
"불안, 성공",수행
"불안, 수행",성공
"성공, 수행",불안
"불안, 성공",스웨덴
"불안, 스웨덴",성공
"스웨덴, 성공",불안
스웨덴,"불안, 성공"
"불안, 스웨덴",수행
"불안, 수행",스웨덴
"스웨덴, 수행",불안
스웨덴,"불안, 수행"
"불편, 소설",이야기
"불편, 소설",편의점
"소설, 편의점",불편
"불편, 작품",이야기
"불편, 이야기",편의점
"불편, 편의점",이야기
"이야기, 편의점",불편
불편,"이야기, 편의점"
"불편, 작품",편의점
"작품, 편의점",불편
"세계사, 사건",역사
"사고력, 상위",수준
"상위, 수준",사고력
"사고력, 상위",수학
"상위, 수학",사고력
"사고력, 수준",수학
"사고력, 수학",수준
"수준, 수학",사고력
"사람, 재능",성공
"재능, 성공",사람
재능,"사람, 성공"
"사람, 아들러",심리학
"사람, 이상",인생
"이상, 인생",사람
"사람, 후회",이상
"이상, 후회",사람
후회,"사람, 이상"
"사람, 후회",인생
"후회, 인생",사람
후회,"사람, 인생"
"인간, 서문",사피엔스
"인간, 사피엔스",서문
"인류, 서문",사피엔스
"인류, 사피엔스",서문
"서문, 사피엔스",인류
"출간, 서문",사피엔스
"출간, 사피엔스",서문
"서문, 사피엔스",출간
"인류, 사피엔스",인간
"인간, 사피엔스",인류
"출간, 인간",사피엔스
"출간, 사피엔스",인간
"인간, 사피엔스",출간
"출간, 인류",사피엔스
"출간, 사피엔스",인류
"인류, 사피엔스",출간
"사회, 인류",세계
"사회, 전태일",오늘
"사회, 오늘",전태일
"산업, 시장",혁명
"혁명, 시장",산업
"생물, 살충제",환경
"생물, 환경",살충제
"살충제, 환경",생물
살충제,"생물, 환경"
"상위, 수준",수학
"상위, 수학",수준
"자연, 생물",에그
"자연, 에그",생물
"생물, 에그",자연
에그,"자연, 생물"
"인류, 서문",인간
"인간, 서문",인류
"출간, 인간",서문
"출간, 서문",인간
"인간, 서문",출간
"인류, 서문",출간
"인류, 출간",서문
"출간, 서문",인류
"서울, 오늘",완간
"서울, 완간",오늘
"오늘, 완간",서울
완간,"서울, 오늘"
"서울, 오늘",이야기
"서울, 이야기",오늘
"서울, 이야기",완간
"서울, 완간",이야기
"이야기, 완간",서울
완간,"서울, 이야기"
"스웨덴, 성공",수행
"스웨덴, 수행",성공
"성공, 수행",스웨덴
스웨덴,"성공, 수행"
"성공, 자신",저자
"집중, 성공",자신
"집중, 자신",성공
"성공, 자신",집중
"집중, 저자",성공
"집중, 성공",저자
"세계, 세계사",역사
"인간, 일본인",세계
"인류, 일본인",세계
"세계, 일본인",인류
일본인,"인류, 세계"
"지리, 한국",세계
"한국, 세계",지리
"세대, 인생",이후
"세대, 이후",인생
"인생, 이후",세대
"정지아, 아버지",소설
"정지아, 소설",아버지
"소설, 아버지",정지아
정지아,"소설, 아버지"
"소설, 편의점",이야기
"소설, 한국",작품
"속도, 연산",아이
"아이, 연산",속도
"속도, 아이",연산
"학습, 속도",아이
"속도, 아이",학습
"학습, 아이",속도
속도,"학습, 아이"
"학습, 속도",연산
"속도, 연산",학습
"쇼펜하우어, 인생",행복
"쇼펜하우어, 행복",인생
"지문, 유형",수록
"수록, 유형",지문
"수학, 프로그램",시간
"프로그램, 시간",수학
"학습, 시간",수학
"수학, 시간",학습
"시험, 수학",유형
"시험, 유형",수학
"학습, 유형",수학
"수학, 유형",학습
"학습, 프로그램",수학
"수학, 프로그램",학습
"순간, 아이",청소년
"순간, 청소년",아이
"아이, 청소년",순간
"학습, 프로그램",시간
"학습, 시간",프로그램
"프로그램, 시간",학습
"주식, 시장",투자
"투자자, 시장",주식
"투자자, 시장",투자
"용기, 심리학",아들러
"아들러, 심리학",용기
"철학자, 아들러",심리학
"철학자, 심리학",아들러
"철학자, 용기",심리학
"철학자, 심리학",용기
"용기, 심리학",철학자
"철학자, 용기",아들러
"철학자, 아들러",용기
"아이, 연산",학습
"학습, 아이",연산
"어린이, 피아노",이탈리아
"어린이, 이탈리아",피아노
"이탈리아, 피아노",어린이
"엉덩이, 탐정",추리
"추리, 탐정",엉덩이
"엉덩이, 추리",탐정
엉덩이,"추리, 탐정"
"정보, 최신",여행
"오늘, 완간",이야기
"이야기, 완간",오늘
완간,"오늘, 이야기"
"전태일, 인간",오늘
"오늘, 인간",전태일
"전태일, 일기",오늘
"오늘, 일기",전태일
"일상, 유튜브",웃음
"원리, 한글",학습
"학습, 한글",원리
"출간, 정식",이노
"출간, 이노",정식
"정식, 이노",출간
정식,"출간, 이노"
이노,"출간, 정식"
"후회, 인생",이상
"이상, 후회",인생
후회,"이상, 인생"
"이야기, 파친코",작가
"작가, 파친코",이야기
파친코,"이야기, 작가"
"한국, 이야기",작가
"한국인, 이야기",작가
"한국인, 작가",이야기
"작품, 편의점",이야기
"한국, 이야기",파친코
"한국, 파친코",이야기
"이야기, 파친코",한국
파친코,"한국, 이야기"
"한국인, 이야기",파친코
"한국인, 파친코",이야기
"이야기, 파친코",한국인
파친코,"한국인, 이야기"
"한국인, 한국",이야기
"한국인, 이야기",한국
"인간, 일본인",인류
"인류, 출간",인간
"출간, 인간",인류
"혼자, 입문자",학습
"입문자, 학습",혼자
"집중, 저자",자신
"집중, 자신",저자
"한국, 파친코",작가
"작가, 파친코",한국
파친코,"한국, 작가"
"한국인, 작가",파친코
"한국인, 파친코",작가
"작가, 파친코",한국인
파친코,"한국인, 작가"
"한국인, 한국",작가
"한국인, 작가",한국
"투자자, 주식",투자
"한국인, 한국",파친코
"한국인, 파친코",한국
"한국, 파친코",한국인
파친코,"한국인, 한국"
"불안, 17년, 성공",수행
"불안, 17년, 수행",성공
"불안, 성공, 수행",17년
"17년, 성공, 수행",불안
"불안, 17년","성공, 수행"
"불안, 성공","17년, 수행"
"불안, 수행","17년, 성공"
"17년, 성공","불안, 수행"
"17년, 수행","불안, 성공"
"성공, 수행","불안, 17년"
17년,"불안, 성공, 수행"
"불안, 17년, 성공",스웨덴
"불안, 17년, 스웨덴",성공
"불안, 성공, 스웨덴",17년
"스웨덴, 17년, 성공",불안
"불안, 17년","스웨덴, 성공"
"불안, 성공","스웨덴, 17년"
"불안, 스웨덴","17년, 성공"
"17년, 성공","불안, 스웨덴"
"스웨덴, 17년","불안, 성공"
"스웨덴, 성공","불안, 17년"
17년,"불안, 성공, 스웨덴"
스웨덴,"불안, 17년, 성공"
"불안, 17년, 스웨덴",수행
"불안, 17년, 수행",스웨덴
"불안, 스웨덴, 수행",17년
"스웨덴, 17년, 수행",불안
"불안, 17년","스웨덴, 수행"
"불안, 스웨덴","17년, 수행"
"불안, 수행","스웨덴, 17년"
"스웨덴, 17년","불안, 수행"
"17년, 수행","불안, 스웨덴"
"스웨덴, 수행","불안, 17년"
17년,"불안, 스웨덴, 수행"
스웨덴,"불안, 17년, 수행"
"스웨덴, 17년, 성공",수행
"스웨덴, 17년, 수행",성공
"스웨덴, 성공, 수행",17년
"17년, 성공, 수행",스웨덴
"스웨덴, 17년","성공, 수행"
"스웨덴, 성공","17년, 수행"
"스웨덴, 수행","17년, 성공"
"17년, 성공","스웨덴, 수행"
"17년, 수행","스웨덴, 성공"
"성공, 수행","스웨덴, 17년"
스웨덴,"17년, 성공, 수행"
17년,"스웨덴, 성공, 수행"
"다이어트, 간헐, 과일",단식
"다이어트, 간헐, 단식",과일
"다이어트, 과일, 단식",간헐
"간헐, 과일, 단식",다이어트
"다이어트, 간헐","과일, 단식"
"다이어트, 과일","간헐, 단식"
"간헐, 과일","다이어트, 단식"
"간헐, 단식","다이어트, 과일"
"과일, 단식","다이어트, 간헐"
간헐,"다이어트, 과일, 단식"
"다이어트, 간헐, 과일",채소
"다이어트, 간헐, 채소",과일
"다이어트, 과일, 채소",간헐
"간헐, 과일, 채소",다이어트
"다이어트, 간헐","과일, 채소"
"다이어트, 과일","간헐, 채소"
"다이어트, 채소","간헐, 과일"
"간헐, 과일","다이어트, 채소"
"간헐, 채소","다이어트, 과일"
"과일, 채소","다이어트, 간헐"
간헐,"다이어트, 과일, 채소"
"간헐, 과일, 단식",채소
"간헐, 과일, 채소",단식
"간헐, 채소, 단식",과일
"과일, 단식, 채소",간헐
"간헐, 과일","채소, 단식"
"간헐, 단식","과일, 채소"
"간헐, 채소","과일, 단식"
"과일, 단식","간헐, 채소"
"과일, 채소","간헐, 단식"
"채소, 단식","간헐, 과일"
간헐,"과일, 단식, 채소"
"다이어트, 간헐, 채소",단식
"다이어트, 간헐, 단식",채소
"다이어트, 채소, 단식",간헐
"간헐, 채소, 단식",다이어트
"다이어트, 간헐","채소, 단식"
"다이어트, 채소","간헐, 단식"
"간헐, 채소","다이어트, 단식"
"간헐, 단식","다이어트, 채소"
"채소, 단식","다이어트, 간헐"
간헐,"다이어트, 채소, 단식"
"감사, 배우, 김혜자",연기
"감사, 배우, 연기",김혜자
"감사, 김혜자, 연기",배우
"배우, 김혜자, 연기",감사
"감사, 배우","김혜자, 연기"
"감사, 김혜자","배우, 연기"
"감사, 연기","배우, 김혜자"
"배우, 김혜자","감사, 연기"
"배우, 연기","감사, 김혜자"
"김혜자, 연기","감사, 배우"
감사,"배우, 김혜자, 연기"
김혜자,"감사, 배우, 연기"
연기,"감사, 배우, 김혜자"
"감사, 배우, 작품",김혜자
"감사, 배우, 김혜자",작품
"배우, 작품, 김혜자",감사
"감사, 작품, 김혜자",배우
"감사, 배우","작품, 김혜자"
"배우, 작품","감사, 김혜자"
"배우, 김혜자","감사, 작품"
"감사, 작품","배우, 김혜자"
"감사, 김혜자","배우, 작품"
"작품, 김혜자","감사, 배우"
감사,"배우, 작품, 김혜자"
김혜자,"감사, 배우, 작품"
"감사, 작품, 김혜자",연기
"감사, 작품, 연기",김혜자
"감사, 김혜자, 연기",작품
"작품, 연기, 김혜자",감사
"감사, 작품","김혜자, 연기"
"감사, 김혜자","작품, 연기"
"감사, 연기","작품, 김혜자"
"작품, 김혜자","감사, 연기"
"작품, 연기","감사, 김혜자"
"김혜자, 연기","감사, 작품"
감사,"작품, 연기, 김혜자"
김혜자,"감사, 작품, 연기"
연기,"감사, 작품, 김혜자"
"감사, 배우, 작품",연기
"감사, 배우, 연기",작품
"감사, 작품, 연기",배우
"배우, 작품, 연기",감사
"감사, 배우","작품, 연기"
"감사, 작품","배우, 연기"
"감사, 연기","배우, 작품"
"배우, 작품","감사, 연기"
"배우, 연기","감사, 작품"
"작품, 연기","감사, 배우"
감사,"배우, 작품, 연기"
연기,"감사, 배우, 작품"
"사고력, 상위, 수준",개념
"사고력, 상위, 개념",수준
"상위, 수준, 개념",사고력
"사고력, 상위","수준, 개념"
"상위, 수준","사고력, 개념"
"상위, 개념","사고력, 수준"
"사고력, 상위, 수학",개념
"사고력, 상위, 개념",수학
"상위, 개념, 수학",사고력
"사고력, 상위","개념, 수학"
"상위, 수학","사고력, 개념"
"사고력, 수준, 수학",개념
"사고력, 개념, 수학",수준
"사고력, 수준, 개념",수학
"수준, 수학, 개념",사고력
"사고력, 수학","수준, 개념"
"사고력, 수준","개념, 수학"
"사고력, 개념","수준, 수학"
"수준, 수학","사고력, 개념"
"수준, 개념","사고력, 수학"
"상위, 수준, 수학",개념
"상위, 개념, 수학",수준
"상위, 수준, 개념",수학
"상위, 수학","수준, 개념"
"상위, 수준","개념, 수학"
"사회, 전태일, 오늘",개정판
"사회, 전태일, 개정판",오늘
"사회, 오늘, 개정판",전태일
"사회, 전태일","오늘, 개정판"
"사회, 오늘","전태일, 개정판"
"사회, 개정판","전태일, 오늘"
"전태일, 인간, 오늘",개정판
"전태일, 인간, 개정판",오늘
"오늘, 인간, 개정판",전태일
"전태일, 인간","오늘, 개정판"
"오늘, 인간","전태일, 개정판"
"인간, 개정판","전태일, 오늘"
"전태일, 오늘, 일기",개정판
"전태일, 일기, 개정판",오늘
"오늘, 일기, 개정판",전태일
"전태일, 일기","오늘, 개정판"
"오늘, 일기","전태일, 개정판"
"일기, 개정판","전태일, 오늘"
"속성, 경제, 발행",기념
"속성, 발행, 기념",경제
"속성, 경제, 기념",발행
"경제, 발행, 기념",속성
"속성, 발행","경제, 기념"
"속성, 경제","발행, 기념"
"속성, 기념","경제, 발행"
"경제, 발행","속성, 기념"
"발행, 기념","속성, 경제"
"경제, 기념","속성, 발행"
속성,"경제, 발행, 기념"
발행,"속성, 경제, 기념"
"고통, 쇼펜하우어, 마음",인생
"고통, 쇼펜하우어, 인생",마음
"고통, 인생, 마음",쇼펜하우어
"쇼펜하우어, 인생, 마음",고통
"고통, 쇼펜하우어","인생, 마음"
"고통, 마음","쇼펜하우어, 인생"
"고통, 인생","쇼펜하우어, 마음"
"쇼펜하우어, 마음","고통, 인생"
"쇼펜하우어, 인생","고통, 마음"
"고통, 쇼펜하우어, 마음",행복
"고통, 쇼펜하우어, 행복",마음
"고통, 마음, 행복",쇼펜하우어
"쇼펜하우어, 마음, 행복",고통
"고통, 쇼펜하우어","마음, 행복"
"고통, 마음","쇼펜하우어, 행복"
"고통, 행복","쇼펜하우어, 마음"
"쇼펜하우어, 마음","고통, 행복"
"쇼펜하우어, 행복","고통, 마음"
"고통, 인생, 마음",행복
"고통, 마음, 행복",인생
"고통, 인생, 행복",마음
"인생, 마음, 행복",고통
"고통, 마음","인생, 행복"
"고통, 인생","마음, 행복"
"고통, 행복","인생, 마음"
"고통, 쇼펜하우어, 인생",행복
"고통, 쇼펜하우어, 행복",인생
"고통, 인생, 행복",쇼펜하우어
"쇼펜하우어, 인생, 행복",고통
"고통, 쇼펜하우어","인생, 행복"
"고통, 인생","쇼펜하우어, 행복"
"고통, 행복","쇼펜하우어, 인생"
"쇼펜하우어, 인생","고통, 행복"
"쇼펜하우어, 행복","고통, 인생"
"메리, 독자, 마음",골드
"메리, 독자, 골드",마음
"메리, 골드, 마음",독자
"골드, 독자, 마음",메리
"메리, 독자","골드, 마음"
"메리, 마음","골드, 독자"
"메리, 골드","독자, 마음"
"골드, 독자","메리, 마음"
"골드, 마음","메리, 독자"
메리,"골드, 독자, 마음"
골드,"메리, 독자, 마음"
"독자, 세탁소, 골드",마음
"세탁소, 골드, 마음",독자
"독자, 골드, 마음",세탁소
"세탁소, 독자, 마음",골드
"세탁소, 골드","독자, 마음"
"독자, 골드","세탁소, 마음"
"골드, 마음","세탁소, 독자"
"세탁소, 독자","골드, 마음"
"세탁소, 마음","독자, 골드"
골드,"세탁소, 독자, 마음"
세탁소,"독자, 골드, 마음"
"메리, 세탁소, 골드",독자
"메리, 독자, 골드",세탁소
"메리, 세탁소, 독자",골드
"독자, 세탁소, 골드",메리
"메리, 골드","세탁소, 독자"
"메리, 세탁소","독자, 골드"
"메리, 독자","세탁소, 골드"
"세탁소, 골드","메리, 독자"
"독자, 골드","메리, 세탁소"
"세탁소, 독자","메리, 골드"
메리,"독자, 세탁소, 골드"
골드,"메리, 세탁소, 독자"
세탁소,"메리, 독자, 골드"
"메리, 세탁소, 골드",마음
"메리, 세탁소, 마음",골드
"메리, 골드, 마음",세탁소
"세탁소, 골드, 마음",메리
"메리, 세탁소","골드, 마음"
"메리, 골드","세탁소, 마음"
"메리, 마음","세탁소, 골드"
"세탁소, 골드","메리, 마음"
"세탁소, 마음","메리, 골드"
"골드, 마음","메리, 세탁소"
메리,"세탁소, 골드, 마음"
세탁소,"메리, 골드, 마음"
골드,"메리, 세탁소, 마음"
"교재, 국어, 독해",공부
"교재, 국어, 공부",독해
"교재, 독해, 공부",국어
"국어, 독해, 공부",교재
"교재, 국어","독해, 공부"
"교재, 독해","국어, 공부"
"국어, 독해","교재, 공부"
"국어, 공부","교재, 독해"
"교재, 국어, 공부",어휘
"교재, 국어, 어휘",공부
"교재, 공부, 어휘",국어
"국어, 공부, 어휘",교재
"교재, 국어","공부, 어휘"
"교재, 어휘","국어, 공부"
"국어, 공부","교재, 어휘"
"국어, 어휘","교재, 공부"
"공부, 어휘","교재, 국어"
"교재, 독해, 공부",어휘
"교재, 독해, 어휘",공부
"교재, 공부, 어휘",독해
"독해, 공부, 어휘",교재
"교재, 독해","공부, 어휘"
"교재, 어휘","독해, 공부"
"독해, 어휘","교재, 공부"
"공부, 어휘","교재, 독해"
"국어, 독해, 공부",어휘
"국어, 독해, 어휘",공부
"국어, 공부, 어휘",독해
"독해, 공부, 어휘",국어
"국어, 독해","공부, 어휘"
"국어, 공부","독해, 어휘"
"국어, 어휘","독해, 공부"
"독해, 어휘","국어, 공부"
"공부, 어휘","국어, 독해"
"순간, 분야, 공부",아이
"순간, 분야, 아이",공부
"순간, 공부, 아이",분야
"분야, 아이, 공부",순간
"순간, 분야","공부, 아이"
"순간, 공부","분야, 아이"
"순간, 아이","분야, 공부"
"분야, 공부","순간, 아이"
"분야, 아이","순간, 공부"
"순간, 분야, 공부",청소년
"순간, 분야, 청소년",공부
"순간, 공부, 청소년",분야
"분야, 청소년, 공부",순간
"순간, 분야","공부, 청소년"
"순간, 공부","분야, 청소년"
"순간, 청소년","분야, 공부"
"분야, 공부","순간, 청소년"
"공부, 청소년","순간, 분야"
"분야, 아이, 공부",청소년
"분야, 청소년, 공부",아이
"분야, 아이, 청소년",공부
"공부, 아이, 청소년",분야
"분야, 공부","아이, 청소년"
"분야, 아이","공부, 청소년"
"공부, 청소년","분야, 아이"
"아이, 청소년","분야, 공부"
"순간, 공부, 아이",청소년
"순간, 공부, 청소년",아이
"순간, 아이, 청소년",공부
"공부, 아이, 청소년",순간
"순간, 공부","아이, 청소년"
"순간, 아이","공부, 청소년"
"순간, 청소년","공부, 아이"
"공부, 청소년","순간, 아이"
"아이, 청소년","순간, 공부"
"다이어트, 과일, 단식",채소
"다이어트, 과일, 채소",단식
"다이어트, 채소, 단식",과일
"과일, 단식, 채소",다이어트
"다이어트, 과일","채소, 단식"
"다이어트, 단식","과일, 채소"
"다이어트, 채소","과일, 단식"
"과일, 단식","다이어트, 채소"
"과일, 채소","다이어트, 단식"
"채소, 단식","다이어트, 과일"
과일,"다이어트, 채소, 단식"
단식,"다이어트, 과일, 채소"
"과정, 과학, 생명",코스모스
"과정, 코스모스, 생명",과학
"과학, 코스모스, 생명",과정
"과정, 생명","과학, 코스모스"
"과학, 생명","과정, 코스모스"
"코스모스, 생명","과정, 과학"
"과정, 과학, 우주",코스모스
"과정, 우주, 코스모스",과학
"과학, 우주, 코스모스",과정
"과정, 우주","과학, 코스모스"
"과정, 저자, 과학",코스모스
"과정, 저자, 코스모스",과학
"과학, 저자, 코스모스",과정
"과정, 저자","과학, 코스모스"
"저자, 코스모스","과정, 과학"
"대비, 서술, 문제",관점
"대비, 서술, 관점",문제
"대비, 관점, 문제",서술
"관점, 서술, 문제",대비
"대비, 서술","관점, 문제"
"대비, 문제","서술, 관점"
"대비, 관점","서술, 문제"
"서술, 문제","대비, 관점"
"서술, 관점","대비, 문제"
"관점, 문제","대비, 서술"
대비,"관점, 서술, 문제"
"대비, 수학, 문제",관점
"대비, 관점, 문제",수학
"대비, 수학, 관점",문제
"관점, 수학, 문제",대비
"대비, 문제","수학, 관점"
"대비, 수학","관점, 문제"
"대비, 관점","수학, 문제"
"관점, 문제","대비, 수학"
"수학, 관점","대비, 문제"
대비,"관점, 수학, 문제"
"대비, 서술, 수학",관점
"대비, 서술, 관점",수학
"대비, 수학, 관점",서술
"서술, 수학, 관점",대비
"대비, 서술","수학, 관점"
"대비, 수학","서술, 관점"
"대비, 관점","서술, 수학"
"서술, 수학","대비, 관점"
"서술, 관점","대비, 수학"
"수학, 관점","대비, 서술"
대비,"서술, 수학, 관점"
"서술, 수학, 문제",관점
"관점, 서술, 문제",수학
"서술, 수학, 관점",문제
"관점, 수학, 문제",서술
"서술, 문제","수학, 관점"
"서술, 수학","관점, 문제"
"서술, 관점","수학, 문제"
"관점, 문제","서술, 수학"
"수학, 관점","서술, 문제"
"관찰, 생물, 에그",박사
"관찰, 생물, 박사",에그
"관찰, 에그, 박사",생물
"생물, 에그, 박사",관찰
"관찰, 생물","에그, 박사"
"관찰, 에그","생물, 박사"
"관찰, 박사","생물, 에그"
"생물, 에그","관찰, 박사"
"생물, 박사","관찰, 에그"
"에그, 박사","관찰, 생물"
에그,"관찰, 생물, 박사"
"자연, 관찰, 생물",박사
"자연, 관찰, 박사",생물
"자연, 생물, 박사",관찰
"관찰, 생물, 박사",자연
"자연, 관찰","생물, 박사"
"자연, 생물","관찰, 박사"
"자연, 박사","관찰, 생물"
"관찰, 생물","자연, 박사"
"관찰, 박사","자연, 생물"
"생물, 박사","자연, 관찰"
"자연, 관찰, 에그",박사
"자연, 관찰, 박사",에그
"자연, 에그, 박사",관찰
"관찰, 에그, 박사",자연
"자연, 관찰","에그, 박사"
"자연, 에그","관찰, 박사"
"자연, 박사","관찰, 에그"
"관찰, 에그","자연, 박사"
"관찰, 박사","자연, 에그"
"에그, 박사","자연, 관찰"
에그,"자연, 관찰, 박사"
"자연, 관찰, 생물",에그
"자연, 관찰, 에그",생물
"자연, 생물, 에그",관찰
"관찰, 생물, 에그",자연
"자연, 관찰","생물, 에그"
"자연, 생물","관찰, 에그"
"자연, 에그","관찰, 생물"
"관찰, 생물","자연, 에그"
"관찰, 에그","자연, 생물"
"생물, 에그","자연, 관찰"
에그,"자연, 관찰, 생물"
"교본, 어린이, 바이엘",이탈리아
"교본, 이탈리아, 바이엘",어린이
"교본, 어린이, 이탈리아",바이엘
"어린이, 이탈리아, 바이엘",교본
"교본, 바이엘","어린이, 이탈리아"
"교본, 어린이","이탈리아, 바이엘"
"교본, 이탈리아","어린이, 바이엘"
"어린이, 바이엘","교본, 이탈리아"
"이탈리아, 바이엘","교본, 어린이"
"어린이, 이탈리아","교본, 바이엘"
바이엘,"교본, 어린이, 이탈리아"
"교본, 어린이, 바이엘",피아노
"교본, 피아노, 바이엘",어린이
"교본, 어린이, 피아노",바이엘
"어린이, 피아노, 바이엘",교본
"교본, 바이엘","어린이, 피아노"
"교본, 어린이","피아노, 바이엘"
"교본, 피아노","어린이, 바이엘"
"어린이, 바이엘","교본, 피아노"
"피아노, 바이엘","교본, 어린이"
"어린이, 피아노","교본, 바이엘"
바이엘,"교본, 어린이, 피아노"
"교본, 바이엘, 이탈리아",피아노
"교본, 피아노, 이탈리아",바이엘
"교본, 피아노, 바이엘",이탈리아
"바이엘, 피아노, 이탈리아",교본
"교본, 이탈리아","피아노, 바이엘"
"교본, 바이엘","피아노, 이탈리아"
"교본, 피아노","바이엘, 이탈리아"
"바이엘, 이탈리아","교본, 피아노"
"피아노, 이탈리아","교본, 바이엘"
"피아노, 바이엘","교본, 이탈리아"
바이엘,"교본, 피아노, 이탈리아"
"교본, 어린이, 이탈리아",피아노
"교본, 피아노, 이탈리아",어린이
"교본, 어린이, 피아노",이탈리아
"어린이, 피아노, 이탈리아",교본
"교본, 이탈리아","어린이, 피아노"
"교본, 어린이","피아노, 이탈리아"
"교본, 피아노","어린이, 이탈리아"
"어린이, 이탈리아","교본, 피아노"
"피아노, 이탈리아","교본, 어린이"
"어린이, 피아노","교본, 이탈리아"
"교재, 국어, 독해",어휘
"교재, 국어, 어휘",독해
"교재, 독해, 어휘",국어
"국어, 독해, 어휘",교재
"교재, 국어","독해, 어휘"
"교재, 독해","국어, 어휘"
"교재, 어휘","국어, 독해"
"국어, 독해","교재, 어휘"
"국어, 어휘","교재, 독해"
"독해, 어휘","교재, 국어"
"수학, 문제, 구성",유형
"유형, 문제, 구성",수학
"수학, 구성, 유형",문제
"수학, 구성","문제, 유형"
"구성, 유형","수학, 문제"
"수학, 문제, 구성",학습
"학습, 문제, 구성",수학
"학습, 수학, 구성",문제
"수학, 구성","학습, 문제"
"학습, 문제, 구성",유형
"유형, 문제, 구성",학습
"학습, 구성, 유형",문제
"구성, 유형","학습, 문제"
"학습, 수학, 구성",유형
"수학, 구성, 유형",학습
"학습, 구성, 유형",수학
"수학, 구성","학습, 유형"
"구성, 유형","학습, 수학"
"세대, 국민, 김미경",이후
"세대, 국민, 이후",김미경
"세대, 김미경, 이후",국민
"국민, 김미경, 이후",세대
"세대, 국민","김미경, 이후"
"세대, 김미경","국민, 이후"
"세대, 이후","국민, 김미경"
"국민, 김미경","세대, 이후"
"국민, 이후","세대, 김미경"
"김미경, 이후","세대, 국민"
"세대, 국민, 김미경",인생
"세대, 국민, 인생",김미경
"세대, 김미경, 인생",국민
"국민, 김미경, 인생",세대
"세대, 국민","김미경, 인생"
"세대, 김미경","국민, 인생"
"세대, 인생","국민, 김미경"
"국민, 김미경","세대, 인생"
"국민, 인생","세대, 김미경"
"김미경, 인생","세대, 국민"
"국민, 김미경, 인생",이후
"국민, 김미경, 이후",인생
"국민, 인생, 이후",김미경
"김미경, 인생, 이후",국민
"국민, 김미경","인생, 이후"
"국민, 인생","김미경, 이후"
"국민, 이후","김미경, 인생"
"김미경, 인생","국민, 이후"
"김미경, 이후","국민, 인생"
"인생, 이후","국민, 김미경"
"세대, 국민, 인생",이후
"세대, 국민, 이후",인생
"세대, 인생, 이후",국민
"국민, 인생, 이후",세대
"세대, 국민","인생, 이후"
"세대, 인생","국민, 이후"
"세대, 이후","국민, 인생"
"국민, 인생","세대, 이후"
"국민, 이후","세대, 인생"
"인생, 이후","세대, 국민"
"원리, 학습, 한글",기적
"원리, 기적, 한글",학습
"기적, 학습, 한글",원리
"원리, 학습, 기적",한글
"원리, 한글","학습, 기적"
"학습, 한글","원리, 기적"
"기적, 한글","원리, 학습"
"원리, 기적","학습, 한글"
"학습, 기적","원리, 한글"
"기타, 수학, 프로그램",시간
"기타, 프로그램, 시간",수학
"기타, 수학, 시간",프로그램
"수학, 프로그램, 시간",기타
"기타, 프로그램","수학, 시간"
"기타, 수학","프로그램, 시간"
"기타, 시간","수학, 프로그램"
"수학, 프로그램","기타, 시간"
"프로그램, 시간","기타, 수학"
"기타, 수학, 학습",시간
"기타, 학습, 시간",수학
"기타, 수학, 시간",학습
"수학, 학습, 시간",기타
"기타, 학습","수학, 시간"
"기타, 수학","학습, 시간"
"기타, 시간","수학, 학습"
"학습, 시간","기타, 수학"
"수학, 시간","기타, 학습"
기타,"수학, 학습, 시간"
"기타, 수학, 학습",프로그램
"기타, 학습, 프로그램",수학
"기타, 수학, 프로그램",학습
"수학, 학습, 프로그램",기타
"기타, 학습","수학, 프로그램"
"기타, 수학","학습, 프로그램"
"기타, 프로그램","수학, 학습"
"학습, 프로그램","기타, 수학"
"수학, 프로그램","기타, 학습"
"기타, 학습, 프로그램",시간
"기타, 프로그램, 시간",학습
"기타, 학습, 시간",프로그램
"학습, 프로그램, 시간",기타
"기타, 프로그램","학습, 시간"
"기타, 학습","프로그램, 시간"
"기타, 시간","학습, 프로그램"
"학습, 프로그램","기타, 시간"
"프로그램, 시간","기타, 학습"
"학습, 시간","기타, 프로그램"
"세대, 김미경, 인생",이후
"세대, 김미경, 이후",인생
"세대, 인생, 이후",김미경
"김미경, 인생, 이후",세대
"세대, 김미경","인생, 이후"
"세대, 인생","김미경, 이후"
"세대, 이후","김미경, 인생"
"김미경, 인생","세대, 이후"
"김미경, 이후","세대, 인생"
"인생, 이후","세대, 김미경"
"배우, 작품, 김혜자",연기
"배우, 작품, 연기",김혜자
"배우, 김혜자, 연기",작품
"작품, 연기, 김혜자",배우
"배우, 작품","김혜자, 연기"
"배우, 김혜자","작품, 연기"
"배우, 연기","작품, 김혜자"
"작품, 김혜자","배우, 연기"
"작품, 연기","배우, 김혜자"
"김혜자, 연기","배우, 작품"
김혜자,"배우, 작품, 연기"
연기,"배우, 작품, 김혜자"
"일상, 남매, 유튜브",웃음
"일상, 유튜브, 웃음",남매
"일상, 유튜브","남매, 웃음"
"대륙, 인류, 세계",문명
"대륙, 인류, 문명",세계
"대륙, 세계, 문명",인류
"대륙, 인류","세계, 문명"
"대륙, 세계","인류, 문명"
"대륙, 문명","인류, 세계"
대륙,"인류, 세계, 문명"
"대비, 서술, 수학",문제
"대비, 서술, 문제",수학
"대비, 수학, 문제",서술
"서술, 수학, 문제",대비
"대비, 서술","수학, 문제"
"대비, 수학","서술, 문제"
"대비, 문제","서술, 수학"
"서술, 수학","대비, 문제"
"서술, 문제","대비, 수학"
대비,"서술, 수학, 문제"
"에디션, 독자, 행자",돌파
"에디션, 행자, 돌파",독자
"독자, 행자, 돌파",에디션
"에디션, 독자, 돌파",행자
"에디션, 행자","독자, 돌파"
"독자, 행자","에디션, 돌파"
"행자, 돌파","에디션, 독자"
"에디션, 독자","행자, 돌파"
"에디션, 돌파","독자, 행자"
"독자, 돌파","에디션, 행자"
행자,"에디션, 독자, 돌파"
돌파,"에디션, 독자, 행자"
"메리, 세탁소, 독자",마음
"메리, 세탁소, 마음",독자
"메리, 독자, 마음",세탁소
"세탁소, 독자, 마음",메리
"메리, 세탁소","독자, 마음"
"메리, 독자","세탁소, 마음"
"메리, 마음","세탁소, 독자"
"세탁소, 독자","메리, 마음"
"세탁소, 마음","메리, 독자"
메리,"세탁소, 독자, 마음"
세탁소,"메리, 독자, 마음"
"소설, 아버지, 독자",문학
"소설, 아버지, 문학",독자
"소설, 독자, 문학",아버지
"문학, 아버지, 독자",소설
"소설, 아버지","문학, 독자"
"아버지, 독자","소설, 문학"
"문학, 아버지","소설, 독자"
"문학, 독자","소설, 아버지"
"소설, 정지아, 독자",문학
"소설, 정지아, 문학",독자
"소설, 독자, 문학",정지아
"정지아, 독자, 문학",소설
"소설, 정지아","문학, 독자"
"정지아, 독자","소설, 문학"
"정지아, 문학","소설, 독자"
"문학, 독자","소설, 정지아"
정지아,"소설, 독자, 문학"
"문학, 아버지, 정지아",독자
"문학, 아버지, 독자",정지아
"문학, 정지아, 독자",아버지
"정지아, 아버지, 독자",문학
"문학, 아버지","정지아, 독자"
"문학, 정지아","아버지, 독자"
"문학, 독자","정지아, 아버지"
"정지아, 아버지","문학, 독자"
"아버지, 독자","문학, 정지아"
"정지아, 독자","문학, 아버지"
정지아,"문학, 아버지, 독자"
"소설, 불편, 이야기",독자
"소설, 이야기, 독자",불편
"소설, 불편, 독자",이야기
"불편, 이야기, 독자",소설
"소설, 불편","이야기, 독자"
"불편, 독자","소설, 이야기"
"소설, 불편, 독자",편의점
"소설, 불편, 편의점",독자
"소설, 독자, 편의점",불편
"불편, 독자, 편의점",소설
"소설, 불편","독자, 편의점"
"소설, 편의점","불편, 독자"
"불편, 독자","소설, 편의점"
"독자, 편의점","소설, 불편"
"불편, 이야기, 독자",편의점
"불편, 독자, 편의점",이야기
"이야기, 독자, 편의점",불편
"불편, 독자","이야기, 편의점"
"독자, 편의점","불편, 이야기"
"소설, 아버지, 정지아",독자
"소설, 아버지, 독자",정지아
"소설, 정지아, 독자",아버지
"정지아, 아버지, 독자",소설
"소설, 아버지","정지아, 독자"
"소설, 정지아","아버지, 독자"
"정지아, 아버지","소설, 독자"
"아버지, 독자","소설, 정지아"
"정지아, 독자","소설, 아버지"
정지아,"소설, 아버지, 독자"
"소설, 이야기, 독자",편의점
"소설, 이야기, 편의점",독자
"소설, 독자, 편의점",이야기
"이야기, 독자, 편의점",소설
"소설, 편의점","이야기, 독자"
"독자, 편의점","소설, 이야기"
"독해, 문제, 유형",수록
"독해, 수록, 유형",문제
"수록, 문제, 유형",독해
"독해, 유형","문제, 수록"
"수록, 유형","독해, 문제"
"독해, 문제, 지문",수록
"독해, 문제, 수록",지문
"수록, 문제, 지문",독해
"독해, 지문, 수록",문제
"독해, 문제","지문, 수록"
"문제, 지문","독해, 수록"
"문제, 수록","독해, 지문"
"독해, 지문","문제, 수록"
"독해, 수록","문제, 지문"
"지문, 수록","독해, 문제"
"독해, 문제, 유형",지문
"유형, 문제, 지문",독해
"독해, 지문, 유형",문제
"독해, 유형","문제, 지문"
"지문, 유형","독해, 문제"
"독해, 지문, 유형",수록
"독해, 수록, 유형",지문
"수록, 지문, 유형",독해
"독해, 유형","지문, 수록"
"지문, 유형","독해, 수록"
"수록, 유형","독해, 지문"
"쇼펜하우어, 인생, 마음",행복
"쇼펜하우어, 마음, 행복",인생
"쇼펜하우어, 인생, 행복",마음
"인생, 마음, 행복",쇼펜하우어
"쇼펜하우어, 마음","인생, 행복"
"쇼펜하우어, 인생","마음, 행복"
"쇼펜하우어, 행복","인생, 마음"
"사회, 인류, 세계",문명
"사회, 인류, 문명",세계
"사회, 세계, 문명",인류
"사회, 인류","세계, 문명"
"사회, 문명","인류, 세계"
"인류, 인간, 세계",문명
"인류, 인간, 문명",세계
"인간, 세계, 문명",인류
"인간, 세계, 문명",일본인
"인간, 문명, 일본인",세계
"인간, 세계, 일본인",문명
"인간, 일본인","세계, 문명"
"인류, 세계, 문명",일본인
"인류, 문명, 일본인",세계
"세계, 문명, 일본인",인류
"인류, 세계, 일본인",문명
"문명, 일본인","인류, 세계"
"인류, 일본인","세계, 문명"
"세계, 일본인","인류, 문명"
일본인,"인류, 세계, 문명"
"인류, 인간, 문명",일본인
"인류, 인간, 일본인",문명
"인간, 문명, 일본인",인류
"인간, 일본인","인류, 문명"
"생물, 살충제, 문제",환경
"생물, 살충제, 환경",문제
"생물, 문제, 환경",살충제
"살충제, 문제, 환경",생물
"생물, 살충제","문제, 환경"
"생물, 문제","살충제, 환경"
"생물, 환경","살충제, 문제"
"살충제, 문제","생물, 환경"
"살충제, 환경","생물, 문제"
살충제,"생물, 문제, 환경"
"지문, 문제, 유형",수록
"수록, 문제, 유형",지문
"수록, 지문, 유형",문제
"지문, 유형","문제, 수록"
"수록, 유형","문제, 지문"
"시험, 수학, 문제",유형
"시험, 수학, 유형",문제
"시험, 문제, 유형",수학
"시험, 수학","문제, 유형"
"시험, 유형","수학, 문제"
"수학, 학습, 문제",유형
"수학, 학습, 유형",문제
"학습, 문제, 유형",수학
"수학, 문제, 유형",학습
"학습, 유형","수학, 문제"
"수학, 유형","학습, 문제"
"정지아, 아버지, 문학",소설
"정지아, 아버지, 소설",문학
"정지아, 문학, 소설",아버지
"문학, 아버지, 소설",정지아
"정지아, 아버지","문학, 소설"
"정지아, 문학","소설, 아버지"
"정지아, 소설","문학, 아버지"
"문학, 아버지","정지아, 소설"
"소설, 아버지","정지아, 문학"
정지아,"문학, 아버지, 소설"
"지리, 미국, 세계",분쟁
"지리, 미국, 분쟁",세계
"지리, 세계, 분쟁",미국
"미국, 세계, 분쟁",지리
"지리, 미국","세계, 분쟁"
"지리, 분쟁","미국, 세계"
"미국, 분쟁","지리, 세계"
"세계, 분쟁","지리, 미국"
분쟁,"지리, 미국, 세계"
"한국, 미국, 세계",분쟁
"한국, 미국, 분쟁",세계
"한국, 세계, 분쟁",미국
"미국, 세계, 분쟁",한국
"한국, 미국","세계, 분쟁"
"한국, 세계","미국, 분쟁"
"한국, 분쟁","미국, 세계"
"미국, 분쟁","한국, 세계"
"세계, 분쟁","한국, 미국"
분쟁,"한국, 미국, 세계"
"지리, 한국, 미국",분쟁
"지리, 한국, 분쟁",미국
"지리, 미국, 분쟁",한국
"한국, 미국, 분쟁",지리
"지리, 한국","미국, 분쟁"
"지리, 미국","한국, 분쟁"
"지리, 분쟁","한국, 미국"
"한국, 미국","지리, 분쟁"
"한국, 분쟁","지리, 미국"
"미국, 분쟁","지리, 한국"
분쟁,"지리, 한국, 미국"
"지리, 한국, 미국",세계
"지리, 한국, 세계",미국
"지리, 미국, 세계",한국
"한국, 미국, 세계",지리
"지리, 한국","미국, 세계"
"지리, 미국","한국, 세계"
"한국, 미국","지리, 세계"
"한국, 세계","지리, 미국"
"산업, 배터리, 시장",미래
"산업, 미래, 시장",배터리
"산업, 미래, 배터리",시장
"미래, 배터리, 시장",산업
"산업, 시장","미래, 배터리"
"산업, 배터리","미래, 시장"
"배터리, 시장","산업, 미래"
"미래, 시장","산업, 배터리"
"미래, 배터리","산업, 시장"
배터리,"산업, 미래, 시장"
"산업, 혁명, 배터리",미래
"산업, 혁명, 미래",배터리
"산업, 미래, 배터리",혁명
"혁명, 미래, 배터리",산업
"산업, 배터리","혁명, 미래"
"혁명, 배터리","산업, 미래"
"미래, 배터리","산업, 혁명"
배터리,"산업, 혁명, 미래"
"혁명, 배터리, 시장",미래
"혁명, 미래, 시장",배터리
"혁명, 미래, 배터리",시장
"미래, 배터리, 시장",혁명
"혁명, 시장","미래, 배터리"
"혁명, 배터리","미래, 시장"
"배터리, 시장","혁명, 미래"
"미래, 시장","혁명, 배터리"
"미래, 배터리","혁명, 시장"
배터리,"혁명, 미래, 시장"
"산업, 혁명, 시장",미래
"산업, 혁명, 미래",시장
"산업, 미래, 시장",혁명
"혁명, 미래, 시장",산업
"산업, 시장","혁명, 미래"
"혁명, 시장","산업, 미래"
"미래, 시장","산업, 혁명"
"미술, 작품, 미술사",서양
"작품, 미술사, 서양",미술
"작품, 미술, 서양",미술사
"작품, 미술사","미술, 서양"
"작품, 서양","미술, 미술사"
"어린이, 피아노, 이탈리아",바이엘
"어린이, 바이엘, 이탈리아",피아노
"어린이, 바이엘, 피아노",이탈리아
"바이엘, 피아노, 이탈리아",어린이
"어린이, 이탈리아","바이엘, 피아노"
"어린이, 피아노","바이엘, 이탈리아"
"어린이, 바이엘","피아노, 이탈리아"
"피아노, 이탈리아","어린이, 바이엘"
"바이엘, 이탈리아","어린이, 피아노"
"바이엘, 피아노","어린이, 이탈리아"
바이엘,"어린이, 피아노, 이탈리아"
"자연, 생물, 에그",박사
"자연, 생물, 박사",에그
"자연, 에그, 박사",생물
"생물, 에그, 박사",자연
"자연, 생물","에그, 박사"
"자연, 에그","생물, 박사"
"자연, 박사","생물, 에그"
"생물, 에그","자연, 박사"
"생물, 박사","자연, 에그"
"에그, 박사","자연, 생물"
에그,"자연, 생물, 박사"
"반복, 속도, 연산",아이
"아이, 반복, 연산",속도
"아이, 속도, 연산",반복
"반복, 속도, 아이",연산
"반복, 연산","속도, 아이"
"속도, 연산","반복, 아이"
"아이, 연산","반복, 속도"
"반복, 속도","아이, 연산"
"반복, 아이","속도, 연산"
"속도, 아이","반복, 연산"
"학습, 반복, 속도",아이
"반복, 속도, 아이",학습
"학습, 속도, 아이",반복
"반복, 학습, 아이",속도
"반복, 속도","학습, 아이"
"학습, 속도","반복, 아이"
"속도, 아이","반복, 학습"
"반복, 학습","속도, 아이"
"반복, 아이","학습, 속도"
"학습, 아이","반복, 속도"
속도,"반복, 학습, 아이"
"학습, 반복, 속도",연산
"반복, 속도, 연산",학습
"학습, 속도, 연산",반복
"반복, 학습, 연산",속도
"반복, 속도","학습, 연산"
"학습, 속도","반복, 연산"
"속도, 연산","반복, 학습"
"반복, 학습","속도, 연산"
"반복, 연산","학습, 속도"
"반복, 학습, 연산",아이
"아이, 반복, 연산",학습
"아이, 학습, 연산",반복
"반복, 학습, 아이",연산
"반복, 연산","학습, 아이"
"아이, 연산","반복, 학습"
"반복, 학습","아이, 연산"
"반복, 아이","학습, 연산"
"학습, 아이","반복, 연산"
"산업, 혁명, 시장",배터리
"산업, 혁명, 배터리",시장
"산업, 배터리, 시장",혁명
"혁명, 배터리, 시장",산업
"산업, 시장","혁명, 배터리"
"산업, 배터리","혁명, 시장"
"혁명, 시장","산업, 배터리"
"혁명, 배터리","산업, 시장"
"배터리, 시장","산업, 혁명"
배터리,"산업, 혁명, 시장"
"순간, 분야, 아이",청소년
"순간, 분야, 청소년",아이
"순간, 아이, 청소년",분야
"분야, 아이, 청소년",순간
"순간, 분야","아이, 청소년"
"순간, 아이","분야, 청소년"
"순간, 청소년","분야, 아이"
"분야, 아이","순간, 청소년"
"아이, 청소년","순간, 분야"
"지리, 한국, 세계",분쟁
"지리, 한국, 분쟁",세계
"지리, 세계, 분쟁",한국
"한국, 세계, 분쟁",지리
"지리, 한국","세계, 분쟁"
"지리, 분쟁","한국, 세계"
"한국, 세계","지리, 분쟁"
"한국, 분쟁","지리, 세계"
"세계, 분쟁","지리, 한국"
분쟁,"지리, 한국, 세계"
"불안, 성공, 스웨덴",수행
"불안, 성공, 수행",스웨덴
"불안, 스웨덴, 수행",성공
"스웨덴, 성공, 수행",불안
"불안, 성공","스웨덴, 수행"
"불안, 스웨덴","성공, 수행"
"불안, 수행","스웨덴, 성공"
"스웨덴, 성공","불안, 수행"
"성공, 수행","불안, 스웨덴"
"스웨덴, 수행","불안, 성공"
스웨덴,"불안, 성공, 수행"
"불편, 이야기, 소설",편의점
"불편, 소설, 편의점",이야기
"소설, 이야기, 편의점",불편
"불편, 소설","이야기, 편의점"
"소설, 편의점","불편, 이야기"
"불편, 작품, 이야기",편의점
"불편, 작품, 편의점",이야기
"작품, 이야기, 편의점",불편
"불편, 작품","이야기, 편의점"
"작품, 편의점","불편, 이야기"
"사고력, 상위, 수준",수학
"사고력, 상위, 수학",수준
"상위, 수준, 수학",사고력
"사고력, 상위","수준, 수학"
"상위, 수준","사고력, 수학"
"상위, 수학","사고력, 수준"
"사람, 이상, 인생",후회
"사람, 후회, 인생",이상
"사람, 이상, 후회",인생
"후회, 이상, 인생",사람
"사람, 후회","이상, 인생"
"후회, 인생","사람, 이상"
"이상, 후회","사람, 인생"
후회,"사람, 이상, 인생"
"인류, 인간, 서문",사피엔스
"인류, 인간, 사피엔스",서문
"인류, 서문, 사피엔스",인간
"인간, 서문, 사피엔스",인류
"인류, 서문","인간, 사피엔스"
"인류, 사피엔스","인간, 서문"
"인간, 서문","인류, 사피엔스"
"인간, 사피엔스","인류, 서문"
"출간, 인간, 서문",사피엔스
"출간, 인간, 사피엔스",서문
"출간, 서문, 사피엔스",인간
"인간, 서문, 사피엔스",출간
"출간, 인간","서문, 사피엔스"
"출간, 서문","인간, 사피엔스"
"출간, 사피엔스","인간, 서문"
"인간, 서문","출간, 사피엔스"
"인간, 사피엔스","출간, 서문"
"인류, 서문, 사피엔스",출간
"인류, 서문, 출간",사피엔스
"인류, 사피엔스, 출간",서문
"출간, 서문, 사피엔스",인류
"인류, 서문","출간, 사피엔스"
"인류, 사피엔스","출간, 서문"
"인류, 출간","서문, 사피엔스"
"서문, 사피엔스","인류, 출간"
"출간, 서문","인류, 사피엔스"
"출간, 사피엔스","인류, 서문"
"인류, 인간, 사피엔스",출간
"인류, 인간, 출간",사피엔스
"인류, 사피엔스, 출간",인간
"출간, 인간, 사피엔스",인류
"인류, 사피엔스","출간, 인간"
"인류, 출간","인간, 사피엔스"
"인간, 사피엔스","인류, 출간"
"출간, 인간","인류, 사피엔스"
"출간, 사피엔스","인류, 인간"
"출간, 인간, 인류",서문
"출간, 인간, 서문",인류
"출간, 인류, 서문",인간
"인류, 인간, 서문",출간
"출간, 인간","인류, 서문"
"출간, 인류","인간, 서문"
"출간, 서문","인류, 인간"
"인간, 서문","출간, 인류"
"인류, 서문","출간, 인간"
"서울, 오늘, 이야기",완간
"서울, 오늘, 완간",이야기
"서울, 이야기, 완간",오늘
"오늘, 이야기, 완간",서울
"서울, 오늘","이야기, 완간"
"서울, 이야기","오늘, 완간"
"서울, 완간","오늘, 이야기"
"오늘, 완간","서울, 이야기"
"이야기, 완간","서울, 오늘"
완간,"서울, 오늘, 이야기"
"집중, 성공, 저자",자신
"집중, 저자, 자신",성공
"집중, 성공, 자신",저자
"저자, 성공, 자신",집중
"집중, 저자","성공, 자신"
"집중, 성공","저자, 자신"
"집중, 자신","저자, 성공"
"성공, 자신","집중, 저자"
"인류, 인간, 세계",일본인
"인류, 인간, 일본인",세계
"인간, 세계, 일본인",인류
"인간, 일본인","인류, 세계"
"학습, 속도, 연산",아이
"아이, 속도, 연산",학습
"아이, 학습, 연산",속도
"학습, 속도, 아이",연산
"속도, 연산","학습, 아이"
"아이, 연산","학습, 속도"
"학습, 속도","아이, 연산"
"속도, 아이","학습, 연산"
"학습, 아이","속도, 연산"
"수학, 학습, 프로그램",시간
"수학, 학습, 시간",프로그램
"학습, 프로그램, 시간",수학
"수학, 프로그램, 시간",학습
"학습, 프로그램","수학, 시간"
"학습, 시간","수학, 프로그램"
"수학, 프로그램","학습, 시간"
"프로그램, 시간","수학, 학습"
"투자, 투자자, 시장",주식
"주식, 투자자, 시장",투자
"투자자, 시장","투자, 주식"
"철학자, 용기, 아들러",심리학
"철학자, 용기, 심리학",아들러
"철학자, 아들러, 심리학",용기
"용기, 아들러, 심리학",철학자
"철학자, 용기","아들러, 심리학"
"철학자, 아들러","용기, 심리학"
"철학자, 심리학","용기, 아들러"
"용기, 심리학","철학자, 아들러"
"한국, 이야기, 작가",파친코
"한국, 이야기, 파친코",작가
"한국, 작가, 파친코",이야기
"이야기, 작가, 파친코",한국
"한국, 이야기","작가, 파친코"
"한국, 파친코","이야기, 작가"
"이야기, 파친코","한국, 작가"
"작가, 파친코","한국, 이야기"
파친코,"한국, 이야기, 작가"
"한국인, 이야기, 작가",파친코
"한국인, 이야기, 파친코",작가
"한국인, 작가, 파친코",이야기
"이야기, 작가, 파친코",한국인
"한국인, 이야기","작가, 파친코"
"한국인, 작가","이야기, 파친코"
"한국인, 파친코","이야기, 작가"
"이야기, 파친코","한국인, 작가"
"작가, 파친코","한국인, 이야기"
파친코,"한국인, 이야기, 작가"
"한국인, 한국, 이야기",작가
"한국인, 한국, 작가",이야기
"한국인, 이야기, 작가",한국
"한국, 이야기, 작가",한국인
"한국인, 한국","이야기, 작가"
"한국인, 이야기","한국, 작가"
"한국인, 작가","한국, 이야기"
"한국인, 한국, 이야기",파친코
"한국인, 한국, 파친코",이야기
"한국인, 이야기, 파친코",한국
"한국, 이야기, 파친코",한국인
"한국인, 한국","이야기, 파친코"
"한국인, 이야기","한국, 파친코"
"한국인, 파친코","한국, 이야기"
"한국, 파친코","한국인, 이야기"
"이야기, 파친코","한국인, 한국"
파친코,"한국인, 한국, 이야기"
"한국인, 한국, 작가",파친코
"한국인, 한국, 파친코",작가
"한국인, 작가, 파친코",한국
"한국, 작가, 파친코",한국인
"한국인, 한국","작가, 파친코"
"한국인, 작가","한국, 파친코"
"한국인, 파친코","한국, 작가"
"한국, 파친코","한국인, 작가"
"작가, 파친코","한국인, 한국"
파친코,"한국인, 한국, 작가"
"불안, 17년, 성공, 수행",스웨덴
"불안, 성공, 스웨덴, 수행",17년
"스웨덴, 17년, 성공, 수행",불안
"불안, 17년, 성공, 스웨덴",수행
"불안, 17년, 스웨덴, 수행",성공
"불안, 성공, 수행","스웨덴, 17년"
"17년, 성공, 수행","불안, 스웨덴"
"스웨덴, 성공, 수행","불안, 17년"
"불안, 17년, 성공","스웨덴, 수행"
"불안, 성공, 스웨덴","17년, 수행"
"스웨덴, 17년, 성공","불안, 수행"
"불안, 17년, 수행","스웨덴, 성공"
"불안, 스웨덴, 수행","17년, 성공"
"스웨덴, 17년, 수행","불안, 성공"
"불안, 17년, 스웨덴","성공, 수행"
"성공, 수행","불안, 17년, 스웨덴"
"불안, 성공","스웨덴, 17년, 수행"
"17년, 성공","불안, 스웨덴, 수행"
"스웨덴, 성공","불안, 17년, 수행"
"불안, 수행","스웨덴, 17년, 성공"
"17년, 수행","불안, 성공, 스웨덴"
"스웨덴, 수행","불안, 17년, 성공"
"불안, 17년","스웨덴, 성공, 수행"
"불안, 스웨덴","17년, 성공, 수행"
"스웨덴, 17년","불안, 성공, 수행"
17년,"불안, 성공, 스웨덴, 수행"
스웨덴,"불안, 17년, 성공, 수행"
"과일, 간헐, 채소, 단식",다이어트
"다이어트, 과일, 간헐, 채소",단식
"다이어트, 간헐, 채소, 단식",과일
"다이어트, 과일, 채소, 단식",간헐
"다이어트, 간헐, 과일, 단식",채소
"과일, 간헐, 채소","다이어트, 단식"
"간헐, 채소, 단식","다이어트, 과일"
"다이어트, 간헐, 채소","과일, 단식"
"과일, 채소, 단식","다이어트, 간헐"
"다이어트, 과일, 채소","간헐, 단식"
"다이어트, 채소, 단식","간헐, 과일"
"간헐, 과일, 단식","다이어트, 채소"
"다이어트, 간헐, 과일","채소, 단식"
"다이어트, 간헐, 단식","과일, 채소"
"다이어트, 과일, 단식","간헐, 채소"
"간헐, 채소","다이어트, 과일, 단식"
"과일, 채소","다이어트, 간헐, 단식"
"채소, 단식","다이어트, 간헐, 과일"
"다이어트, 채소","간헐, 과일, 단식"
"간헐, 과일","다이어트, 채소, 단식"
"간헐, 단식","다이어트, 과일, 채소"
"다이어트, 간헐","과일, 채소, 단식"
"과일, 단식","다이어트, 간헐, 채소"
"다이어트, 과일","간헐, 채소, 단식"
간헐,"다이어트, 과일, 채소, 단식"
"감사, 배우, 작품, 김혜자",연기
"배우, 작품, 연기, 김혜자",감사
"감사, 배우, 작품, 연기",김혜자
"감사, 배우, 김혜자, 연기",작품
"감사, 작품, 연기, 김혜자",배우
"배우, 작품, 김혜자","감사, 연기"
"감사, 배우, 작품","김혜자, 연기"
"배우, 작품, 연기","감사, 김혜자"
"감사, 배우, 김혜자","작품, 연기"
"배우, 김혜자, 연기","감사, 작품"
"감사, 배우, 연기","작품, 김혜자"
"감사, 작품, 김혜자","배우, 연기"
"작품, 연기, 김혜자","감사, 배우"
"감사, 작품, 연기","배우, 김혜자"
"감사, 김혜자, 연기","배우, 작품"
"배우, 작품","감사, 김혜자, 연기"
"배우, 김혜자","감사, 작품, 연기"
"감사, 배우","작품, 연기, 김혜자"
"배우, 연기","감사, 작품, 김혜자"
"작품, 김혜자","감사, 배우, 연기"
"감사, 작품","배우, 김혜자, 연기"
"작품, 연기","감사, 배우, 김혜자"
"감사, 김혜자","배우, 작품, 연기"
"김혜자, 연기","감사, 배우, 작품"
"감사, 연기","배우, 작품, 김혜자"
김혜자,"감사, 배우, 작품, 연기"
감사,"배우, 작품, 연기, 김혜자"
연기,"감사, 배우, 작품, 김혜자"
"사고력, 상위, 수준, 개념",수학
"수학, 상위, 수준, 개념",사고력
"사고력, 상위, 수준, 수학",개념
"사고력, 수학, 상위, 개념",수준
"상위, 수준, 개념","사고력, 수학"
"사고력, 상위, 수준","수학, 개념"
"상위, 수준, 수학","사고력, 개념"
"사고력, 상위, 개념","수준, 수학"
"수학, 상위, 개념","사고력, 수준"
"사고력, 상위, 수학","수준, 개념"
"상위, 수준","사고력, 수학, 개념"
"사고력, 상위","수학, 수준, 개념"
"상위, 수학","사고력, 수준, 개념"
"고통, 쇼펜하우어, 인생, 행복",마음
"고통, 쇼펜하우어, 마음, 인생",행복
"고통, 쇼펜하우어, 마음, 행복",인생
"쇼펜하우어, 마음, 인생, 행복",고통
"고통, 마음, 인생, 행복",쇼펜하우어
"고통, 쇼펜하우어, 인생","마음, 행복"
"고통, 쇼펜하우어, 행복","마음, 인생"
"고통, 쇼펜하우어, 마음","인생, 행복"
"쇼펜하우어, 인생, 행복","고통, 마음"
"쇼펜하우어, 마음, 인생","고통, 행복"
"쇼펜하우어, 마음, 행복","고통, 인생"
"고통, 인생, 행복","쇼펜하우어, 마음"
"고통, 마음, 인생","쇼펜하우어, 행복"
"고통, 마음, 행복","쇼펜하우어, 인생"
"마음, 인생, 행복","고통, 쇼펜하우어"
"고통, 쇼펜하우어","마음, 인생, 행복"
"쇼펜하우어, 인생","고통, 마음, 행복"
"쇼펜하우어, 행복","고통, 마음, 인생"
"쇼펜하우어, 마음","고통, 인생, 행복"
"고통, 인생","쇼펜하우어, 마음, 행복"
"고통, 행복","쇼펜하우어, 마음, 인생"
"고통, 마음","쇼펜하우어, 인생, 행복"
"메리, 세탁소, 독자, 골드",마음
"메리, 세탁소, 독자, 마음",골드
"메리, 독자, 마음, 골드",세탁소
"메리, 세탁소, 골드, 마음",독자
"골드, 세탁소, 독자, 마음",메리
"메리, 세탁소, 독자","골드, 마음"
"메리, 독자, 골드","세탁소, 마음"
"메리, 독자, 마음","세탁소, 골드"
"메리, 세탁소, 골드","독자, 마음"
"메리, 세탁소, 마음","골드, 독자"
"메리, 골드, 마음","세탁소, 독자"
"골드, 세탁소, 독자","메리, 마음"
"세탁소, 독자, 마음","메리, 골드"
"골드, 독자, 마음","메리, 세탁소"
"세탁소, 골드, 마음","메리, 독자"
"메리, 독자","세탁소, 골드, 마음"
"메리, 세탁소","골드, 독자, 마음"
"메리, 골드","세탁소, 독자, 마음"
"메리, 마음","골드, 세탁소, 독자"
"세탁소, 독자","메리, 골드, 마음"
"골드, 독자","메리, 세탁소, 마음"
"세탁소, 골드","메리, 독자, 마음"
"세탁소, 마음","메리, 독자, 골드"
"골드, 마음","메리, 세탁소, 독자"
메리,"골드, 세탁소, 독자, 마음"
세탁소,"메리, 독자, 마음, 골드"
골드,"메리, 세탁소, 독자, 마음"
"교재, 국어, 공부, 어휘",독해
"교재, 독해, 공부, 어휘",국어
"국어, 독해, 공부, 어휘",교재
"교재, 국어, 독해, 공부",어휘
"교재, 국어, 독해, 어휘",공부
"교재, 공부, 어휘","국어, 독해"
"국어, 공부, 어휘","교재, 독해"
"독해, 공부, 어휘","교재, 국어"
"교재, 국어, 공부","독해, 어휘"
"교재, 독해, 공부","국어, 어휘"
"국어, 독해, 공부","교재, 어휘"
"교재, 국어, 어휘","독해, 공부"
"교재, 독해, 어휘","국어, 공부"
"국어, 독해, 어휘","교재, 공부"
"교재, 국어, 독해","공부, 어휘"
"공부, 어휘","교재, 국어, 독해"
"국어, 공부","교재, 독해, 어휘"
"교재, 어휘","국어, 독해, 공부"
"국어, 어휘","교재, 독해, 공부"
"독해, 어휘","교재, 국어, 공부"
"교재, 국어","독해, 공부, 어휘"
"교재, 독해","국어, 공부, 어휘"
"국어, 독해","교재, 공부, 어휘"
"순간, 분야, 청소년, 공부",아이
"아이, 분야, 청소년, 공부",순간
"순간, 분야, 아이, 공부",청소년
"순간, 아이, 분야, 청소년",공부
"순간, 아이, 공부, 청소년",분야
"분야, 청소년, 공부","순간, 아이"
"순간, 분야, 공부","아이, 청소년"
"분야, 아이, 공부","순간, 청소년"
"순간, 분야, 청소년","공부, 아이"
"아이, 분야, 청소년","순간, 공부"
"순간, 분야, 아이","공부, 청소년"
"순간, 공부, 청소년","분야, 아이"
"아이, 공부, 청소년","순간, 분야"
"순간, 공부, 아이","분야, 청소년"
"순간, 아이, 청소년","분야, 공부"
"분야, 공부","순간, 아이, 청소년"
"순간, 분야","아이, 공부, 청소년"
"분야, 아이","순간, 공부, 청소년"
"공부, 청소년","순간, 분야, 아이"
"순간, 공부","아이, 분야, 청소년"
"순간, 청소년","분야, 아이, 공부"
"아이, 청소년","순간, 분야, 공부"
"순간, 아이","분야, 청소년, 공부"
"대비, 서술, 수학, 관점",문제
"대비, 서술, 문제, 관점",수학
"대비, 서술, 수학, 문제",관점
"서술, 문제, 수학, 관점",대비
"대비, 문제, 수학, 관점",서술
"대비, 서술, 관점","수학, 문제"
"대비, 서술, 수학","문제, 관점"
"대비, 서술, 문제","수학, 관점"
"서술, 수학, 관점","대비, 문제"
"서술, 문제, 관점","대비, 수학"
"서술, 수학, 문제","대비, 관점"
"대비, 수학, 관점","서술, 문제"
"대비, 문제, 관점","서술, 수학"
"대비, 수학, 문제","서술, 관점"
"문제, 수학, 관점","대비, 서술"
"대비, 서술","문제, 수학, 관점"
"서술, 관점","대비, 수학, 문제"
"서술, 수학","대비, 문제, 관점"
"서술, 문제","대비, 수학, 관점"
"대비, 관점","서술, 수학, 문제"
"대비, 수학","서술, 문제, 관점"
"대비, 문제","서술, 수학, 관점"
"수학, 관점","대비, 서술, 문제"
"문제, 관점","대비, 서술, 수학"
대비,"서술, 문제, 수학, 관점"
"자연, 관찰, 생물, 에그",박사
"자연, 생물, 에그, 박사",관찰
"관찰, 생물, 에그, 박사",자연
"자연, 관찰, 생물, 박사",에그
"자연, 관찰, 에그, 박사",생물
"자연, 생물, 에그","관찰, 박사"
"관찰, 생물, 에그","자연, 박사"
"생물, 에그, 박사","자연, 관찰"
"자연, 관찰, 생물","에그, 박사"
"자연, 생물, 박사","관찰, 에그"
"관찰, 생물, 박사","자연, 에그"
"자연, 관찰, 에그","생물, 박사"
"자연, 에그, 박사","관찰, 생물"
"관찰, 에그, 박사","자연, 생물"
"자연, 관찰, 박사","생물, 에그"
"생물, 에그","자연, 관찰, 박사"
"자연, 생물","관찰, 에그, 박사"
"관찰, 생물","자연, 에그, 박사"
"생물, 박사","자연, 관찰, 에그"
"자연, 에그","관찰, 생물, 박사"
"관찰, 에그","자연, 생물, 박사"
"에그, 박사","자연, 관찰, 생물"
"자연, 관찰","생물, 에그, 박사"
"자연, 박사","관찰, 생물, 에그"
"관찰, 박사","자연, 생물, 에그"
에그,"자연, 관찰, 생물, 박사"
"어린이, 교본, 피아노, 이탈리아",바이엘
"어린이, 교본, 바이엘, 이탈리아",피아노
"어린이, 교본, 바이엘, 피아노",이탈리아
"어린이, 바이엘, 피아노, 이탈리아",교본
"교본, 바이엘, 피아노, 이탈리아",어린이
"어린이, 교본, 이탈리아","바이엘, 피아노"
"어린이, 교본, 피아노","바이엘, 이탈리아"
"어린이, 교본, 바이엘","피아노, 이탈리아"
"어린이, 피아노, 이탈리아","교본, 바이엘"
"어린이, 바이엘, 이탈리아","교본, 피아노"
"어린이, 바이엘, 피아노","교본, 이탈리아"
"교본, 피아노, 이탈리아","어린이, 바이엘"
"교본, 바이엘, 이탈리아","어린이, 피아노"
"교본, 바이엘, 피아노","어린이, 이탈리아"
"바이엘, 피아노, 이탈리아","어린이, 교본"
"어린이, 교본","바이엘, 피아노, 이탈리아"
"어린이, 이탈리아","교본, 바이엘, 피아노"
"어린이, 피아노","교본, 바이엘, 이탈리아"
"어린이, 바이엘","교본, 피아노, 이탈리아"
"교본, 이탈리아","어린이, 바이엘, 피아노"
"교본, 피아노","어린이, 바이엘, 이탈리아"
"교본, 바이엘","어린이, 피아노, 이탈리아"
"피아노, 이탈리아","어린이, 교본, 바이엘"
"바이엘, 이탈리아","어린이, 교본, 피아노"
"바이엘, 피아노","어린이, 교본, 이탈리아"
바이엘,"어린이, 교본, 피아노, 이탈리아"
"수학, 학습, 구성, 유형",문제
"문제, 학습, 구성, 유형",수학
"문제, 수학, 학습, 구성",유형
"문제, 수학, 구성, 유형",학습
"학습, 구성, 유형","수학, 문제"
"수학, 학습, 구성","문제, 유형"
"문제, 학습, 구성","수학, 유형"
"수학, 구성, 유형","학습, 문제"
"문제, 구성, 유형","수학, 학습"
"문제, 수학, 구성","학습, 유형"
"구성, 유형","수학, 학습, 문제"
"수학, 구성","학습, 문제, 유형"
"세대, 국민, 김미경, 이후",인생
"세대, 김미경, 인생, 이후",국민
"국민, 김미경, 인생, 이후",세대
"세대, 국민, 김미경, 인생",이후
"세대, 국민, 인생, 이후",김미경
"세대, 김미경, 이후","국민, 인생"
"국민, 김미경, 이후","세대, 인생"
"김미경, 인생, 이후","세대, 국민"
"세대, 국민, 김미경","인생, 이후"
"세대, 김미경, 인생","국민, 이후"
"국민, 김미경, 인생","세대, 이후"
"세대, 국민, 이후","김미경, 인생"
"세대, 인생, 이후","국민, 김미경"
"국민, 인생, 이후","세대, 김미경"
"세대, 국민, 인생","김미경, 이후"
"김미경, 이후","세대, 국민, 인생"
"세대, 김미경","국민, 인생, 이후"
"국민, 김미경","세대, 인생, 이후"
"김미경, 인생","세대, 국민, 이후"
"세대, 이후","국민, 김미경, 인생"
"국민, 이후","세대, 김미경, 인생"
"인생, 이후","세대, 국민, 김미경"
"세대, 국민","김미경, 인생, 이후"
"세대, 인생","국민, 김미경, 이후"
"국민, 인생","세대, 김미경, 이후"
"기타, 학습, 프로그램, 시간",수학
"수학, 학습, 프로그램, 시간",기타
"기타, 수학, 학습, 프로그램",시간
"기타, 수학, 학습, 시간",프로그램
"기타, 수학, 프로그램, 시간",학습
"학습, 프로그램, 시간","기타, 수학"
"기타, 학습, 프로그램","수학, 시간"
"수학, 학습, 프로그램","기타, 시간"
"기타, 학습, 시간","수학, 프로그램"
"수학, 학습, 시간","기타, 프로그램"
"기타, 수학, 학습","프로그램, 시간"
"기타, 프로그램, 시간","수학, 학습"
"수학, 프로그램, 시간","기타, 학습"
"기타, 수학, 프로그램","학습, 시간"
"기타, 수학, 시간","학습, 프로그램"
"학습, 프로그램","기타, 수학, 시간"
"학습, 시간","기타, 수학, 프로그램"
"기타, 학습","수학, 프로그램, 시간"
"프로그램, 시간","기타, 수학, 학습"
"기타, 프로그램","수학, 학습, 시간"
"수학, 프로그램","기타, 학습, 시간"
"기타, 시간","수학, 학습, 프로그램"
"기타, 수학","학습, 프로그램, 시간"
"문학, 아버지, 독자, 소설",정지아
"문학, 정지아, 독자, 소설",아버지
"문학, 아버지, 정지아, 소설",독자
"문학, 아버지, 독자, 정지아",소설
"소설, 아버지, 독자, 정지아",문학
"문학, 독자, 소설","정지아, 아버지"
"문학, 아버지, 소설","정지아, 독자"
"문학, 정지아, 소설","아버지, 독자"
"문학, 아버지, 독자","소설, 정지아"
"문학, 정지아, 독자","소설, 아버지"
"문학, 아버지, 정지아","소설, 독자"
"소설, 아버지, 독자","문학, 정지아"
"소설, 정지아, 독자","문학, 아버지"
"소설, 아버지, 정지아","문학, 독자"
"정지아, 아버지, 독자","문학, 소설"
"문학, 독자","소설, 아버지, 정지아"
"문학, 아버지","소설, 정지아, 독자"
"문학, 정지아","소설, 아버지, 독자"
"소설, 아버지","문학, 정지아, 독자"
"소설, 정지아","문학, 아버지, 독자"
"아버지, 독자","문학, 정지아, 소설"
"정지아, 독자","문학, 아버지, 소설"
"정지아, 아버지","문학, 독자, 소설"
정지아,"문학, 아버지, 독자, 소설"
"소설, 불편, 이야기, 독자",편의점
"소설, 이야기, 독자, 편의점",불편
"소설, 불편, 독자, 편의점",이야기
"소설, 불편, 이야기, 편의점",독자
"불편, 이야기, 독자, 편의점",소설
"소설, 이야기, 독자","불편, 편의점"
"소설, 불편, 독자","이야기, 편의점"
"소설, 독자, 편의점","불편, 이야기"
"소설, 불편, 이야기","독자, 편의점"
"소설, 이야기, 편의점","불편, 독자"
"소설, 불편, 편의점","이야기, 독자"
"불편, 이야기, 독자","소설, 편의점"
"이야기, 독자, 편의점","소설, 불편"
"불편, 독자, 편의점","소설, 이야기"
"소설, 불편","이야기, 독자, 편의점"
"소설, 편의점","불편, 이야기, 독자"
"불편, 독자","소설, 이야기, 편의점"
"독자, 편의점","소설, 불편, 이야기"
"문제, 독해, 지문, 유형",수록
"독해, 수록, 지문, 유형",문제
"문제, 수록, 지문, 유형",독해
"독해, 수록, 문제, 유형",지문
"독해, 지문, 유형","문제, 수록"
"문제, 지문, 유형","독해, 수록"
"수록, 지문, 유형","독해, 문제"
"독해, 문제, 유형","지문, 수록"
"독해, 수록, 유형","문제, 지문"
"수록, 문제, 유형","독해, 지문"
"지문, 유형","독해, 문제, 수록"
"독해, 유형","문제, 지문, 수록"
"수록, 유형","문제, 독해, 지문"
"일본인, 인간, 세계, 문명",인류
"인류, 인간, 세계, 문명",일본인
"인류, 인간, 세계, 일본인",문명
"인류, 인간, 문명, 일본인",세계
"인간, 세계, 문명","인류, 일본인"
"인간, 세계, 일본인","인류, 문명"
"인류, 인간, 세계","문명, 일본인"
"인간, 문명, 일본인","인류, 세계"
"인류, 인간, 문명","세계, 일본인"
"인류, 인간, 일본인","세계, 문명"
"인간, 일본인","인류, 세계, 문명"
"지리, 미국, 세계, 분쟁",한국
"지리, 한국, 세계, 분쟁",미국
"지리, 한국, 미국, 세계",분쟁
"한국, 미국, 세계, 분쟁",지리
"지리, 한국, 미국, 분쟁",세계
"지리, 세계, 분쟁","한국, 미국"
"지리, 미국, 세계","한국, 분쟁"
"지리, 한국, 세계","미국, 분쟁"
"미국, 세계, 분쟁","지리, 한국"
"한국, 세계, 분쟁","지리, 미국"
"한국, 미국, 세계","지리, 분쟁"
"지리, 미국, 분쟁","한국, 세계"
"지리, 한국, 분쟁","미국, 세계"
"지리, 한국, 미국","세계, 분쟁"
"한국, 미국, 분쟁","지리, 세계"
"세계, 분쟁","지리, 한국, 미국"
"한국, 세계","지리, 미국, 분쟁"
"지리, 분쟁","한국, 미국, 세계"
"지리, 미국","한국, 세계, 분쟁"
"지리, 한국","미국, 세계, 분쟁"
"미국, 분쟁","지리, 한국, 세계"
"한국, 분쟁","지리, 미국, 세계"
"한국, 미국","지리, 세계, 분쟁"
분쟁,"지리, 한국, 미국, 세계"
"산업, 미래, 배터리, 시장",혁명
"산업, 혁명, 배터리, 시장",미래
"산업, 미래, 혁명, 시장",배터리
"산업, 미래, 혁명, 배터리",시장
"혁명, 미래, 배터리, 시장",산업
"산업, 배터리, 시장","혁명, 미래"
"산업, 미래, 시장","혁명, 배터리"
"산업, 혁명, 시장","미래, 배터리"
"산업, 미래, 배터리","혁명, 시장"
"산업, 혁명, 배터리","미래, 시장"
"산업, 혁명, 미래","배터리, 시장"
"미래, 배터리, 시장","산업, 혁명"
"혁명, 배터리, 시장","산업, 미래"
"혁명, 미래, 시장","산업, 배터리"
"혁명, 미래, 배터리","산업, 시장"
"산업, 시장","혁명, 미래, 배터리"
"산업, 배터리","혁명, 미래, 시장"
"배터리, 시장","산업, 혁명, 미래"
"미래, 시장","산업, 혁명, 배터리"
"혁명, 시장","산업, 미래, 배터리"
"미래, 배터리","산업, 혁명, 시장"
"혁명, 배터리","산업, 미래, 시장"
배터리,"산업, 미래, 혁명, 시장"
"학습, 반복, 속도, 연산",아이
"아이, 반복, 속도, 연산",학습
"아이, 반복, 학습, 연산",속도
"아이, 학습, 속도, 연산",반복
"학습, 반복, 속도, 아이",연산
"반복, 속도, 연산","학습, 아이"
"반복, 학습, 연산","속도, 아이"
"아이, 반복, 연산","학습, 속도"
"학습, 속도, 연산","반복, 아이"
"아이, 속도, 연산","반복, 학습"
"아이, 학습, 연산","반복, 속도"
"학습, 반복, 속도","아이, 연산"
"반복, 속도, 아이","학습, 연산"
"반복, 학습, 아이","속도, 연산"
"학습, 속도, 아이","반복, 연산"
"반복, 연산","학습, 속도, 아이"
"속도, 연산","반복, 학습, 아이"
"아이, 연산","학습, 반복, 속도"
"반복, 속도","아이, 학습, 연산"
"반복, 학습","아이, 속도, 연산"
"반복, 아이","학습, 속도, 연산"
"학습, 속도","아이, 반복, 연산"
"속도, 아이","반복, 학습, 연산"
"학습, 아이","반복, 속도, 연산"
"출간, 인간, 서문, 사피엔스",인류
"출간, 인간, 서문, 인류",사피엔스
"출간, 인간, 인류, 사피엔스",서문
"출간, 서문, 사피엔스, 인류",인간
"인류, 인간, 서문, 사피엔스",출간
"출간, 인간, 서문","인류, 사피엔스"
"출간, 인간, 사피엔스","인류, 서문"
"출간, 인간, 인류","서문, 사피엔스"
"출간, 서문, 사피엔스","인류, 인간"
"출간, 서문, 인류","인간, 사피엔스"
"출간, 인류, 사피엔스","인간, 서문"
"인간, 서문, 사피엔스","출간, 인류"
"인류, 인간, 서문","출간, 사피엔스"
"인류, 인간, 사피엔스","출간, 서문"
"인류, 서문, 사피엔스","출간, 인간"
"출간, 인간","인류, 서문, 사피엔스"
"출간, 서문","인류, 인간, 사피엔스"
"출간, 사피엔스","인류, 인간, 서문"
"출간, 인류","인간, 서문, 사피엔스"
"인간, 서문","출간, 인류, 사피엔스"
"인간, 사피엔스","출간, 서문, 인류"
"인류, 서문","출간, 인간, 사피엔스"
"인류, 사피엔스","출간, 인간, 서문"
"한국인, 이야기, 파친코, 작가",한국
"한국인, 한국, 이야기, 파친코",작가
"한국, 이야기, 파친코, 작가",한국인
"한국인, 한국, 이야기, 작가",파친코
"한국인, 한국, 파친코, 작가",이야기
"한국인, 이야기, 파친코","한국, 작가"
"이야기, 파친코, 작가","한국인, 한국"
"한국, 이야기, 파친코","한국인, 작가"
"한국인, 이야기, 작가","한국, 파친코"
"한국인, 한국, 이야기","파친코, 작가"
"한국, 이야기, 작가","한국인, 파친코"
"한국인, 파친코, 작가","한국, 이야기"
"한국인, 한국, 파친코","이야기, 작가"
"한국, 파친코, 작가","한국인, 이야기"
"한국인, 한국, 작가","이야기, 파친코"
"이야기, 파친코","한국인, 한국, 작가"
"한국인, 이야기","한국, 파친코, 작가"
"한국인, 파친코","한국, 이야기, 작가"
"파친코, 작가","한국인, 한국, 이야기"
"한국, 파친코","한국인, 이야기, 작가"
"한국인, 작가","한국, 이야기, 파친코"
"한국인, 한국","이야기, 파친코, 작가"
파친코,"한국인, 한국, 이야기, 작가"
