,Year,Rank,Title,Author,INTRO,TB
0,2023,1,미스터 프레지던트,탁현민,"['일', '개', '국가', '행사', '대한민국', '품격', '의전', '하인', '드', '스토리', '문재인', '대통령', '일', '탁현민', '5년', '순간', '미스터', '프레지던트', '문재인', '정부', '의전', '비서관', '탁현민', '비서관', '회고록', '국가', '기념식', '해외', '순방', '남북', '행사', '등', '일', '동안', '대중', '감동', '행사', '개', '기획', '저자', '각종', '흥미', '뒷이야기', '대통령', '에피소드', '책', '대통령', '거리', '보좌', '비서관', '정부', '행사', '책', '대통령', '직', '의미', '프로젝트', '기획', '추진', '기획자', '각종', '노하우', '수', '이', '책', '저자', '5년', '간', '수행', '일', '정치', '범주', '안', '정치', '진실', '진심', '국민', '일', '소회', '년', '저자', '청와대', '의전', '비서관', '대통령', '국민', '수', '방식', '대통령', '철학', '생각', '이야기', '국민', '전달', '고민', '과정', '책', '부', '부', '노력', '대통령', '일정', '행사', '이야기', '부', '일', '개', '대통령', '일정', '밀리', '터', '리', '덕', '후', '대통령', '전투기', '탑승', '계기', '모두', '주인공', '정은', '경', '질병', '관리', '청장', '임명식', '임기', '무렵', '대통령', '손석희', '대표', '진행', '대담', '뒷이야기', '역대', '대통령', '중', '최초', '곳', '사관학교', '졸업식', '방문', '대통령', '이야기', '등', '수', '부', '대한민국', '국가', '기념식', '홍범도', '장군', '귀환', '기념식', '현충일', '추념식', '등', '대중', '감동', '국가', '기념식', '하인', '드', '스토리', '국가', '행사', '기념', '것', '반복', '의미', '행사', '형식', '이야기', '것', '저자', '국가', '기념식', '번', '과제', '그날', '의미', '것', '말', '의미', '그날', '이야기', '국민', '이야기', '공감', '국민', '그날', '의미', '기억', '숨', '부', '독자', '역사', '기억', '것', '인지', '고민', '대통령', '직', '존재', '의미', '수']","['프롤로그', '대한민국', '대통령', '입장', '일', '개', '대통령', '일정', '청와대', '앞길', '개방', '청와대', '폐쇄', '까', '지', '트럼프', '대통령', '선물', '준비', '회의', '사단', '신병교육대', '격려', '방문', '탄소', '중립', '선언', '흑백', '연설', '대통령', '퇴근길', '맥주', '한잔', '남수단', '유소', '년', '축구단', '임', '명장', '수여식', '청와대', '의자', '매기', '한복', '국무회의', '별이', '사람', '한글날', '산책', '부산국제영화제', '해물', '짬뽕', '삼정', '검', '수여식', '의인', '해돋이', '산행', '신년', '계', '비행', '작전', '명', '태양의 후예', '의장대', '군악대', '팡파르', '대장', '밀', '덕', '대통령', '탑승', '기질', '병', '관리', '청장', '임', '명장', '수여식', '날자', '누리', '호', '대통령', '코로나', '19', '백신', '접종', '탄소', '중립', '위원회', '맹꽁이', '숲', '킬로미터', '여정', '한국', '형', '전투기', '출고', '식각', '군', '사관학교', '졸업식', '대통령', '조문', '마지막', '대담', '이야기', '대통령', '휴가', '대한민국', '국가', '기념식', '육군', '중사', '김', '기억', '오희', '옥', '애국지사', '드', '사인', '명', '합창단', '환희의 송가', '어린이날', '주년', '군인', '군인', '군인', '가족', '입', '니다', '동백꽃', '블록버스터', '피스', '메이커', '꽃', '청년', '날', '세월', '산천', '안다', '영웅', '우리나라', '이기', '리라', '102년', '만', '독립', '만세', '데니 태극기', '수', '자기', '하와이', '서울로', '장군', '귀환', '합참', '의장', '취임식', '이야기', '국가', '기념식', '평화', '길', '간다', '평화', '길', '다', '발해를 꿈꾸며', '초', '암전', '길', '이야기', '대통령', '음식', '이야기', '대통령', '순방', '수행', '기', '평화', '올림픽', '메트로폴리탄', '평창', '밤', '브랜드', '쇼', '아세안', '푸드', '스트리트', '늦기 전에', '대통령', '태도', '최고', '순방', '최고', '회담', '백범', '프로젝트', '콘서트', '휘모리', '마지막', '순방', '샤프', '란', '이야기', '국가', '기념식', '대통령', '행사', '기획', '일', '에필로그', '대한민국', '대통령', '퇴장']"
1,2023,2,나는 대한민국 검사였다,이인규,"['노무현', '수사', '대검', '중수부장', '14년', '만', '진실', '14년', '간', '침묵', '노무현', '대통령', '수사', '책임자', '이인규', '대검', '중수부장', '회고록', '정면', '승부', '피', '사실', '인정', '피의자', '사망', '공소권 없음', '수사', '기록', '영구', '보존', '2009년 6월', '일', '세칭', '박연차', '게이트', '박연차', '태광', '실업', '회장', '정', '관계', '불법', '로비', '사건', '수사', '결과', '발표', '중', '노무현', '대통령', '대목', '당시', '수사', '총지휘', '저자', '년', '개월', '동안', '대한민국', '검사', '생활', '퇴임', '퇴임', '사', '부정부패', '척결', '당위', '문제', '뿐', '이념', '문제', '부정부패', '사회', '문명사회', '수', '년', '만', '페이지', '회고록', '입', '노', '대통령', '죽음', '국민', '상처', '년', '월', '일', '노', '대통령', '사건', '공소시효', '완성', '이제', '국민', '노', '대통령', '수사', '진실', '때', '생각', '책머리', '쪽', '이인규', '책', '역사', '진실', '정면', '승부', '결과', '노무현', '신화', '문재인', '위선', '상관', '지금', '진실', '시간', '사실', '진실', '때문']","['머리말', '진실', '시간', '장', '덕수궁', '돌담', '길', '2009년 5월', '일', '그날', '나', '검사', '서울지검', '검사', '첫발', '특별', '수사', '검사', '덕목', '국제', '업무', '경험', '정치', '검찰', '저승사자', '형사', '부장', '불법', '송금', '사건', '장', '불법', '자금', '수사', 'SK', '부당', '내부', '거래', 'SK', '수사', '직', '최태원', '회장', '구속', '필사', '수사', '방해', '대선', '때', 'SK', '수사', '결과', '발표', '초대', '서울지검', '금융', '조사', '부장', '노무현', '도술', '삼성', '마름', '이학수', 'LG', '차', '당', '한나라', '롯데', '청와대', '부속', '실장', '돈', '한화', '대한항공', '회장', '동부그룹', '부당', '내부', '거래', '정치', '자금', '투명', '마중', '물', '장', '불법', '자금', '수사', 'SK', '부당', '내부', '거래', 'SK', '수사', '직', '최태원', '회장', '구속', '필사', '수사', '방해', '대선', '때', 'SK', '수사', '결과', '발표', '초대', '서울지검', '금융', '조사', '부장', '노무현', '도술', '삼성', '마름', '이학수', 'LG', '차', '당', '한나라', '롯데', '청와대', '부속', '실장', '돈', '한화', '대한항공', '회장', '장', '권력자', '눈엣가시', '검찰', '총장', '칼', '대검', '수', '서울', '수사', '책임자', '황우석', '가짜', '줄기세포', '사건', '법조', '브로커', '판', '검사', '노무현', '이명박', '대통령', '인연', '노무현', '수사', '서막', '장', '박연차', '리스트', '노무현', '스폰서', '박연차', '달러', '윤곽', '노건평', '이상득', '밀약', '칼끝', '노무현', '권양숙', '주변', '책임', '노무현', '여론', '뭇매', '노무현', '노무현', '강금원', '민주', '진보', '정의', '말', '자격', '서면', '질', '장', '진실', '시계', '쪽', '노무현', '대통령', '중수부', '출석', '대통령', '신병', '결정', '이유', '미국', '주택', '구입', '사실', '노', '대통령', '비자금', '논란', '도덕', '타격', '압력', '논두렁', '시계', '진실', '수사', '때', '예우', '부엉이', '바위', '변호인', '문재인', '책임', '노무현', '공소권 없음', '수사', '기록', '영구', '보존', '나는 대한민국', '검사', '에필로그', '사실', '진실', '부록', '노무현', '대통령', '수사', '개요', '노', '대통령', '뇌물', '수수', '직무', '관련성', '피아제', '남녀', '시계', '세트', '수수', '미국', '주택', '구입', '자금', '명목', '달러', '수수', '사업', '자금', '명목', '달러', '수수', '생활비', '명목', '원', '수수', '특수', '활동비', '원', '횡령', '차용', '금', '명목', '원', '수수']"
2,2023,3,정세현의 통찰,정세현,"['우크라이나', '사태', '대한민국', '외교', '문제', '북', '핵', '문제', '혼란', '시대', '국제', '질서', '시대', '해답', '정세현', '통일부', '장관', '50년', '학문', '직업', '천착', '국제', '정치', '속', '남북', '관계', '길', '대한민국', '외교', '자국', '중심성', '대한', '생각', '경험', '신간', '출간', '국제', '정치학', '공부', '반평생', '현장', '통일', '문제', '저자', '삼국', '시대', '현재', '국제', '정치', '역학', '관계', '속', '길', '외교', '사적', '관점', '자국', '중심성', '목표', '지향', '것', '길', '진심', '모색', '오랫동안', '국제', '질서', '안팎', '일', '정세현', '장관', '시대', '통찰력', '격변', '지금', '시대', '지혜', '돌파', '방법', '것', '이번', '책', '오랫동안', '국제', '정세', '흐름', '파악', '저자', '외교', '혜안', '자국', '중심성', '이란 시', '선', '국제', '정치', '것', '유효', '북', '핵', '문제 해결', '법', '삼국', '시대', '한반도', '나라', '오랫동안', '일방', '국제', '관계', '역사', '맥락', '속', '독립', '대한민국', '국제', '질서', '속', '국제', '관계', '이승만', '정부', '문재인', '정부', '변화', '남북', '관계', '관련', '국제', '관계', '중', '사건', '이해', '생각', '결심', '하기', '정세현', '통찰', '년', '시대정신', '일본', '독일', '강대국', '부상', '19세기', '국제', '질서', '격동', 'G2', '시대', '시작', '21세기', '이후', '국제', '질서', '격동', '때문', '우크라이나', '사태', '현실', '목격', '중', '국제', '질서', '격변기', '답', '19세기', '대한제국', '21세기', '대한민국']","['저자', '말', '부', '국제', '정치', '세계', '장', '국제', '정치', '우크라이나', '사태', '국제', '정치', '민낯', '우크라이나', '전해질', '방법', '년', '푸틴', '국제', '질서', '변화', '장', '국제', '정치', '건', '폭력', '장치', '이름', '정치', '법', '주먹', '폭력', '장치', '국제', '정치', '있다', '영해', '해리', '부', '서구', '세력', '등장', '팽창', '일본', '장', '팍스 시니카', '천하', '중국', '식', '국제', '질서', '대', '중국', '복속', '시작', '중국', '국제', '질서', '장', '19세기', '일본', '강대국', '중국', '영국', '배우자', '일본', '무력', '나라', '조선', '중심', '변방', '이론', '일본', '도전', '전범', '국', '넘버', '로', '팍스', '자', '포니', '카', '꿈', '장', '한국', '일본', '중국', '수', '한국', '일본', '역사', '은원', '관계', '한국', '중국', '나라', '일본', '중국', '동아시아', '차지', '경쟁', '관계', '부', '미소', '냉전', '시기', '국제', '정치', '장', '미국', '국제', '질서', '군사', '질서', '경제', '질서', '정보', '질서', '과정', '소련', '과', '경쟁', '시대', '장', '20세기', '한국', '국제', '관계', '이승만', '정부', '미와', '반공', '명분', '도구', '박정희', '전두환', '군사', '정부', '미', '정통', '노태우 정부', '북방', '정책', '미국', '미국', '정통', '근거', '외교', '정책', '번', '목표', '안보', '번', '수단', '부', '미국', '일방', '주의', '시대', 'G2', '중국', '선진국', '한국', '장', '미국', '세력', '미국', '중심', '국제', '질서', '시작', '유럽', '마음', '고향', '중동', '석유', '곳', '중앙아시아', '러시아', '견제', '아프리카', '미국', '직접', '영향', '아시아 태평양', '지역', 'G2', '중국', '있다', '장', '중국', '힘', '개', '년', '꿈', '중국', '몽', '추구', '잘못', '것', '고속', '성장', '잠재력', '인구', '나토', '안보', '도전', '존재', '미국', '착각', '환상', '정치가', '정책', '장', '미국', '일방', '주의', '시대', '한국', '김영삼 정부', '버르장머리', '정신', '미', '공조', '김대중 정부', '설득', '노무현 정부', '바보', '노무현', '전략', '거래', '이명박 정부', '미국', '수', '동맹', '참모', '자세', '국제', '정치', '배짱', '문제', '5부', '21세기', 'G2', '시대', '격동', '국제', '질서', '장', '21세기', 'G2', '시대', '한국', '외교', '국제', '질서', '격변기', '한국', '박근혜 정부', '북한', '붕괴', '미국', '우격다짐', '투자', '호구', '결정', '차이', '17세기', '조선', '21세기', '한국', '평행 이론', '국제', '정치', '국내', '정치', '이용', '버릇', '머릿속', '대미', '종', '속성', '장', '북', '핵', '문제', '수', '북', '핵', '문제', '책임', '인가', '장', '문재인', '정부', '반도의 봄', '기억', '평창', '올림픽', '정상회담', '기득', '세계', '군산', '복합체', '사사건건', '발목', '사건', '하노이', '회담', '결렬', '악마', '디테일', '완전', '조율', '문재인', '정부', '한', '미', '관계', '국력', '자주', '때', '군산', '복합체', '현실', '전략', '모색', '투자', '리스트', '장', '우크라이나', '사태', '북', '핵', '문제', '외교', '영향', '우크라이나', '약속', '북한', '북한', '차', '핵실험', '차', '한미일 삼각동맹', '한국', '위치', '미국', '일본', '밑', '수', '있다', '북', '핵', '문제', '시각', '남북', '연합']"
3,2023,4,공정하다는 착각,마이클 샌델/함규진 역,"['마이클 샌델', '년', '만', '충격', '화두', '자리', '능력', '때문', '마이클 샌델', '년', '신간', '공정', '착각', '출간', '사회', '구조', '이면', '능력주의', '덫', '해체', '공정', '화', '언론', '미디어', '부유', '빈곤', '청년', '장년', '정치인', '입', '기업', '정규', '직', '비정규직', '논란', '공정', '채용', '문제', '혼란', '정치', '공정', '경제', '법', '재난', '지원금', '등', '해석', '대통령', '하나', '공정', '공정', '상황', '언급', '어려움', '토로', '이', '공정', '화두', '각계각층', '충돌', '상황', '마이클 샌델', '하버드대', '교수', '돈', '수', '것', '이후', '년', '만', '신간', '공정', '착각', '출간', '책', '원제', '미국', '현지', '년', '9월', '출간', '반응', '직역', '하면', '능력주의', '폭정', '공동선', '책', '노력', '성공', '수', '있다', '생각', '개인', '능력', '우선시', '보상', '능력주의', '이상', '근본', '잘못', '있다', '주장', '능력주의', '공정', '작동', '공정', '정의', '공식']","['서론', '대학', '입시', '능력주의', '입시', '윤리', '능력', '지표', '따', '내기', '승자', '패자', '포퓰리즘', '불만', '진단', '테크노크라시', '시장', '친화', '세계화', '빈부', '격차', '설명', '법', '능력주의', '윤리', '굴욕', '정치', '기술', '관료', '능력', '조직', '판단', '포퓰리즘', '준동', '능력주의', '도덕', '역사', '능력', '우주', '능력주의', '구원', '구제', '과거', '지금', '섭리', '부', '건강', '자유주의', '섭리', '역사', '편', '도덕', '세계', '궤적', '사회', '상승', '말', '포장', '노력', '자격', '시장', '능력', '책임', '담론', '재능', '노력', '허용', '한도', '것', '포퓰리즘', '반격', '하면 된다', '것', '것', '최후', '면책', '편견', '학력', '주의', '무기', '대학', '간판', '불평등', '해답', '교육', '최고', '인재', '스마트', '해지', '일', '대중', '엘리트', '학위', '통치', '학력', '간', '균열', '기술', '관료', '담론', '테크노크라시', '냐', '데모크라시', '냐', '기후', '변화', '논란', '성공', '윤리', '기술', '관료', '지배', '냐', '귀족', '지배', '냐', '능력주의', '면', '능력주의', '생각', '완벽', '능력주의', '정의', '재능', '자신', '것', '노력', '가치', '창출', '능력주의', '가지', '대안', '능력주의', '거부', '시장', '능력', '시장', '가치', '냐', '도덕', '가치', '냐', '쟁취', '자격', '권리', '인정', '자격', '성공', '태도', '운수', '선택', '재능', '계산', '능력주의', '등장', '인재', '선별', '대학', '능력주의', '쿠데타', '능력주의', '폭정', '모습', '능력주의', '유산', '돈', '점수', '불평등', '토대', '능력주의', '명문대', '사회', '이동성', '엔진', '이유', '능력주의', '공평', '인재', '선별', '작업', '사회', '명망', '배분', '상처', '승리자', '고리', '오만', '굴욕', '유', '능력자', '제비뽑기', '인재', '선별', '명망', '위계질서', '능력', '오만', '혼', '내', '주기', '일', '존엄성', '일', '존엄성', '하락', '절망', '끝', '죽음', '분노', '원인', '일', '존엄성', '사회', '인정', '일', '기여', '정', '일', '존엄', '논쟁', '어제', '오만', '금융', '투기', '공동선', '자와', '자결', '능력', '공동선']"
4,2023,5,총 균 쇠,재레드 다이아몬드/김진준 역,"['인류', '문명', '불균형', '총, 균, 쇠', '때문', '퓰리처상', '세계', '석학', '레드', '다이아몬드', '박사', '총, 균, 쇠', '민족', '민족', '정복', '지배', '대상', '전락', '대륙', '문명', '발달', '속도', '차이', '인간', '사회', '문명', '의문', '분석', '해답', '제시', '증보', '일본인', '추가', '수록', '현대', '일본인', '조상', '인지', '추적', '이', '책', '인류', '수렵', '채집', '년', '석기', '시대', '저자', '제국', '지역', '문자', '농작물', '총의', '기원', '뿐', '대륙', '인류', '사회', '발전', '길', '원인', '설득력', '설명', '역사', '인종주의', '이론', '허구', '뉴', '기니', '아메리카 원주민', '현대', '유럽인', '일본인', '세계', '각지', '인간', '생활', '이야기']","['친애', '한국', '독자', '편지', '레드', '다이아몬드', '증보판', '일본인', '조상', '한민족', '인가', '임', '홍빈', '문학사상', '편집', '고문', '추천', '글', '년', '퓰리처', '상', '명저', '총, 균, 쇠', '진가', '이현', '복', '서울대', '언어학', '명예', '교수', '이', '글', '인류', '문명', '불평등', '수수께끼', '풀이', '김진주', '번역', '문학가', '프롤로그', '현대', '세계', '불평등', '의문', '푼', '다', '부', '인간', '사회', '운명', '갈림길', '장', '문명', '직전', '세계', '상황', '장', '환경', '차이', '모델', '폴리네시아', '장', '유럽', '세계', '정복', '힘', '원천', '부', '식량', '생산', '기원', '문명', '교차로', '장', '식량', '생산', '기원', '장', '인류', '역사', '유산', '자와', '무산자', '장', '식량', '생산', '민', '수렵', '채집', '민', '경쟁력', '차이', '장', '야생', '먹거리', '작물', '화제', '장', '작물', '데', '식물', '식별', '성패', '원인', '장', '선택', '가속', '안나 카레니나', '법칙', '장', '대륙', '축', '돈', '역사', '수레바퀴', '부', '지배', '문명', '지배', '문명', '장', '가축', '치명', '대가', '세균', '사악', '선물', '장', '식량', '생산', '창시', '문자', '안과', '밀접', '연관', '장', '발명', '필요', '어머니', '장', '평등주의', '도둑', '정치', '부', '인류사', '발전', '연구', '과제', '방향제', '15', '장', '대륙', '간', '불균형', '이론', '원주민', '낙후', '원인', '장', '동아시아', '운명', '중국', '문화', '확산', '장', '동아시아', '태평양', '민족', '충돌', '장', '남북', '아메리카', '유라시아', '낙후', '원인', '장', '아프리카', '흑인', '천지', '가', '에필로그', '과학', '인류사', '미래', '특별', '증보', '면', '추가', '논문', '일본인', '후기', '총, 균, 쇠', '그 후', '이야기', '참고', '문헌']"
5,2023,6,지리의 힘,팀 마샬/김미선 역,"['세계', '지리', '분쟁', '지리', '렌즈', '세계', '조망', '책', '지리', '힘', '년', '이상', '개', '이상', '분쟁', '지역', '현장', '취재', '국제', '문제', '전문', '저널리스트', '활동', '저자', '중국', '미국', '서유럽', '러시아', '한국', '일본', '아프리카', '라틴 아메리카', '중동', '인도', '파키스탄', '북극', '등', '세계', '개', '지역', '지리', '힘', '21세기', '현대사', '영향', '집중', '책', '이', '책', '한국', '편', '한국', '위치', '한반도', '지리', '특성', '때문', '한국', '강대국', '경유지', '역할', '수', '지적', '중국', '영유', '분쟁', '바다', '집착', '미국', '초대', '강국', '수', '세계', '남극', '북극', '등', '해답', '최근', '이슈', '미국', '중국', '간', '패권주의', '경쟁', '알카에다', '영토', '장악', '등']","['서문', '삶', '것', '지리', '시작', '장', '중국', '년', '만', '대륙', '나라', '해양', '강국', '족', '탄생', '군사', '대국', '지리', '보호', '나라', '중국', '티베트', '목숨', '것', '가', '중국', '절대', '포기', '수', '전략', '땅', '신장', '땅', '나라', '해양', '강국', '남중국해', '분쟁', '현장', '미국', '대만', '지리', '영유', '분쟁', '대양', '강국', '포기', '것', '이다', '장', '미국', '지리', '축복', '전략', '영토', '구입', '세계', '최', '강국', '지리', '위치', '확보', '나라', '신의 한 수', '루이지애나', '구입', '멕시코', '영토 분쟁', '역사', '미국', '손', '위협', '시대', '괌', '카리브 해', '진출', '막강', '해군', '력', '미국', '패권', '시대', '유럽', '러시아', '미국', '위협', '만', '중국', '중국', '중국', '아시아 태평양', '지대', '에너지', '자급자족', '미국', '중동', '국가', '관계', '유지', '까', '미국', '쇠락', '예측', '유행', '장', '서유럽', '이념', '분열', '지리', '분열', '감지', '되', '다지리', '축복', '서유럽', '지리', '차별', '남유럽', '그리스', '위기', '유럽', '이념', '분열', '지리', '분열', '동쪽', '균열', '긴장', '조짐', '프랑스', '독일', '독일', '프랑스', '다', '유럽연합', '안', '감지', '지리', '복수', '영국', '영광', '고립', '유럽', '20세기', '초', '회귀', '장', '러시아', '나라', '지리', '복수', '일격', '러시아', '건', '지리', '무궁무진', '영토', '확장', '미국', '대적', '초강대국', '쪽', '발', '유럽', '한쪽', '발', '아시아', '부동', '항의', '부재', '러시아', '지리', '아킬레스건', '친서방', '국가', '러시아', '국가', '중립', '국가', '서방', '추파', '모스크바', '당근', '우크라이나', '크림 반도', '신이', '러시아', '선사', '지리', '패', '지리', '무기', '도박', '러시아', '나토', '러시아', '발트 해', '국가', '들', '모스크바', '워싱턴', '있다', '가스', '석유', '지리', '이용한', '경제', '전쟁', '군사', '협력', '러시아', '중국', '밀월', '관계', '장', '한국', '지리', '특성', '때문', '강대국', '경유지', '되', '다', '일본', '최대', '고민', '중국', '견제', '미국', '군사', '동맹', '연약', '것', '위험', '약자', '역할', '북한', '손가락', '하나로', '인위', '선', '한반도', '전쟁', '미국', '중국', '일본', '러시아', '선택', '까', '섬나라', '일본', '과거', '고립', '이제', '군사', '개입', '선택', '하', '다', '일본', '전쟁', '국가', '것', '인가', '일본', '최대', '고민', '중국', '주변국', '친구', '장', '라틴 아메리카', '내륙', '빈', '지리', '감옥', '활', '세계의 끝', '단', '영토 분쟁', '멕시코', '미국', '그늘', '아래', '운명', '나라', '니카라과', '대운하', '중국', '자본', '진입', '다', '중국', '미국', '라틴 아메리카', '틈', '공략', '하', '다', '브라질', '지리', '자국', '운송', '다', '라틴 아메리카', '최고', '지리', '혜택', '아르헨티나', '장', '아프리카', '유럽인', '지정학', '피해자', '되', '다지리', '아프리카', '최대', '장애물', '이다', '유럽인', '제멋대로', '국', '경선', '콩고', '민주공화국', '아프리카', '판', '세계', '대전', '현장', '나일 강', '수자원', '축복', '분쟁', '씨앗', '석유', '보코 하람', '나라', '앙골라', '내부', '외부', '수탈', '점철', '중', '국의', '아프리카', '접근', '터', '이상', '것', '이', '다지리', '위치', '혜택', '남아프리카공화국', '지리', '점지', '힘', '장', '중동', '인위', '국', '경선', '분쟁', '씨앗', '서구', '잉크', '국경', '수니파', '시아파', '안', '분파', '들', '영국', '난장판', '곳', '이라크', '요르단', '골치', '곳', '나라', '산맥', '이름', '나라', '이름', '곳', '레바논', '시리아', '소수파', '다수파', '지배', '긴장감', '곳', 'IS', '죽음의 게임', '이', '이스라엘', '팔레스타인', '산악', '지대', '핵무기', '석유', '나라', '역사', '교차로', '수', '운명', '터키', '아랍의 봄', '장', '인도', '지리', '출발', '다', '파키스탄', '말썽', '국경', '이', '인도 아대륙', '분열', '살육전', '출발', '인도', '파키스탄', '아', '직도', '나라', '격돌', '아프가니스탄', '적의', '적', '다', '파키스탄', '탈레반', '미국', '미국', '인도', '동맹국', '장', '북극', '21세기', '경제', '외교', '각축', '장이', '북극', '탐험', '역사', '얼음', '바닷길', '리', '고', '북극', '각축', '북극', '전략', '미국', '북극', '강자', '러시아', '북극', '게임', '다', '맺음말', '지리', '현실']"
6,2023,7,계속 가보겠습니다,임은정,"['꿈', '힘', '역사', '힘찬', '발걸음', '검사', '임은정', '검찰', '치부', '세상', '검찰', '오늘', '기록', '저자', '임은정', '년', '공판', '업무', '유공', '검찰', '총장', '년', '법무부', '선정', '우수', '여성', '검사', '서울', '중앙', '지검', '공판', '부', '배치', '등', '검찰', '엘리트', '코스', '검사', '한때', '도가니', '검사', '검찰', '조직', '승승장구', '검사', '임은정', '이제', '검사', '적격', '심사', '대상자', '검찰', '조직', '오리', '새끼', '검찰', '각종', '부조리', '폭로', '과거사', '재심', '사건', '백지', '구형', '무죄', '구형', '강행', '골칫거리', '문제', '검사', '때문', '이', '책', '내부', '고발', '검사', '임은정', '번', '단독', '저서', '내부자', '시선', '검찰', '치부', '세상', '10년', '기록', '다짐', '저자', '검찰', '잘못', '무게', '저울', '강조', '현재', '검찰', '자정', '능력', '상실', '고장', '저울', '말', '검찰', '조직', '부끄러움', '검사', '양심', '분투', '저자', '검찰', '바른', '길', '길', '열기', '온몸', '책', '독자', '검찰', '조직', '면', '저자', '각오', '용기', '과정', '내부 고발자', '아픔', '수']","['임은정', '검사', '활동', '일', '지주', '사건', '소개', '프롤로그', '꿈', '힘', '부', '난중일기', '광주', '인화', '원', '도가니', '카산드라', '아틀라스', '공판', '검사', '다짐', '민청학련', '관련', '사건', '공판', '소회', '논고', '문', '생각', '뜻밖', '위', '징계', '청원', '징계', '소감', '징계', '취소소송', '경과', '징계', '취소소송', '경과', '징계', '취소소송', '경과', '검사', '인지', '비정', '정상화', '제언', '단성소', '사표', '수리', '해명', '요청', '복귀', '인사', '과거', '인권', '침해', '사건', '검사', '직권', '재심', '청구', '보도', '검찰', '개혁', '고언', '진상', '조사단', '출범', '검찰', '애', '사', '과거사', '재심', '사건', '대응', '매뉴얼', '소개', '부', '고발', '아이', '나', '고발', '거짓말도 보여요', '용서받지 못한 자', '참회록', '검찰', '애가', '차기', '검찰', '총장', '우리', '마', '세', '블랙리스트', '영혼', '살생', '부', '아이', '언론', '공', '정한', '저울', '길', '모퉁이', '에필로그', '길', '추천사', '이 사람을 보라']"
7,2023,8,당신이 모르는 민주주의,마이클 샌델/이경식 역/김선욱 감수,"['민주주의', '마이클 샌델', '명', '강의', '정체', '민주주의', '정체', '조한혜정', '연세대', '명예', '교수', '김누리', '중앙대', '교수', '박종훈', '기자', '추천', '정교', '한', '논리', '지적', '대화', '세계', '독자', '매료', '정의', '공정', '열풍', '마이클 샌델', '하버드대', '교수', '공정', '착각', '이후', '년', '만', '신간', '이번', '화두', '위기', '민주주의', '토론', '한복판', '독자', '삶', '질서', '불편', '의문', '제기', '민주주의', '법', '앞', '모두', '평등', '개인', '자유', '권리', '보장', '민주주의', '체제', '아래', '사람', '의문', '의문', '것', '반박', '일침', '자유', '풍요', '속', '상실감', '이유', '의', '국내', '번역서', '대부분', '감수', '김선욱', '숭실대', '철학', '교수', '책', '해제', '그동안', '교수', '주제', '총집결', '결정', '저술', '정의', '공정', '자유주의', '공공', '철학', '자본주의', '공동체', '자치', '정치철학', '종합', '세트', '수', '권', '민주주의', '시야', '삶', '통찰', '기회', '선사']","['추천', '글', '개정판', '서문', '장', '시민', '의식', '정치경제학', '경제', '존재', '장', '공화국', '초기', '경제', '시민', '덕목', '공화주의', '이상', '산업', '장', '자유노동', '대', '임금', '노동', '노동자', '노예', '장', '공동체', '자치', '점진', '개혁', '진보주의', '저주', '장', '자유주의', '케인스', '혁명', '경제학', '승리', '의미', '진실', '장', '절차', '공화주의', '승리', '고난', '민주주의', '불만', '불신', '장', '잘못', '1990년대', '이후', '자본주의', '민주주의', '주', '해제']"
8,2023,9,이준석의 거부할 수 없는 미래,이준석,"['대한민국', '국민', '주식회사', '대한민국', '주주', '다', '주식회사', '대한민국', '주주', '공개', '이준석', '희망', '보수', '대차', '대', '조표', '주식회사', '사람', '목소리', '구조', '19', '6월 항쟁', '탄생', '대한민국', '현행', '민주주의', '국민', '평등', '힘', '수', '헌법', '규정', '정치인', '국민', '사람', '사람', '평등', '권리', '모아', '정당', '정부', '구성', '실질', '힘', '행사', '것', '지금', '정치', '가치', '실현', '힘', '과거', '주주', '국민', '선택', '미래', '지향', '가이드라인', '제시', '보수', '진영', '개혁', '최선봉', '저자', '세계', '선도', '위치', '대한민국', '정치', '미래', '대안', '제시']","['머리말', '정반합', '소통', '목적', '책', '프롤로그', '거부', '수', '미래', '주식회사', '대한민국', '주주', '보수', '연패', '연승', '오세훈', '당선', '확신', '이유', '조선', '시대', '정치', '공정', '장', '현실', '정치', '정치', '현실', '정치', '효용', '감', '방법', '당', '원동', '지라', '말', '정당', '힘', '국민의 힘', '노무현', '처음', '노무현', '장', '미래', '보수', '선거', '전략', '현재', '미래', '응용', '법', '보수', '선거', '트렌드', '세대', '포위', '완성', '전라도', '보수', '일', '청년', '여성', '사회', '이슈', '혐오', '용기', '정치', '버즈워드', '오남용', '선거', '활용', '메시지', '통제', '면', '젠더', '사회', '이슈', '자세', '장', '정책', '개혁', '시간', '데이터', '산업', '미래', '인테리어', '기숙사', '학교', '지방', '출발', '자금', '취업', '후', '상환', '제의', '활성', '택시', '요금', '현실화', '화물차', '자율', '주행', '년', '남성', '결혼', '출산', '결혼', '배달', '로봇', '난관', '차별금지법', '논의', '소스', '관리', '도구', '망', '중립', '제고', '프랑스', '축구팀', '로마제국', '북한', '통일', '군', '복무', '제도', '장', '정치', '개혁', '필요', '시간', '직업', '정치', '누더기', '선거', '제도', '선거공영제', '문제점', '부정', '선거', '음모론', '자', '세상', '익명', '정치', '연명', '사람', '장', '정당', '개혁', '필요', '시간', '당원', '유권자', '개발', '공직', '후보자', '기초', '자격시험', '저항', '개방', '당직', '확대', '공직', '수행', '평가', '정당', '공천', '제도', '당원', '협의회', '폐쇄', '당비', '가치', '우드', '지역', '조직', '이슈', '조직', '정당', '결합', '극우', '단절', '언론관', '에필로그', '지금', '보수', '지금', '정치', '지도자', '무한', '책임', '정치', '가부', '록', '이준석', '후보', '국민', '힘', '당', '대표', '후보자', '합동', '연설회', '연설문', '전문', '부록', '국민', '힘', '신임', '이준석', '당', '대표', '수락', '연설문', '전문']"
9,2023,10,공자가 죽어야 나라가 산다,김경일,"['한국', '사회 문제', '뿌리', '공자', '유교', '문화', '근본', '비판', '세계화', '시대', '적응', '한국인', '문화', '폐쇄', '콤플렉스', '단갑', '골문', '발굴', '최근', '유교', '기원', '왜곡', '과정', '국내', '최초', '소개', '해설', '중', '문화', '상호', '이해', '접근법', '외국어', '제도', '교육', '방향', '모색']","['한국인', '가지', '괴로움', '이제', '지도', '신토불이', '수', '잔', '나라', '출세', '법치', '유역', '시', '핏줄', '뿐', '모두', '왕손', '나라', '찬호', '세리', '미국', '간', '까닭', '3김', '한국인', '인가', '공자', '나라', '산다', '유교', '유효', '기간', '다', '중국', '일본', '유교', '이유', '유교', '그릇', '출발', '역사', '왜곡', '왜곡', '역사', '조상 숭배', '의식', '기원', '공자', '거짓말', '영원', '중국', '속국', '인가', '주자학', '사기', '극', '박정희', '나라', '공자', '바이러스', '유교', '문화', '나라', '효도', '사람', '다', '유교', '속', '여자', '유교', '밖', '여자', '일본', '이여', '중국', '이여', '칼', '맛', '본', '용서', '다', '일본', '문화', '뿌리', '시각', '일본 만화', '다', '유교', '상상력', '일본', '문화', '폭력', '성', '난무', '문제', '창조력', '이다', '중국', '장사', '문', '사용', '주장', '분', '속내', '한자', '입', '니다', '한자', '공부', '공부', '양놈', '영어', '이상', '외국어', '실력', '도덕', '이다', '우리', '아이들', '피곤', '이유', '선생님', '논술', '바보', '있다', '신', '영이', '학교', '한국인', '국인', '것', '아름답다', '종아리', '라', '안중근', '서태지', '장보고', '말', '해', '라', '황장엽', '통일']"
10,2023,11,권력과 안보,부승찬,"['문재인', '정부', '마지막', '국방부', '대변인', '승', '찬', '역사', '기록', '양심', '목소리', '국가', '혼란', '대통령', '실', '용산', '이전', '안보', '공기', '말', '현직', '군', '고위', '인사', '중', '유일', '공개', '저항', '말', '사람', '사람', '재임', '일', '동안', '일기', '주제', '재구성', '책', '사실', '진실', '한국', '안보', '중시', '나라', '군', '이슈', '국민', '이슈', '군', '안팎', '갖가지', '사건', '사고', '국가', '안보', '직결', '국정', '국민', '일상', '영향', '일기', '국민', '의혹', '논란', '제기', '사건', '진실', '거짓', '이슈', '군내', '논쟁', '언론', '정부', '갈등', '안보', '정책', '결정', '과정', '비화', '기록', '문재인', '정부', '공과', '한편', '윤석열', '정부', '불안', '안보', '행보', '우려', '비판', '윤', '대통령', '부부', '인연', '천공', '대통령', '관저', '후보지', '답사', '의혹', '실체', '정면', '점', '눈길', '일', '기체', '강점', '현재성', '정직', '그날', '그날', '일', '기록', '현장감', '사실', '감', '과장', '착오', '선택', '취사', '여지', '르네 데카르트', '명제', '기록', '존재', '정도', '일기', '언론', '보도', '수', '이면', '진실', '추적', '즐거움', '것', '책', '선택', '독자', '특권']","['책', '내면', '서일', '러', '두기', '부', '바람', '날', '군', '해군', '부사관', '죽음', '비밀', '정보', '유출', '육군', '총장', '반말', '논란', '해군', '총장', '음주', '사건', '국방부', '감사', '육군', '사단', '경계', '실패', '성전환', '부사관', '죽음', '소송', '군무원', '토지', '투기', '의혹', '국방장관', '추모식', '참', '석천', '안함', '조사', '격리', '병사', '부실', '급식', '사태', 'SNS', '소통', '전략', '국방', '비전', '의문', '미라클', '작전', '군', '사법', '제도', '개혁', '도발', '위협', '지', '태극', '연습', '유감', '요소', '수', '방출', '공수', '작전', '공병', '여단', '부실', '급식', '탈북자', '월북', '사건', '진실', '조종사', '순직', '우크라이나', '지원', '정권', '교체', '미사일', '브리핑', '부', '언론', '전쟁', '국익', '이념', '언론', '오보', '대응', '연합', '훈련', '전작', '출입', '기자단', '국방', '문민', '독', '침공', '대응', '시나리오', '보안', '조사', '말', '고', '북', '미사일', '보도', '과열', '경쟁', '막무가내', '기자', '기자', '김정은', '경례', '국방부', '통일부', '갈등', '노', '마스크', '생체', '실험', '소동', '부', '청와대', '정치권력', '국방', '차관', '출연', '무산', '청와대', '홍보', '회의', '풍경', '김여정', '담화', '대응', '유감', '외교부', '불협화음', '대변인', '청와대', '지시', '일', '병사', '복지', '홍보', '강조', '대통령', '당부', '사항', '대전', '논란', '안보', '실', '차장', '사직', '이유', '공군', '병사', '행위', '국회의원', '미결수', '인권', '침해', '대통령 지시', '사항', '해군', '총장', '교체', '속사정', '국방부', '대체', '한', '미', '일', '국방장관', '회담', '불발', '내막', '윤석열', '캠프', '전직', '장성', '국방', '영상', '조작', '논란', '월선', '북', '선박', '조기', '송환', '지침', '원점', '타격', '제동', '부', '미', '동맹', '이면', '한', '미', '연합', '훈련', '남북', '협의', '논란', '핵우산', '확장', '억제', '사드', '추가', '배치', '전작', '전환', '부정', '미국', '얀센', '재고', '이', '논란', '자위권', '선제공격', '종전', '선언', '의문', '주한', '미군', '전력', '감축', '중국', '위협', '미', '일', '전', '주한', '미군', '사령관', '한국군', '폄', '훼', '북', '대응', '무력시위', '5부', '성폭력', '그늘', '국방', '대', '집단', '성폭력', '사건', '공군', '성폭력', '여부', '사관', '사망', '차', '가해자', '자살', '육군', '장성', '부하', '직원', '성추행', '육군', '사단장', '성추행', '차', '논란', '해군', '성폭력', '여부', '사관', '사망', '공군', '여부', '사관', '자살', '법무', '개혁', '필요', '부', '코로나', '전투', '카투사', '백신', '국민', '청원', '폭풍전야', '함정', '훈련소', '집단', '감염', '청해', '부대', '확진', '자', '발생', '비난', '사과', '파병', '부대', '백신', '접종', '문', '무대', '왕함', '지옥', '작전', '지역', '변경', '논란', '수습', '안정', '부', '소소한 이야기', '장관', '인물', '평', '대변인', '실', '사람', '망중한', '해병대', '아버지', '사관학교', '졸업식', '소회', '대출', '인생', '로', '슬픔', '분노', '때', '잠수함', '스테이크', '연평도', '눈물', 'BTS', '병역', '역대', '급', '검사', '신년', '지휘', '비행', '동체', '착륙', '대변인', '헤어', '스타일', '부', '마지막', '대변인', '국민', '힘', '대선', '후보', '부부', '대통령', '집무실', '이전', '안보', '공기', '육군', '총장', '보고', '천공', '출현', '용산', '이전', '국고', '낭비', '사직서', '제출', '합참', '불만', '위험', '경호실', '수위', '일방통행', '고별', '브리핑', '말', '대통령', '실', '이전', '천공', '미스터리']"
11,2023,12,침묵의 봄,레이첼 카슨/김은령 역,"['환경', '이슈', '전폭', '사회', '운동', '촉발', '20세기', '환경학', '최고', '고전', '침묵의 봄', '주년', '기념', '개정판', '출간', '책', '타임', '지', '20세기', '변화', '중', '사람', '레이첼', '카슨', '책', '환경', '문제', '독자', '책', '저자', '친구', '편지', '통', '계기', '살충제', '사용', '실태', '위험성', '조사', '생물학자', '전문', '지식', '작가', '능력', '발휘', '방사능', '낙진', '인해', '시작', '환경', '문제', '분별', '살충제', '사용', '파괴', '야생', '생물', '모습', '공개', '생태계', '오염', '시작', '생물', '자연환경', '영향', '지', '구체', '설명', '정부', '살충제', '제조', '업체', '행태', '지적', '환경', '문제', '대중', '생각', '환기', '수', '기회', '제시', '책', '년', '출간', '침묵의 봄', '에코', '리브르', '개정판']","['감사', '글', '서문', '린', '리어', '내일', '우화', '의무', '죽음', '술', '지표수', '지하수', '토양', '세계', '지구의', '녹색', '외투', '필요', '파괴', '새', '이상', '노래', '죽음', '강', '공중', '차별', '보르자 가문', '꿈', '인간', '대가', '창', '명', '중', '명', '자연', '반격', '비상사태', '가지', '길', '후기', '에드워드', '윌슨', '이', '글', '참고', '문헌']"
12,2023,13,붕괴하는 세계와 인구학,피터 자이한,"['지정학', '전략가', '자이', '한', '번', '책', '붕괴', '세계', '인구', '학', 'The End of the World', '출간', '자이', '한', '책', '집필', '과정', '만감', '교차', '여정', '한국어', '판', '과정', '당혹', '자체', '자이', '한', '담론', '완성', '측면', '감정', '한국어', '판', '출판사', '세계', '예측', '판단', '서지', '자이', '한', '책', '세계', '종말', '것', '말', '75년', '황금시대', '이제', '붕괴', '시간', '것', '세계화', '붕괴', '산업화', '붕괴', '세계', '분업', '체계', '연결', '망', '붕괴', '책', '예측', '세계', '붕괴', '양상', '상상', '초월', '당혹', '건', '한국', '방도', '것', '자이', '한', '예측', '력', '21세기', '노스트라다무스', '번', '책', '21세기', '미국', '패권', '지정학', '트럼프', '미국', '예측', '셰일', '혁명', '미국', '세계', '러시아', '우크라이나', '침공', '예측', '각자', '도', '세계', '지정학', '중국', '붕괴', '예측', '세계', '붕괴', '예측', '자이', '한', '미래', '당장', '2020년대', '붕괴', '말', '탈세계화', '산업화', '문명', '수', '원자재', '연료', '식량', '부족', '기근', '단절', '붕괴', '세계', '물자', '식량', '에너지', '자급', '강제', '로라', '역량', '안', '지역', '고통', '북미', '동아시아', '한국', '고통', '자이', '한', '세계', '붕괴', '전후', '황금시대', '지정학', '인구', '학', '조합', '이제', '반대', '작동', '때문', '러시아', '우크라이나', '전쟁', '끝', '지정학', '충돌', '시대', '시작', '반면', '미국', '주도', '세계', '질서', '붕괴', '직전', '동맹', '안보', '자유', '시장', '접근', '안정', '에너지', '유통', '이상', '미국', '전략', '관심사', '각자', '도', '세계', '국가', '좌충우돌', '러시아', '우크라이나', '전쟁', '에너지', '곡물', '공급', '차질', '자이', '한', '예측', '대', '전쟁', '중', '시작', '뿐', '말', '문제', '인구', '붕괴', '시작', '사실', '2020년대', '국가', '베이', '붐', '세대', '은퇴', '수명', '연장', '인구', '효과', '인구', '감소', '진행', '한국', '출산', '오래전', '명', '밑', '중국', '인구', '감소', '돌입', '고령', '생산', '소비', '인구', '부양', '인구', '저축', '저축', '자본', '부족', '수요', '투자', '생산', '소비', '무역', '붕괴', '장거리', '운송', '체계', '붕괴', '사람', '가난', '국가', '국가', '행동', '예측', '에너지', '원자재', '식량', '상당', '부분', '수입', '동아시아', '국가', '난관', '직면', '물건', '수', '곳도', '아시아', '주식회사', '종말', '반면', '북미', '지역', '역내', '시장', '에너지', '경작', '땅', '인구', '북미', '시대', '자이', '한', '한국어', '판', '서문', '세계', '미래', '한국', '미래', '세계', '미래', '한국', '의미', '한국', '탈세계화', '난관', '방도', '수', '것', '인구', '붕괴', '재앙', '수', '도전', '앞', '피터', '자이', '한', '번', '책', '21세기', '노스트라다무스', '세계', '붕괴', '예측', '가지', '정학', '전략가', '자이', '한', '번', '책', '붕괴', '세계', '인구', '학', 'The End of the World', '출간', '자이', '한', '책', '집필', '과정', '만감', '교차', '여정', '한국어', '판', '과정', '당혹', '자체', '자이', '한', '담론', '완성', '측면', '감정', '한국어', '판', '출판사', '세계', '예측', '판단', '서지', '자이', '한', '책', '세계', '종말', '것', '말', '75년', '황금시대', '이제', '붕괴', '시간', '것', '세계화', '붕괴', '산업화', '붕괴', '세계', '분업', '체계', '연결', '망', '붕괴', '책', '예측', '세계', '붕괴', '양상', '상상', '초월', '당혹', '건', '한국', '방도', '것', '자이', '한', '예측', '력', '21세기', '노스트라다무스', '번', '책', '21세기', '미국', '패권', '지정학', '트럼프', '미국', '예측', '셰일', '혁명', '미국', '세계', '러시아', '우크라이나', '침공', '예측', '각자', '도', '세계', '지정학', '중국', '붕괴', '예측', '세계', '붕괴', '예측', '자이', '한', '미래', '당장', '2020년대', '붕괴', '말', '탈세계화', '산업화', '문명', '수', '원자재', '연료', '식량', '부족', '기근', '단절', '붕괴', '세계', '물자', '식량', '에너지', '자급', '강제', '로라', '역량', '안', '지역', '고통', '북미', '동아시아', '한국', '고통', '자이', '한', '세계', '붕괴', '전후', '황금시대', '지정학', '인구', '학', '조합', '이제', '반대', '작동', '때문', '러시아', '우크라이나', '전쟁', '끝', '지정학', '충돌', '시대', '시작', '반면', '미국', '주도', '세계', '질서', '붕괴', '직전', '동맹', '안보', '자유', '시장', '접근', '안정', '에너지', '유통', '이상', '미국', '전략', '관심사', '각자', '도', '세계', '국가', '좌충우돌', '러시아', '우크라이나', '전쟁', '에너지', '곡물', '공급', '차질', '자이', '한', '예측', '대', '전쟁', '중', '시작', '뿐', '말', '문제', '인구', '붕괴', '시작', '사실', '2020년대', '국가', '베이', '붐', '세대', '은퇴', '수명', '연장', '인구', '효과', '인구', '감소', '진행', '한국', '출산', '오래전', '명', '밑', '중국', '인구', '감소', '돌입', '고령', '생산', '소비', '인구', '부양', '인구', '저축', '저축', '자본', '부족', '수요', '투자', '생산', '소비', '무역', '붕괴', '장거리', '운송', '체계', '붕괴', '사람', '가난', '국가', '국가', '행동', '예측', '에너지', '원자재', '식량', '상당', '부분', '수입', '동아시아', '국가', '난관', '직면', '물건', '수', '곳도', '아시아', '주식회사', '종말', '반면', '북미', '지역', '역내', '시장', '에너지', '경작', '땅', '인구', '북미', '시대', '자이', '한', '한국어', '판', '서문', '세계', '미래', '한국', '미래', '세계', '미래', '한국', '의미', '한국', '탈세계화', '난관', '방도', '수', '것', '인구', '붕괴', '재앙', '수', '도전', '앞']","['한국어', '판', '서문', '프롤로그', '부', '시대', '종말', '01', '시작', '농경', '정착', '생활', '혁명', '물', '혁명', '바람', '혁명', '산업 혁명', '02', '우발', '초강대국', '미국', '역사', '막강', '해양', '세력', '미국', '역사', '막강', '안정', '산업', '국가', '03', '완전', '변신', '04', '이야기', '농사', '역사', '가속도', '단어', '습득', '하기', '07', '덧셈', '시대', '종언', '08', '엉망진창', '모델', '성공', '사례', '러시아', '일본', '코로나바이러스', '09', '덧셈', '시대', '잔', '여물', '덧셈', '미국', '지리', '여건', '덧셈', '미국', '베이비붐 세대', '밀레니얼 세대', '덧셈', '미국', '문화', '덧셈', '미국', '멕시코', '우리', '세계', '종말', '저자', '메모', '모스크바', '부', '운송', '10', '길', '운송', '물리', '고난', '원양', '항해', '시대', '운송', '11', '제약', '운송', '산업화', '12', '무역', '미국화', '효과', '선박', '성능', '느', '리다', '효과', '컨테이너', '상자', '효과', '항구', '규모', '수', '줄', '고', '효과', '도시', '도시', '폭발', '증가', '효과', '공급사슬', '생산', '지역', '판매', '세계', '상대로', '해체', '13', '대대적', '해체', '앞으로', '세계', '위험', '자초', '모면', '하기', '14', '폭풍', '항구', '심호흡', '부', '금융', '15', '화폐', '적', '길', '화폐', '길', '신뢰', '구축', '기축', '통화', '거물', '성공', '실패', '16', '자본', '모험', '공짜', '돈', '아시아', '금융', '모델', '융합', '유로', '모델', '호황', '불황', '호황', '미국', '모델', '17', '재앙', '상대', '덧셈', '시대', '종말', '재확인', '인구', '구조', '자본', '19', '융자', '전성시대', '요약', '20', '미래', '금융', '실패', '부', '에너지', '21', '진보', '근대', '에너지', '길', '전쟁', '숭배', '고래', '뜨게질', '미국', '주도', '세계', '질서', '하의', '석유', '질서', '23', '석유', '지도', '상황', '24', '석유', '석유', '이상', '의미', '있다', '탄력성', '차질', '불가분', '대비책', '대비책', '석유', '석유', '이상', '의미', '있다', '석유', '석유', '이상', '의미', '의미', '있다', '기후', '변화', '25', '미래', '연료', '공급', '하기', '5부', '산업', '자재', '26', '역사', '분해', '하기', '과거', '교훈', '미래', '교훈', '본론', '전', '유념', '사항', '27', '필수', '자재', '28', '미래', '각광', '자재', '29', '자재', '30', '자재', '31', '공급', '안정', '자재', '32', '세계', '부', '제조업', '33', '세계', '처음', '시작', '하기', '작동', '방법', '이유', '시', '생산', '방식', '34', '현재', '지도', '동아시아', '제조업', '구체', '세계화', '독일', '중심', '유럽', '제조업', '북미', '지역', '제조업', '차고', '선택', '지', '35', '미래', '지도', '아시아', '종말', '유럽', '해체', '북미', '세기', '신흥', '중심지', '36', '세계', '제조', '하기', '붕괴', '분석', '부', '농업', '37', '문제', '인가', '풍요', '구축', '하기', '38', '지정학', '39', '최악', '사태', '모면', '수용', '하기', '40', '기근', '완화', '하기', '투입', '재의', '기교', '과학', '진보', '식단', '확대', '식단', '축소', '하기', '42', '농업', '기후', '변화', '지역', '이야기', '기후', '변화', '이해', '열기', '습도', '문제', '기후', '변화', '이해', '바람', '예의', '주시', '후', '변화', '이해', '낫', '다기', '후', '변화', '이해', '한계', '토지', '종말', '조금', '세계', '번', '기수', '장정', '에필로그', '감사', '말', '각주']"
13,2023,14,전태일평전,조영래,"['전태일', '주기', '기념', '전태일', '평', '전', '개정판', '출간', '가독성', '편집', '주석', '연표', '보강', '오늘', '전태일', '년', '전태일', '세상', '지', '년', '년', '11월 13일', '청계천', '평화시장', '앞길', '기계', '스물', '육신', '불', '전태일', '일기', '평화시장', '재단사', '일', '때', '노동', '현장', '참상', '참상', '배후', '사회', '모순', '해결', '전태일', '몸부림', '세상', '깨알', '공책', '권', '분량', '전태일', '일기', '조영래', '변호사', '전태일', '평', '전', '바탕', '전태일', '지', '50년', '조영래', '변호사', '원고', '완성', '지', '44년', '전태일', '평', '전', '초판', '지', '년', '책', '오늘', '독자', '상상', '평화시장', '비참', '장면', '시대', '사회', '자화상', '기억', '국민', '소득', '달러', '뒤안길', '비정규직', '청년', '실업자', '영세', '자영업자', '어제', '전태일', '학교', '오늘', '전태일', '직장', '전태일', '시대', '때', '기성세대', '보릿고개', '소리', '일', '양해', '성장', '사회', '구원', '인간', '밥', '수', '고의', '진리', '인간', '밥', '노예', '스물', '육신', '불', '전태일', '것', '인간', '나라', '전태일', '외침', '귀', '까닭', '가독성', '편집', '주석', '연표', '보강', '전태일', '주년', '기념', '개정판', '가독성', '데', '주안점', '본문', '2009년', '번', '개정판', '전태일', '일기', '수', '별', '색', '처리', '요즘', '단어', '봉제산', '업', '일본', '식', '외래어', '세대', '사건', '주', '전태일', '삶', '맥락', '이해', '수', '연표', '역사', '배경', '사건', '사후', '이소선', '어머니', '동료', '활동', '관련', '사항', '보강', '디자인', '필', '민', '님', '힘', '초판', '전태일', '평', '전', '차례', '개정', '번', '개정판', '1991년 1월', '돌베개', '출판사', '초판', '발간', '당시', '원고', '유실', '부분', '검열', '때문', '표현', '대목', '번', '개정판', '2001년 9월', '출간', '2009년 4월', '번', '개정판', '전태일', '재단', '전신', '전태일', '기념사업회', '전태일', '평', '전', '발간', '세월', '한글', '표기법', '띄어쓰기', '등', '원본', '저자', '뜻', '전달', '문체']","['전태일', '주기', '전태일', '평', '전', '개정판', '부', '시절', '밑바닥', '가출', '노동', '방황', '철조망', '하청', '옥', '시절', '꿈', '서울', '패배', '식모살이', '어머니', '동생', '길바닥', '버', '리다', '직업', '있다', '재회', '부', '평화시장', '괴로움', '속', '거리', '천사', '평화시장', '노동', '자로', '다락방', '속', '하루', '평화시장', '인간', '조건', '생각', '여공', '재단사', '전태일', '고뇌', '충격', '부', '바보회', '조직', '근로기준법', '발견', '재단사', '친구', '들', '바보회', '사상', '아버지', '죽음', '바보회', '출발', '노력', '좌절', '속', '부', '전태일', '사상', '막', '노동판', '것', '원', '섭', '편', '지나', '간의', '과제', '노예', '인간', '최소한', '요구', '모범', '업체', '설립', '꿈', '죽음', '예감', '사이', '번민', '결단', '5부', '년', '11월 13일', '삼동', '친목회', '평화시장', '복제품', '종업원', '근로', '개선', '진정서', '평화시장', '기사', '특보', '날', '시위', '불꽃', '전', '죽음', '말라', '부록', '전태일', '투쟁', '년', '아픔', '진실', '사랑', '1983년', '태일', '진실', '1983년', '개정판', '년', '인간', '사람', '삶', '1995년', '연표']"
14,2023,15,지리의 힘 2,팀 마샬/김미선 역,"['년', '만', '지리', '힘', '탄', '21세기', '계속', '지정학', '갈등', '세상', '지리', '신', '우크라이나', '산맥', '전', '세계', '개국', '출간', '세계', '베스트셀러', '지리', '힘', '저자', '책', '페이지', '우크라이나', '이야기', '시작', '세계', '부', '이상', '판매', '지리', '대중', '관심', '폭발', '전작', '저자', '지리', '렌즈', '세계', '흐름', '정치', '경제', '국제', '정세', '빈부', '격차', '등', '화제', '현시', '대', '지리', '전쟁', '시대', '명명', '저자', '년', '만', '후', '속편', '출간', '그동안', '세상', '속도', '변화', '정작', '지리', '자리', '말', '미국', '개', '대양', '동시', '해군', '력', '파견', '수', '유일한', '나라', '히말라야 산맥', '인도', '중국', '러시아', '서쪽', '평지', '힘', '지정학', '분쟁', '갈등', '고개', '이제', '지정학', '공룡', '뿐', '등장', '열강', '나라', '힘', '반복', '자신', '지정학', '역할', '이번', '책', '차', '세계', '대전', '이후', '미국', '소련', '중심', '양극', '체제', '다극', '체제', '전환', '세계', '광범위', '파급', '력', '오스트레일리아', '이란', '사우디아라비아', '영국', '그리스', '터키', '사헬', '에티오피아', '스페인', '우주', '지구', '아래', '밑', '시작', '머리', '위', '곳', '우주', '개', '지역']","['서문', '이념', '지리', '자리', '있다', '장', '오스트레일리아', '지리', '위치', '면적', '강점', '약점', '세계', '번', '나라', '사람', '수', '곳', '3분', '미지', '남쪽', '땅', '낯선', '이방인들', '자신', '땅', '사람', '유색', '인종', '거부', '백호주의', '정책', '다', '문화', '국가', '현대', '오스트레일리아', '탄생', '천연자원', '부족', '물', '기후', '변화', '해상', '봉쇄', '속수무책', '나라', '동맹국', '영국', '미국', '중국', '중국', '관계', '관리', '자체', '줄타기', '장', '이란', '세계', '기싸움', '신', '과업', '수행', '중', '이다', '침공', '국민', '통합', '지형', '양날', '검', '호르무즈 해협', '페르시아 제국', '시아파', '이슬람 국가', '외부', '세력', '먹이', '잇', '감', '내부', '쿠데타', '시위', '만연', '1979년', '호메이니', '이란 혁명', '8년', '이란', '이라크', '전쟁', '종교', '빙자', '억압', '분노', '시민', '들', '수니파', '국가', '시아파', '국가', '미국', '정략', '결혼', '자국', '혁명가', '국민', '왕관', '터번', '터번', '부츠', '로시', '과업', '수행', '나라', '장', '사우디아라비아', '가문', '성', '나라', '이름', '개', '나라', '국경', '모래', '나라', '세력', '연합', '한쪽', '정치', '한쪽', '종교', '무력', '탄생', '나라', '석유', '돈', '미국', '이슬람', '극단주의자', '현대', '저지', '시키', '다', '알카에다', '사우디', '왕국', '결전', '사하', '다중', '동의', '패권', '세', '왕세자', '행보', '폭정', '개혁', '동시', '석유', '도박', '미국', '중국', '이스라엘', '관계', '석유', '시대', '종말', '나라', '운명', '장', '영국', '지리', '파생', '분리', '정서', '있다', '지리', '분리', '발전', '차이', '침략자', '싸움터', '왕국', '통합', '까', '지', '스코틀랜드', '잉글랜드', '양측', '윈윈', '전략', '해상', '장악', '절정', '제국', '힘', '균형', '추가', '이동', '시작', '쪽', '발', '미국', '한쪽', '발', '이후', '혼성', '전략', '필요', '친구', '있다', '최고', '강국', '차', '상위', '강국', '으', '로', '스코틀랜드', '절', '교', '선언', '장', '그리스', '위치', '때문', '고대', '현재', '열강', '게임', '대상', '되', '다신', '바위', '돌', '나라', '서구', '문명', '탄생지', '페르시아', '로마', '점령', '되', '다', '유럽', '안', '소외', '다', '발칸 전쟁', '세계', '대전', '외부', '세력', '점령', '내전', '내전', '난민', '갈등', '분쟁', '시작', '개', '섬', '바다', '국방비', '사이프러스', '위험', '게임', '터키', '만', '파트너', '장', '터키', '목', '곳', '자리', '친구', '몽골', '오스만 제국', '최', '전성기', '유럽', '병자', '몰락', '하', '다', '터키', '공화국', '탄생', '마음', '오스만 제국', '부활', '친구', '이웃', '나라', '충돌', '마비', '바타', '푸른', '바다', '지배', '나라', '이웃', '나라', '물', '전쟁', '국내', '쿠르드족', '전쟁', '민주주의', '방향', '벌', '동네', '한복판', '장', '사헬', '테러', '폭력', '악순환', '갈등', '한복판', '있다', '사막', '낙타', '교역', '이슬람', '산', '강', '국경', '산', '강', '다', '국제', '테러', '단체', '지원', '반군', '세력', '코로나', '팬데믹', '내전', '계속', '다', '강대국', '눈치', '부족', '갈등', '사이에서', '가장', '가난', '나라', '가난', '지역', '저항', '운동', '기후', '변화', '사막화', '폭력', '악순환', '천연자원', '테러리스트', '돈줄', '중국', '사헬', '대국', '건설', '하', '다발', '미국', '발', '기회', '중국', '러시아', '장', '에티오피아', '지리', '에티오피아', '편', '이다', '물', '힘', '협곡', '폭포', '발전', '식민', '지배', '적', '이질', '공동체', '나라', '현대', '에티오피아', '탄생', '독보', '세력', '쿠데타', '공포정치', '전쟁', '변화', '바람', '분', '피', '종족', '간', '분쟁', '학습', '중립', '유지', '강대국', '눈치', '에티오피아', '권력', '이집트', '불안', '장', '스페인', '지리', '방해', '부', '창출', '교역', '정치', '통합', '방해', '지리', '이베리아 반도', '장악', '무슬림', '그리스도교', '세력', '유대인', '무슬림', '탄압', '유럽', '최', '강국', '종이호랑이', '전락', '내부', '분열', '갈등', '성장', '발목', '잡', '다', '프랑코', '내전', '공포', '굶주림', '사방', '따돌림', '남은', '파시즘', '나라새', '국왕', '등장', '중앙 정부', '지방 정부', '대립', '카탈루냐', '독립', '딜레마', '해상', '방어', '위해', '장', '우주', '아프가니스탄', '이라크', '수', '있다', '미국', '소련', '달 탐사', '경쟁', '환상', '전망', '자랑', '우주', '집', '국제', '우주', '정거장', '건설', '달러', '하늘', '힘', '우주', '조약', '달', '조약', '궤도', '우주', '전쟁', '출발점', '우주 공간', '군사', '화각', '국의', '인공위성', '파괴', '킬러', '위성', '개발', '미래', '우주', '모습', '까', '우주', '특정', '국가', '소유물', '아', '니다', '감사', '말', '참고', '문헌']"
15,2022,1,그리움은 아무에게나 생기지 않습니다,박근혜,"['서울', '구치소', '생활', '년', '개월', '대통령', '시간', '긴장', '연속', '오늘', '주제', '이야기', '시간', '일', '숨', '국민', '조금', '삶', '시간', '지도', '노력', '하지', '주변', '인물', '일탈', '인해', '혼신', '힘', '일', '적', '폐', '자신', '직분', '충실', '이행', '공직자', '고초', '모습', '것', '참을 수 없는', '고통', '정치', '처음', '시작', '때', '짐', '게', '것', '삶', '무상', '탓', '비난', '원망', '마음', '멍에', '제가', '실망', '사랑', '편지', '국민', '지금', '수', '박근혜', '대통령', '서문']","['서문', '이', '글', '편지', '부록', '발행인', '글', '편집인', '글']"
16,2022,2,가불 선진국,조국,"['한국', '세계', '정도', '성장', '선진국', '반열', '선진국', '대한민국', '환호', '뒤', '사회', '경제', '약자', '희생', '문재인', '정부', '공직자', '활동', '저자', '사회', '보장', '그동안', '소외', '약자', '빚', '주장', '선진국', '반열', '가불', '빚', '지속', '선진국', '수']","['머리말', '국', '뽕', '장', '문재인', '정부', '성과', '제고', '민주주의', '경제', '민생', '복지', '개선', '장', '미완', '조', '산하', '집값', '폭등', '소득', '자산', '격차', '심화', '지역', '불균형', '계속', '산업', '재해', '위험', '외', '주화', '장', '주택', '지대', '개혁', '모두', '집', '걱정', '나라', '지대', '개혁', '답', '있다', '장', '지방', '분권', '지역', '균형', '대', '메가', '시티', '구축', '대한민국', '게임', '체인', '저', '지방', '대학', '혁신', '육성', '미국', '캘리포니아', '주립', '대학', '모델', '도입', '사법', '기관', '지방', '행정', '수도', '세종', '시', '장', '노동', '인권', '민생', '복지', '강화', '동일', '노동', '동일', '임금', '원칙', '사회', '연대', '임금제', '노동', '시간', '단축', '일', '노동', '도입', '시간', '이다', '플랫폼', '종사자', '보호', '플랫폼', '종사자', '보호', '법', '안전', '산업', '재해', '예방', '위험', '작업', '거부권', '작업', '중', '지권', '확대', '기본소득', '기본', '자산', '복지', '결합', '장', '경제', '민주화', '프랜차이즈', '본사', '온라인', '플랫폼', '기업', '갑', '근절', '대기업', '대상', '중소기업', '협동조합', '교섭', '허용', '대기업', '중소기업', '간', '협력', '이익', '공유', '장', '차별', '공존', '82년', '김지영', '현상', '동성애', '시민', '권리', '이주', '노동자', '노비', '강', '새벽', '불가촉천민', '대우', '있다', '맺음말', '사회', '강화', '반성적 평형', '주']"
17,2022,3,윤석열 X파일,열린공감TV,"['대선', '후보자', '윤석열', '열린', '공감', 'TV', '검증', '공정', '상식', '윤석열', '본', '부', '장', '리스크', '쥬', '리', '허상', '실존', '열린', '공감', 'TV', '추적', '책', '20대', '대통령', '출마', '윤석열', '후보자', '집중', '검증', '책', '윤석열', '본', '부', '김건희', '장', '모', '최은', '순', '본부장', '리스크', '책', '가족', '현재', '모습', '비리', '의혹', '도덕', '일탈', '내용', '구성', '이', '책', '집필', '출간', '열린', '공감', 'TV', '유튜브', '플랫폼', '기반', '탐사', '전문', '매체', '20대', '대선', '정국', '의미', '보도', '윤석열', '후보', '가족', '집중', '탐사', '보도', '시민', '독자', '호응', '윤석열', '대한민국', '20대', '대통령', '도전', '야권', '주자', '나라', '대통령', '일', '열린', '공감', 'TV', '취재', '보도', '상상', '시작', '이명박', '박근혜 정부', '완벽', '검찰', '공화국', '것', '자본', '권력', '언론', '권력', '정치권력', '등', '기득', '동맹', '카르', '텔', '형성', '서로', '보호', '자신', '걸림돌', '사람', '단죄', '불공', '정', '화신', '것', '판단', '시작', '윤석열', '후보자', '국민', '힘', '선대위', '면면', '대다수', '검사', '출신', '열린', '공감', '윤석열', '파일', '이란', '제목', '그동안', '취재', '노트', '정리', '원래', '윤', '짜', '장', '프로그램', '방송', '대본', '사용', '취재', '조각', '목차', '연도', '사건', '중심', '제목', '내용', '정리', '것', '책', '2021년', '6월', '달', '동안', '뉴스', '장식', '윤석열', '파일', '정체', '불명', '괴문서', '책', '관련', '책', '계기', '당시', '엑스파일', '관련', '수', '당시', '언론', '윤석열', '파일', '제작', '배포', '곳', '열린', '공감', 'TV', '라고', '지목', '이재명', '캠프', '지원', '루머', '생산', '때문', '불', '필요', '오해', '김', '윤석열', '후보자', '검증', '윤석열', '파일', '출간', '것', '책', '배경', '수', '책', '윤석열', '후보자', '가족', '비리', '의혹', '열린', '공감', 'TV', '시간', '취재', '사실관계', '정리', '정치인', '윤석열', '평가', '데', '도움', '것']","['장', '윤석열', '성장기', '출생', '초중고', '시절', '대학', '시절', '고시', '시절', '장', '본인', '윤석열', '군대', '면제', '사유', '가짜', '서울법대', '김찬경', '인연', '삼부', '토건', '유니버스', '진짜', '검찰', '각성', '계기', '삼성', '비자금', '수사', '팀', '신정아 게이트', '논산', '백제', '병원', '리베이트', '사건', '정치', '검사', '길', '운명', '여인', '만남', '윤', '서방파', '윤석열', '법과 정의', '무능', '무능', '건지', '언론사', '사주', '만남', '화천', '대유', '윤석열', '조국', '식구', '검찰', '쿠데타', '정치', '검찰', '검찰', '정치', '선언', '여담', '검찰', '정치', '무속', '정치', '장', '부인', '김건희', '리플리', '유부', '남', '검사', '그녀', '이력', '그녀', '전시', '그녀', '남자들', '운명', '남자', '그녀', '권력자', '이 여자가 사는 법', '이 여자가 사는 법', '그녀', '변신', '이야기', '장', '장모', '최은', '순', '장모', '소문', '사실', '장모', '부동산', '장모', '인맥', '장모', '방식', '장모', '진화', '장모', '황제', '보석']"
18,2022,4,계속 가보겠습니다,임은정,"['꿈', '힘', '역사', '힘찬', '발걸음', '검사', '임은정', '검찰', '치부', '세상', '검찰', '오늘', '기록', '저자', '임은정', '년', '공판', '업무', '유공', '검찰', '총장', '년', '법무부', '선정', '우수', '여성', '검사', '서울', '중앙', '지검', '공판', '부', '배치', '등', '검찰', '엘리트', '코스', '검사', '한때', '도가니', '검사', '검찰', '조직', '승승장구', '검사', '임은정', '이제', '검사', '적격', '심사', '대상자', '검찰', '조직', '오리', '새끼', '검찰', '각종', '부조리', '폭로', '과거사', '재심', '사건', '백지', '구형', '무죄', '구형', '강행', '골칫거리', '문제', '검사', '때문', '이', '책', '내부', '고발', '검사', '임은정', '번', '단독', '저서', '내부자', '시선', '검찰', '치부', '세상', '10년', '기록', '다짐', '저자', '검찰', '잘못', '무게', '저울', '강조', '현재', '검찰', '자정', '능력', '상실', '고장', '저울', '말', '검찰', '조직', '부끄러움', '검사', '양심', '분투', '저자', '검찰', '바른', '길', '길', '열기', '온몸', '책', '독자', '검찰', '조직', '면', '저자', '각오', '용기', '과정', '내부 고발자', '아픔', '수']","['임은정', '검사', '활동', '일', '지주', '사건', '소개', '프롤로그', '꿈', '힘', '부', '난중일기', '광주', '인화', '원', '도가니', '카산드라', '아틀라스', '공판', '검사', '다짐', '민청학련', '관련', '사건', '공판', '소회', '논고', '문', '생각', '뜻밖', '위', '징계', '청원', '징계', '소감', '징계', '취소소송', '경과', '징계', '취소소송', '경과', '징계', '취소소송', '경과', '검사', '인지', '비정', '정상화', '제언', '단성소', '사표', '수리', '해명', '요청', '복귀', '인사', '과거', '인권', '침해', '사건', '검사', '직권', '재심', '청구', '보도', '검찰', '개혁', '고언', '진상', '조사단', '출범', '검찰', '애', '사', '과거사', '재심', '사건', '대응', '매뉴얼', '소개', '부', '고발', '아이', '나', '고발', '거짓말도 보여요', '용서받지 못한 자', '참회록', '검찰', '애가', '차기', '검찰', '총장', '우리', '마', '세', '블랙리스트', '영혼', '살생', '부', '아이', '언론', '공', '정한', '저울', '길', '모퉁이', '에필로그', '길', '추천사', '이 사람을 보라']"
19,2022,5,"굿바이, 이재명",장영하,"['대한민국', '시작', '마스크', '표정', '이재명', '실체', '책', '강', '자', '변명', '대부분', '거짓', '이고', '약자', '항변', '대부분', '진실', '이다', '사람', '집착', '누', '군가', '의심', '처음', '절대', '생각', '리가', '마음', '수', '샛길', '걸', '확신', '쪽', '무게', '대서', '후보', '이재명', '형', '이재선', '회계사', '사람', '마음', '세상', '존경', '것', '아들', '딸', '존경', '아버지', '것', '꿈', '가장', '권력자', '이재명', '지속', '거짓말', '순식간', '눈덩이', '사람', '집착', '주문', '듯', '리가', '순간', '스스로', '집착', '권력', '거짓말', '거짓말', '사람', '개인', '삶', '왜곡', '매장', '것', '때문', '시대', '사람', '가족', '왜곡', '매장', '일', '다반사', '권력', '개인', '삶', '왜곡', '매장', '조리돌림', '멍석말이', '권력', '앞', '줄', '군중', '집착', '심리', '이용', '타깃', '개인', '극한', '코너', '사람', '죽음', '권력자', '앞', '줄', '공범자', '거울', '속', '모습', '보라', '진실', '사건', '시작', '회계사', '이재선', '성남시', '민원', '글', '협박', '협박', '것', '정신병원', '강제', '입원', '음모', '진행', '패륜아', '정신병자', '이재선', '정신병원', '강제', '입원', '일', '일사천리', '진행', '각본', '것', '권력', '개인', '수', '일', '사실', '일', '뿐', '것', '끝', '권력자', '이재선', '사실', '방향', '일간', '정신병원', '신세', '한', '싸움', '죽음', '골목', '과정', '사건', '진실', '거짓', '점철', '거짓', '중심', '여권', '대선', '후보', '이', '책', '진실', '거짓말', '거짓말', '보태', '배', '배', '것', '진실', '위', '정의', '기록', '사람', '개인', '삶', '왜곡', '매장', '이야기', '것', '개인', '삶', '개인', '삶', '사회', '영향', '영향', '사회', '것', '의미', '배우', '김부선', '변호사', '판사', '출신', '장영', '하', '변호사', '책', '굿바이', '이재명', '쓰기', '시작', '단테', '신곡', '꽃밭', '틈새', '지옥으로 가는 문', '것', '인생', '점', '책', '현실', '리얼', '수', '마음', '마음가짐', '얼굴', '나이테', '때문', '거울', '속', '얼굴', '나이테', '진실']","['마음', '글', '시작', '글', '프롤로그', '악마를 보았다', '장', '이재명', '성남', '공화국', '인연', '인가', '악연', '타인', '입장', '타인', '고통', '아랑곳', '배', '배', '성남시', '장', '후보', '사퇴', '회유', '사건', '장', '시작', '시작', '쇼', '성남시', '모라토리엄', '성남시', '장이', '본색', '형님', '앞길', '라진', '민원', '글', '장', '범죄', '그날', '구성', '가족사', '선택', '발휘', '공정', '백아연', '사건', '아가리', '주지', '장', '년', '5월 28일', '진실', '어머니', '도움', '요청', '이재선', '발악', '기자', '제보', '장', '가성', '남', '시장', '회계사', '냐', '올가미', '문자', '살인', '장', '보복', '권력', '이용한', '보복', '경찰', '연행', '138', '약식', '명령', '일', '리모컨', '조종', '사람', '문자', '살인', '장', '브레이크', '미터', '접근', '금지', '명령', '국면', '불행', '기어', '이', '정신병원', '퇴원', '후', '것', '종', '편', 'TV조선', '민주', '사회', '독극물', '장', '시련', '제자리', '폐암', '기', '진단', '년', '11월 2일', '이별', '날벼락', '장', '모래시계', '사람', '이재명', '스톱', '특정', '범죄', '가중', '처벌', '법', '위반', '뇌물', '죄', '경기도지사', '고스톱', '소시', '오', '패스', '성향', '수', '사하라', '에필로그', '것', '진실', '부록', '이재선', '정신병원', '강제', '입원', '발단', '전개']"
20,2022,6,공정하다는 착각,마이클 샌델/함규진 역,"['마이클 샌델', '년', '만', '충격', '화두', '자리', '능력', '때문', '마이클 샌델', '년', '신간', '공정', '착각', '출간', '사회', '구조', '이면', '능력주의', '덫', '해체', '공정', '화', '언론', '미디어', '부유', '빈곤', '청년', '장년', '정치인', '입', '기업', '정규', '직', '비정규직', '논란', '공정', '채용', '문제', '혼란', '정치', '공정', '경제', '법', '재난', '지원금', '등', '해석', '대통령', '하나', '공정', '공정', '상황', '언급', '어려움', '토로', '이', '공정', '화두', '각계각층', '충돌', '상황', '마이클 샌델', '하버드대', '교수', '돈', '수', '것', '이후', '년', '만', '신간', '공정', '착각', '출간', '책', '원제', '미국', '현지', '년', '9월', '출간', '반응', '직역', '하면', '능력주의', '폭정', '공동선', '책', '노력', '성공', '수', '있다', '생각', '개인', '능력', '우선시', '보상', '능력주의', '이상', '근본', '잘못', '있다', '주장', '능력주의', '공정', '작동', '공정', '정의', '공식']","['서론', '대학', '입시', '능력주의', '입시', '윤리', '능력', '지표', '따', '내기', '승자', '패자', '포퓰리즘', '불만', '진단', '테크노크라시', '시장', '친화', '세계화', '빈부', '격차', '설명', '법', '능력주의', '윤리', '굴욕', '정치', '기술', '관료', '능력', '조직', '판단', '포퓰리즘', '준동', '능력주의', '도덕', '역사', '능력', '우주', '능력주의', '구원', '구제', '과거', '지금', '섭리', '부', '건강', '자유주의', '섭리', '역사', '편', '도덕', '세계', '궤적', '사회', '상승', '말', '포장', '노력', '자격', '시장', '능력', '책임', '담론', '재능', '노력', '허용', '한도', '것', '포퓰리즘', '반격', '하면 된다', '것', '것', '최후', '면책', '편견', '학력', '주의', '무기', '대학', '간판', '불평등', '해답', '교육', '최고', '인재', '스마트', '해지', '일', '대중', '엘리트', '학위', '통치', '학력', '간', '균열', '기술', '관료', '담론', '테크노크라시', '냐', '데모크라시', '냐', '기후', '변화', '논란', '성공', '윤리', '기술', '관료', '지배', '냐', '귀족', '지배', '냐', '능력주의', '면', '능력주의', '생각', '완벽', '능력주의', '정의', '재능', '자신', '것', '노력', '가치', '창출', '능력주의', '가지', '대안', '능력주의', '거부', '시장', '능력', '시장', '가치', '냐', '도덕', '가치', '냐', '쟁취', '자격', '권리', '인정', '자격', '성공', '태도', '운수', '선택', '재능', '계산', '능력주의', '등장', '인재', '선별', '대학', '능력주의', '쿠데타', '능력주의', '폭정', '모습', '능력주의', '유산', '돈', '점수', '불평등', '토대', '능력주의', '명문대', '사회', '이동성', '엔진', '이유', '능력주의', '공평', '인재', '선별', '작업', '사회', '명망', '배분', '상처', '승리자', '고리', '오만', '굴욕', '유', '능력자', '제비뽑기', '인재', '선별', '명망', '위계질서', '능력', '오만', '혼', '내', '주기', '일', '존엄성', '일', '존엄성', '하락', '절망', '끝', '죽음', '분노', '원인', '일', '존엄성', '사회', '인정', '일', '기여', '정', '일', '존엄', '논쟁', '어제', '오만', '금융', '투기', '공동선', '자와', '자결', '능력', '공동선']"
21,2022,7,아무도 흔들 수 없는 나라,"문재인, 대통령비서실","['대통령', '비서실', '문재인', '대통령', '말', '글', '나라', '다운', '나라', '아무도', '수', '나라', '5년', '기록', '국민', '년', '대통령', '말', '글', '자신', '것', '동시', '시대', '사람', '말', '글', '현재', '기록', '미래', '이정표', '국민', '것', '쪽', '문재인', '정부', '5년', '국정', '철학', '행보', '연설문', '집', '아무도', '수', '나라', '출간', '대통령', '비서실', '보훈', '순방', '외교', '미래', '비전', '주제', '연설', '고르고', '권', '연설문', '아무도', '수', '나라', '국민', '주인', '민주공화국', '대한민국', '실현', '국정', '운영', '중점', '방향', '정책', '실천', '수', '사람', '중심', '강조', '문재인', '대통령', '리더십', '5년', '대한민국', '변화상', '수', '것']","['문재인', '대통령', '말', '글', '부', '기억', '광주', '내민', '손은', '희망', '것', '주년', '민주화', '운동', '기념식', '대한민국', '출발', '회', '현충일', '추념식', '참전', '용사', '여러분', '분', '분이', '대한민국의 역사', '한국전쟁', '주년', '국군', '유엔군', '참전', '유공자', '위로연', '죽음', '바다', '자유', '인권', '항해', '장진호', '전투', '기념비', '헌화', '독립운동', '가', '영웅', '두지', '주년', '광복절', '경축', '식', '지난', '겨울', '100년', '시간', '주년', '3·1절', '기념식', '국민', '마음', '국가', '주춧돌', '국가', '유공자', '보훈', '가족', '초청', '오찬', '국민', '두지', '회', '현충일', '추념식', '100년', '역사', '운동', '대한민국', '임시', '정부', '수립', '주년', '기념사업', '추진', '위원회', '출범식', '희생', '끝', '독립', '유공자', '유족', '초청', '오찬', '여성', '독립운동', '가', '분', '광복', '역사', '이름', '주년', '광복절', '정부', '수립', '주년', '경축', '식', '과거', '성찰', '때', '미래', '수', '주년', '3·1절', '기념식', '비극', '월', '희망', '5월', '주년', '민주화', '운동', '기념식', '애국', '앞', '보수', '진보', '회', '현충일', '추념식', '전쟁', '평화', '한반도', '국군', '유엔군', '참전', '유공자', '초청', '오찬', '아무도', '수', '나라', '주년', '광복절', '경축', '식', '나무', '생명', '회', '서해', '수호', '날', '기념식', '물방울', '바위', '주년', '대한민국', '임시', '정부', '수립', '기념식', '수', '조국', '회', '현충일', '추념식', '우리', '전쟁', '한국전쟁', '주년', '기념', '식단', '사람', '국민', '포기', '것', '주년', '광복절', '경축', '식', '서해', '영웅들', '희생', '보답', '길', '회', '서해', '수호', '날', '기념식', '꿈', '주년', '광복절', '경축', '식', '홍범도', '장군', '홍범도', '장군', '유해', '장식', '추모', '사이', '대한민국', '수', '주년', '3·1절', '기념식', '고국', '품', '영웅', '귀환', '부', '물줄기', '앵커', '리지', '년', '5월 23일', '인도', '년', '7월 11일', '싱가포르', '국민', '감사', '년', '7월 13일', '파리', '년', '10월 16일', '로마', '년', '10월 18일', '아세안', '회의', '년', '11월 16일', 'G20', '정상', '회의', '년', '12월 1일', '오클랜드', '년', '12월 4일', '브루나이', '년', '3월 12일', '말레이시아', '년', '3월 14일', '캄보디아', '년', '3월 16일', '한', '미', '정상회담', '년', '4월 11일', '투르크메니스탄', '년', '4월 18일', '우즈베키스탄', '년', '4월 21일', '카자흐스탄', '년', '4월 23일', '핀란드', '년', '6월 11일', '노르웨이', '년', '6월 13일', '스웨덴', '년', '6월 16일', '오사카', '년', '6월 29일', '태국', '년', '9월 3일', '미얀마', '년', '9월 5일', '라오스', '년', '9월 6일', '뉴욕', '년', '9월 25일', '태국', '년', '11월 5일', '청두', '년', '12월 24일', '최고', '순방', '최고', '회담', '년', '5월 23일', '콘월', 'G7', '정상', '회의', '년', '6월 13일', '비엔나', '년', '6월 15일', '바르셀로나', '년', '6월 17일', '하와이', '년', '9월 23일', '로마', '년', '10월 31일', '글래스고', '년', '11월 2일', '부다페스트', '년', '11월 5일', '호주', '년', '12월 15일', 'UAE', '년', '1월 18일', '사우디', '년', '1월 19일', '이집트', '년', '1월 21일', '정상회담', '장', '분', '브레이크', '타임', '사이', '연설', '원고', '마지막', '손질', '부', '대한민국', '100년', '미래', '습', '니다', '번', '미래', '한국판', '뉴딜', '대한민국', '미래', '차', '비상', '경제', '회의', '선도', '국가', '도약', '대한민국', '전환', '선언', '한국', '판', '뉴딜', '국민', '보고대회', '미래', '준비', '자', '몫', '차', '한국판', '뉴딜', '전략', '회의', '대한민국', '지역', '역동', '변화', '차', '한국판', '뉴딜', '전략', '회의', '휴먼', '뉴딜', '한국', '판', '뉴딜', '연설', '번', '미래', '탄소', '중립', '대한민국', '가지', '약속', '기후', '행동', '정상', '회의', '탄소', '중립', '성장', '동력', '일자리', '창출', '기', '회로', '회', '국무회의', '오늘', '내일', '수', '대한민국', '탄소', '중립', '선언', '자연', '회복', '삶', '회복', 'P4', '서울', '녹색', '미래', '정상', '회의', '아무도', '길', '탄소', '중립', '위원회', '차', '전체', '회의', '세', '번', '미래', '포용', '국가', '국민', '손', '정부', '건강보험', '보장', '강화', '정책', '발표', '혁신', '성장', '포용', '국가', '사람', '중심', '포용', '국가', '사회', '정책', '국민', '보고', '위기', '완전', '정상', '화로', '2022년', '경제 정책', '방향', 'G7', '정상', '회의', '사진', '장의', '의미', '대통령', '자필', '연설문', '원고']"
22,2022,8,지리의 힘,팀 마샬/김미선 역,"['세계', '지리', '분쟁', '지리', '렌즈', '세계', '조망', '책', '지리', '힘', '년', '이상', '개', '이상', '분쟁', '지역', '현장', '취재', '국제', '문제', '전문', '저널리스트', '활동', '저자', '중국', '미국', '서유럽', '러시아', '한국', '일본', '아프리카', '라틴 아메리카', '중동', '인도', '파키스탄', '북극', '등', '세계', '개', '지역', '지리', '힘', '21세기', '현대사', '영향', '집중', '책', '이', '책', '한국', '편', '한국', '위치', '한반도', '지리', '특성', '때문', '한국', '강대국', '경유지', '역할', '수', '지적', '중국', '영유', '분쟁', '바다', '집착', '미국', '초대', '강국', '수', '세계', '남극', '북극', '등', '해답', '최근', '이슈', '미국', '중국', '간', '패권주의', '경쟁', '알카에다', '영토', '장악', '등']","['서문', '삶', '것', '지리', '시작', '장', '중국', '년', '만', '대륙', '나라', '해양', '강국', '족', '탄생', '군사', '대국', '지리', '보호', '나라', '중국', '티베트', '목숨', '것', '가', '중국', '절대', '포기', '수', '전략', '땅', '신장', '땅', '나라', '해양', '강국', '남중국해', '분쟁', '현장', '미국', '대만', '지리', '영유', '분쟁', '대양', '강국', '포기', '것', '이다', '장', '미국', '지리', '축복', '전략', '영토', '구입', '세계', '최', '강국', '지리', '위치', '확보', '나라', '신의 한 수', '루이지애나', '구입', '멕시코', '영토 분쟁', '역사', '미국', '손', '위협', '시대', '괌', '카리브 해', '진출', '막강', '해군', '력', '미국', '패권', '시대', '유럽', '러시아', '미국', '위협', '만', '중국', '중국', '중국', '아시아 태평양', '지대', '에너지', '자급자족', '미국', '중동', '국가', '관계', '유지', '까', '미국', '쇠락', '예측', '유행', '장', '서유럽', '이념', '분열', '지리', '분열', '감지', '되', '다지리', '축복', '서유럽', '지리', '차별', '남유럽', '그리스', '위기', '유럽', '이념', '분열', '지리', '분열', '동쪽', '균열', '긴장', '조짐', '프랑스', '독일', '독일', '프랑스', '다', '유럽연합', '안', '감지', '지리', '복수', '영국', '영광', '고립', '유럽', '20세기', '초', '회귀', '장', '러시아', '나라', '지리', '복수', '일격', '러시아', '건', '지리', '무궁무진', '영토', '확장', '미국', '대적', '초강대국', '쪽', '발', '유럽', '한쪽', '발', '아시아', '부동', '항의', '부재', '러시아', '지리', '아킬레스건', '친서방', '국가', '러시아', '국가', '중립', '국가', '서방', '추파', '모스크바', '당근', '우크라이나', '크림 반도', '신이', '러시아', '선사', '지리', '패', '지리', '무기', '도박', '러시아', '나토', '러시아', '발트 해', '국가', '들', '모스크바', '워싱턴', '있다', '가스', '석유', '지리', '이용한', '경제', '전쟁', '군사', '협력', '러시아', '중국', '밀월', '관계', '장', '한국', '지리', '특성', '때문', '강대국', '경유지', '되', '다', '일본', '최대', '고민', '중국', '견제', '미국', '군사', '동맹', '연약', '것', '위험', '약자', '역할', '북한', '손가락', '하나로', '인위', '선', '한반도', '전쟁', '미국', '중국', '일본', '러시아', '선택', '까', '섬나라', '일본', '과거', '고립', '이제', '군사', '개입', '선택', '하', '다', '일본', '전쟁', '국가', '것', '인가', '일본', '최대', '고민', '중국', '주변국', '친구', '장', '라틴 아메리카', '내륙', '빈', '지리', '감옥', '활', '세계의 끝', '단', '영토 분쟁', '멕시코', '미국', '그늘', '아래', '운명', '나라', '니카라과', '대운하', '중국', '자본', '진입', '다', '중국', '미국', '라틴 아메리카', '틈', '공략', '하', '다', '브라질', '지리', '자국', '운송', '다', '라틴 아메리카', '최고', '지리', '혜택', '아르헨티나', '장', '아프리카', '유럽인', '지정학', '피해자', '되', '다지리', '아프리카', '최대', '장애물', '이다', '유럽인', '제멋대로', '국', '경선', '콩고', '민주공화국', '아프리카', '판', '세계', '대전', '현장', '나일 강', '수자원', '축복', '분쟁', '씨앗', '석유', '보코 하람', '나라', '앙골라', '내부', '외부', '수탈', '점철', '중', '국의', '아프리카', '접근', '터', '이상', '것', '이', '다지리', '위치', '혜택', '남아프리카공화국', '지리', '점지', '힘', '장', '중동', '인위', '국', '경선', '분쟁', '씨앗', '서구', '잉크', '국경', '수니파', '시아파', '안', '분파', '들', '영국', '난장판', '곳', '이라크', '요르단', '골치', '곳', '나라', '산맥', '이름', '나라', '이름', '곳', '레바논', '시리아', '소수파', '다수파', '지배', '긴장감', '곳', 'IS', '죽음의 게임', '이', '이스라엘', '팔레스타인', '산악', '지대', '핵무기', '석유', '나라', '역사', '교차로', '수', '운명', '터키', '아랍의 봄', '장', '인도', '지리', '출발', '다', '파키스탄', '말썽', '국경', '이', '인도 아대륙', '분열', '살육전', '출발', '인도', '파키스탄', '아', '직도', '나라', '격돌', '아프가니스탄', '적의', '적', '다', '파키스탄', '탈레반', '미국', '미국', '인도', '동맹국', '장', '북극', '21세기', '경제', '외교', '각축', '장이', '북극', '탐험', '역사', '얼음', '바닷길', '리', '고', '북극', '각축', '북극', '전략', '미국', '북극', '강자', '러시아', '북극', '게임', '다', '맺음말', '지리', '현실']"
23,2022,9,악의 마음을 읽는 자들,"권일용, 고나무","['한국', '최초', '프로파일러', '프로파일링', '팀', '탄생', '악의', '해석자', '연쇄살인', '추적', '연쇄살인범', '마음속', '방', '제복', '국민', '약속', '생', '피해자들', '약속', '삶', '배수진', '권일', '대한민국', '호', '프로파일러', '악의', '마음', '자', '순경', '권일', '한국', '최초', '프로파일러', '프로파일링', '팀', '탄생', '과정', '사건', '현장', '기존', '관습', '고정관념', '수사', '결정', '단서', '제공', '활약상', '프로파일러', '영화', '드라마', '등', '소재', '존재', '일선', '암약', '책', '기록', '내용', '사건', '당시', '현장', '경험', '가감', '실화', '독자', '악의', '마음', '자', '번', '수', '방', '연쇄살인범', '마음속', '프로파일러', '세계', '체험', '것']","['서문', '괴물', '사람', '들', '프롤로그', '대한민국', '호', '프로파일링', '보고서', '숙제', '자', '얼굴', '있다', '에쿠스', '심리학', '인터뷰 게임', '작화', '심리', '에필로그', '대담', '김대두', '시대', '괴물', '인가', '후기', '범죄', '고통', '역사', '되풀이']"
24,2022,10,총 균 쇠,재레드 다이아몬드/김진준 역,"['인류', '문명', '불균형', '총, 균, 쇠', '때문', '퓰리처상', '세계', '석학', '레드', '다이아몬드', '박사', '총, 균, 쇠', '민족', '민족', '정복', '지배', '대상', '전락', '대륙', '문명', '발달', '속도', '차이', '인간', '사회', '문명', '의문', '분석', '해답', '제시', '증보', '일본인', '추가', '수록', '현대', '일본인', '조상', '인지', '추적', '이', '책', '인류', '수렵', '채집', '년', '석기', '시대', '저자', '제국', '지역', '문자', '농작물', '총의', '기원', '뿐', '대륙', '인류', '사회', '발전', '길', '원인', '설득력', '설명', '역사', '인종주의', '이론', '허구', '뉴', '기니', '아메리카 원주민', '현대', '유럽인', '일본인', '세계', '각지', '인간', '생활', '이야기']","['친애', '한국', '독자', '편지', '레드', '다이아몬드', '증보판', '일본인', '조상', '한민족', '인가', '임', '홍빈', '문학사상', '편집', '고문', '추천', '글', '년', '퓰리처', '상', '명저', '총, 균, 쇠', '진가', '이현', '복', '서울대', '언어학', '명예', '교수', '이', '글', '인류', '문명', '불평등', '수수께끼', '풀이', '김진주', '번역', '문학가', '프롤로그', '현대', '세계', '불평등', '의문', '푼', '다', '부', '인간', '사회', '운명', '갈림길', '장', '문명', '직전', '세계', '상황', '장', '환경', '차이', '모델', '폴리네시아', '장', '유럽', '세계', '정복', '힘', '원천', '부', '식량', '생산', '기원', '문명', '교차로', '장', '식량', '생산', '기원', '장', '인류', '역사', '유산', '자와', '무산자', '장', '식량', '생산', '민', '수렵', '채집', '민', '경쟁력', '차이', '장', '야생', '먹거리', '작물', '화제', '장', '작물', '데', '식물', '식별', '성패', '원인', '장', '선택', '가속', '안나 카레니나', '법칙', '장', '대륙', '축', '돈', '역사', '수레바퀴', '부', '지배', '문명', '지배', '문명', '장', '가축', '치명', '대가', '세균', '사악', '선물', '장', '식량', '생산', '창시', '문자', '안과', '밀접', '연관', '장', '발명', '필요', '어머니', '장', '평등주의', '도둑', '정치', '부', '인류사', '발전', '연구', '과제', '방향제', '15', '장', '대륙', '간', '불균형', '이론', '원주민', '낙후', '원인', '장', '동아시아', '운명', '중국', '문화', '확산', '장', '동아시아', '태평양', '민족', '충돌', '장', '남북', '아메리카', '유라시아', '낙후', '원인', '장', '아프리카', '흑인', '천지', '가', '에필로그', '과학', '인류사', '미래', '특별', '증보', '면', '추가', '논문', '일본인', '후기', '총, 균, 쇠', '그 후', '이야기', '참고', '문헌']"
25,2022,11,똑똑하게 생존하기,칼 벅스트롬/박선령 역,"['노벨상', '수상자', '솔 펄머터', '조지', '폴', '로', '교수', '법', '조던', '엘', '레', '버', '극찬', '책', '정치인', '사실', '다', '과학', '보도', '자료', '진행', '다', '실리콘밸리', '스타트', '업', '소리', '예술', '경지', '오늘날', '세상', '소음', '거짓', '기만', '속', '현대인', '소리', '기술', '이', '책', '다음', '말', '시작', '세상', '소리', '속', '익사', '지경', '소음', '발생', '시대', '워싱턴 대학교', '생물학', '칼', '정보', '대학원', '교수', '제비', '웨스트', '소리', '수업', '학생', '소리', '생각', '판단', '방법', '오늘날', '발전', '정보통신', '기술', '덕분', '정보', '접근성', '정보량', '덕', '정보', '홍수', '정보', '부하', '정보량', '중', '소리', '부담', '정치인', '이상', '팩트', '과학', '포장', '보도', '자료', '진행', '실리콘밸리', '스타트', '업', '실체', '예술', '만', '투자', '소리', '특정', '사안', '사람', '호도', '세계', '오염', '정보', '신뢰', '능력', '약화', '소리', '개개인', '사회', '전체', '불필요', '낭비', '것', '오늘날', '세상', '소리', '소리', '발전', '현대', '소리', '정량', '데이터', '제시', '소리', '형태', '정보', '가짜', '이의', '제기', '수', '기술', '혜택', '혜택', '사방', '소리', '발전', '뿐', '소리', '인해', '개인', '정치', '사회', '문제', '해결', '개개인', '소리', '기술', '필요', '소리', '본질', '비판', '사고', '방법', '책', '준비', '저자', '책', '제시', '논리', '간단명료', '기술', '수', '통계', '사람']","['서문', '장', '사방', '소리', '장', '매체', '메시지', '잘못', '정보', '장', '소리', '본질', '장', '인과', '관계', '장', '숫자', '소리', '장', '선택', '편향', '장', '데이터 시각화', '장', '빅 데이터', '소리', '장', '과학', '민감도', '장', '소리', '장', '소리', '반박', '감사', '글', '참고', '문헌']"
26,2022,12,지리의 힘 2,팀 마샬/김미선 역,"['년', '만', '지리', '힘', '탄', '21세기', '계속', '지정학', '갈등', '세상', '지리', '신', '우크라이나', '산맥', '전', '세계', '개국', '출간', '세계', '베스트셀러', '지리', '힘', '저자', '책', '페이지', '우크라이나', '이야기', '시작', '세계', '부', '이상', '판매', '지리', '대중', '관심', '폭발', '전작', '저자', '지리', '렌즈', '세계', '흐름', '정치', '경제', '국제', '정세', '빈부', '격차', '등', '화제', '현시', '대', '지리', '전쟁', '시대', '명명', '저자', '년', '만', '후', '속편', '출간', '그동안', '세상', '속도', '변화', '정작', '지리', '자리', '말', '미국', '개', '대양', '동시', '해군', '력', '파견', '수', '유일한', '나라', '히말라야 산맥', '인도', '중국', '러시아', '서쪽', '평지', '힘', '지정학', '분쟁', '갈등', '고개', '이제', '지정학', '공룡', '뿐', '등장', '열강', '나라', '힘', '반복', '자신', '지정학', '역할', '이번', '책', '차', '세계', '대전', '이후', '미국', '소련', '중심', '양극', '체제', '다극', '체제', '전환', '세계', '광범위', '파급', '력', '오스트레일리아', '이란', '사우디아라비아', '영국', '그리스', '터키', '사헬', '에티오피아', '스페인', '우주', '지구', '아래', '밑', '시작', '머리', '위', '곳', '우주', '개', '지역']","['서문', '이념', '지리', '자리', '있다', '장', '오스트레일리아', '지리', '위치', '면적', '강점', '약점', '세계', '번', '나라', '사람', '수', '곳', '3분', '미지', '남쪽', '땅', '낯선', '이방인들', '자신', '땅', '사람', '유색', '인종', '거부', '백호주의', '정책', '다', '문화', '국가', '현대', '오스트레일리아', '탄생', '천연자원', '부족', '물', '기후', '변화', '해상', '봉쇄', '속수무책', '나라', '동맹국', '영국', '미국', '중국', '중국', '관계', '관리', '자체', '줄타기', '장', '이란', '세계', '기싸움', '신', '과업', '수행', '중', '이다', '침공', '국민', '통합', '지형', '양날', '검', '호르무즈 해협', '페르시아 제국', '시아파', '이슬람 국가', '외부', '세력', '먹이', '잇', '감', '내부', '쿠데타', '시위', '만연', '1979년', '호메이니', '이란 혁명', '8년', '이란', '이라크', '전쟁', '종교', '빙자', '억압', '분노', '시민', '들', '수니파', '국가', '시아파', '국가', '미국', '정략', '결혼', '자국', '혁명가', '국민', '왕관', '터번', '터번', '부츠', '로시', '과업', '수행', '나라', '장', '사우디아라비아', '가문', '성', '나라', '이름', '개', '나라', '국경', '모래', '나라', '세력', '연합', '한쪽', '정치', '한쪽', '종교', '무력', '탄생', '나라', '석유', '돈', '미국', '이슬람', '극단주의자', '현대', '저지', '시키', '다', '알카에다', '사우디', '왕국', '결전', '사하', '다중', '동의', '패권', '세', '왕세자', '행보', '폭정', '개혁', '동시', '석유', '도박', '미국', '중국', '이스라엘', '관계', '석유', '시대', '종말', '나라', '운명', '장', '영국', '지리', '파생', '분리', '정서', '있다', '지리', '분리', '발전', '차이', '침략자', '싸움터', '왕국', '통합', '까', '지', '스코틀랜드', '잉글랜드', '양측', '윈윈', '전략', '해상', '장악', '절정', '제국', '힘', '균형', '추가', '이동', '시작', '쪽', '발', '미국', '한쪽', '발', '이후', '혼성', '전략', '필요', '친구', '있다', '최고', '강국', '차', '상위', '강국', '으', '로', '스코틀랜드', '절', '교', '선언', '장', '그리스', '위치', '때문', '고대', '현재', '열강', '게임', '대상', '되', '다신', '바위', '돌', '나라', '서구', '문명', '탄생지', '페르시아', '로마', '점령', '되', '다', '유럽', '안', '소외', '다', '발칸 전쟁', '세계', '대전', '외부', '세력', '점령', '내전', '내전', '난민', '갈등', '분쟁', '시작', '개', '섬', '바다', '국방비', '사이프러스', '위험', '게임', '터키', '만', '파트너', '장', '터키', '목', '곳', '자리', '친구', '몽골', '오스만 제국', '최', '전성기', '유럽', '병자', '몰락', '하', '다', '터키', '공화국', '탄생', '마음', '오스만 제국', '부활', '친구', '이웃', '나라', '충돌', '마비', '바타', '푸른', '바다', '지배', '나라', '이웃', '나라', '물', '전쟁', '국내', '쿠르드족', '전쟁', '민주주의', '방향', '벌', '동네', '한복판', '장', '사헬', '테러', '폭력', '악순환', '갈등', '한복판', '있다', '사막', '낙타', '교역', '이슬람', '산', '강', '국경', '산', '강', '다', '국제', '테러', '단체', '지원', '반군', '세력', '코로나', '팬데믹', '내전', '계속', '다', '강대국', '눈치', '부족', '갈등', '사이에서', '가장', '가난', '나라', '가난', '지역', '저항', '운동', '기후', '변화', '사막화', '폭력', '악순환', '천연자원', '테러리스트', '돈줄', '중국', '사헬', '대국', '건설', '하', '다발', '미국', '발', '기회', '중국', '러시아', '장', '에티오피아', '지리', '에티오피아', '편', '이다', '물', '힘', '협곡', '폭포', '발전', '식민', '지배', '적', '이질', '공동체', '나라', '현대', '에티오피아', '탄생', '독보', '세력', '쿠데타', '공포정치', '전쟁', '변화', '바람', '분', '피', '종족', '간', '분쟁', '학습', '중립', '유지', '강대국', '눈치', '에티오피아', '권력', '이집트', '불안', '장', '스페인', '지리', '방해', '부', '창출', '교역', '정치', '통합', '방해', '지리', '이베리아 반도', '장악', '무슬림', '그리스도교', '세력', '유대인', '무슬림', '탄압', '유럽', '최', '강국', '종이호랑이', '전락', '내부', '분열', '갈등', '성장', '발목', '잡', '다', '프랑코', '내전', '공포', '굶주림', '사방', '따돌림', '남은', '파시즘', '나라새', '국왕', '등장', '중앙 정부', '지방 정부', '대립', '카탈루냐', '독립', '딜레마', '해상', '방어', '위해', '장', '우주', '아프가니스탄', '이라크', '수', '있다', '미국', '소련', '달 탐사', '경쟁', '환상', '전망', '자랑', '우주', '집', '국제', '우주', '정거장', '건설', '달러', '하늘', '힘', '우주', '조약', '달', '조약', '궤도', '우주', '전쟁', '출발점', '우주 공간', '군사', '화각', '국의', '인공위성', '파괴', '킬러', '위성', '개발', '미래', '우주', '모습', '까', '우주', '특정', '국가', '소유물', '아', '니다', '감사', '말', '참고', '문헌']"
27,2022,13,문재인의 위로,더휴먼 편집부,"['이해', '덕분', '일', '수', '나', '덕분', '수', '시민', '삶', '강조', '평소', '말', '글', '사진', '에세이', '정치인', '년', '동안', '경험', '시민', '참여', '감사', '끝', '시작', '대화', '소통', '정치인', '거부', '시종일관', '정치', '참여', '시민', '삶', '저자', '운명', '정치', '직책', '때', '대한민국', '대', '대통령', '시민', '문재인', '위로', '평소', '시민', '삶', '강조', '저자', '말', '글', '사진', '사진', '세', '문재인', '개정판', '모두', '이웃', '사회', '무관심', '역사', '진보', '평소', '소신', '년', '정치', '후', '체감', '시민', '참여', '감사', '글', '표현', '문재인', '정부', '년', '칭찬', '비판', '기대', '이상', '성과', '분야', '역부족', '사례', '저자', '정치인', '문재인', '시민', '관심', '격려', '질책', '사회', '정치', '나라', '역사', '정치', '외면', '관심', '시민', '덕분', '진보', '때문', '눈앞', '승리', '패배', '공과', '복기', '해서', '방법', '단시간', '좌절', '히말라야', '보', '동참', '시민', '삶', '강조']","['번', '새봄', '문', '앞', '하나', '문', '문', '바둑', '복기', '시간', '복기', '차', '앞', '중정', '생각', '히말라야', '걸음', '변화', '시작', '오늘', '포기', '내일', '자책', '대신', '칭찬', '최악', '실패', '세상', '법', '원래', '건', '벽', '건', '패배', '법', '겨울', '방법', '원칙', '길', '주말', '식탁', '원칙', '기준', '양심', '길', '입', '대신', '귀', '길', '돈', '제일', '것', '불행', '끝', '것', '상처', '치유', '법', '침묵', '이유', '체력', '때', '마음', '끝', '시작', '번', '행복', '꿈', '모두', '꿈', '시선', '고정', '꿈', '법', '현실', '때', '인생', '피곤', '이유', '자리', '법', '고마움', '저축', '성공', '돈', '이유', '것', '행복', '조건', '욕심', '것', '이번', '술래', '항구', '소수파', '직업', '태도', '시련', '시작', '일', '수', '결실', '힘', '세', '번', '사람', '사람', '우정', '눈높이', '못', '친구', '가슴', '일', '인생', '행복', '사람', '패자부활전', '사람', '자랑', '충고', '사람', '충고', '행복', '표정', '얼굴', '아버지', '모습', '제주', '봄', '년', '귀향', '오월', '외로움', '외로움', '덕분', '누', '군가', '사랑', '방식', '어머니', '손', '번', '길', '역사', '지름길', '생략', '과거', '현재', '미래', '위축', '이유', '한', '살', '청춘', '때', '지식', '직관', '혼자', '화가', '날', '때', '화', '산', '이유', '여행', '박수', '인생', '권위', '넥타이', '단상', '쉼표', '인생', '진심', '기교', '기법', '빚', '빛으로', '법', '장점', '단점', '성장', '성공', '길', '번', '시민', '정치', '거리', '분노', '관행', '다산', '정약용', '선생', '아무도', '수', '나라', '평화', '십자가', '일', '박수', '자격', '사람', '마음', '굳은살', '오늘', '법', '문재인', '고스톱', '부부', '사이', '가지', '문재인', '라이벌', '가족', '편지', '남이', '시간', '계산기', '전', '시민', '번', '세상', '미래', '미래', '30대', '의무', '갈등', '해소법', '불평', '소주', '한잔', '적', '태도', '존재', '이유', '선택', '예', '혼자', '법', '것', '무한도전', '가르침', '대한민국', '방방곡곡', '세상']"
28,2022,14,침묵의 봄,레이첼 카슨/김은령 역,"['환경', '이슈', '전폭', '사회', '운동', '촉발', '20세기', '환경학', '최고', '고전', '침묵의 봄', '주년', '기념', '개정판', '출간', '책', '타임', '지', '20세기', '변화', '중', '사람', '레이첼', '카슨', '책', '환경', '문제', '독자', '책', '저자', '친구', '편지', '통', '계기', '살충제', '사용', '실태', '위험성', '조사', '생물학자', '전문', '지식', '작가', '능력', '발휘', '방사능', '낙진', '인해', '시작', '환경', '문제', '분별', '살충제', '사용', '파괴', '야생', '생물', '모습', '공개', '생태계', '오염', '시작', '생물', '자연환경', '영향', '지', '구체', '설명', '정부', '살충제', '제조', '업체', '행태', '지적', '환경', '문제', '대중', '생각', '환기', '수', '기회', '제시', '책', '년', '출간', '침묵의 봄', '에코', '리브르', '개정판']","['감사', '글', '서문', '린', '리어', '내일', '우화', '의무', '죽음', '술', '지표수', '지하수', '토양', '세계', '지구의', '녹색', '외투', '필요', '파괴', '새', '이상', '노래', '죽음', '강', '공중', '차별', '보르자 가문', '꿈', '인간', '대가', '창', '명', '중', '명', '자연', '반격', '비상사태', '가지', '길', '후기', '에드워드', '윌슨', '이', '글', '참고', '문헌']"
29,2022,15,총 균 쇠,재레드 다이아몬드/김진준 역,"['인류', '문명', '불균형', '총, 균, 쇠', '때문', '퓰리처상', '세계', '석학', '레드', '다이아몬드', '박사', '총, 균, 쇠', '2005년', '개정판', '개정', '출간', '것', '기존', '컷', '사진', '컷', '추가', '컷', '사진', '수록', '민족', '민족', '정복', '지배', '대상', '전락', '대륙', '문명', '발달', '속도', '차이', '인간', '사회', '문명', '의문', '분석', '해답', '제시', '이', '책', '인류', '수렵', '채집', '년', '석기', '시대', '저자', '제국', '지역', '문자', '농작물', '총의', '기원', '뿐', '대륙', '인류', '사회', '발전', '길', '원인', '설득력', '설명', '역사', '인종주의', '이론', '허구', '뉴', '기니', '아메리카 원주민', '현대', '유럽인', '일본인', '세계', '각지', '인간', '생활', '이야기']","['친애', '한국', '독자', '편지', '레드', '다이아몬드', '프롤로그', '현대', '세계', '불평등', '의문', '부', '인간', '사회', '운명', '갈림길', '장', '문명', '직전', '세계', '상황', '장', '환경', '차이', '모델', '폴리네시아', '장', '유럽', '세계', '정복', '힘', '원천', '-2', '부', '식량', '생산', '기원', '문명', '교차로', '장', '식량', '생산', '기원', '장', '인류', '역사', '유산', '자와', '무산자', '장', '식량', '생산', '민', '수렵', '채집', '민', '경쟁력', '차이', '장', '야생', '먹거리', '작물', '장', '작물', '데', '식물', '식별', '성패', '원인', '장', '선택', '가축화', '안나 카레니나', '법칙', '장', '대륙', '축', '돈', '역사', '수레바퀴', '-3', '부', '지배', '문명', '지배', '문명', '11', '장', '가축', '치명', '대가', '세균', '사악', '선물', '12', '장', '식량', '생산', '창시', '문자', '안과', '관계', '장', '발명', '필요', '어머니', '장', '평등주의', '도둑', '정치', '부', '인류사', '발전', '연구', '과제', '방향', '장', '대륙', '간', '불균형', '이론', '원주민', '낙후', '원인', '장', '동아시아', '운명', '중국', '문화', '확산', '17', '장', '동아시아', '태평양', '민족', '충돌', '18', '장', '남북', '아메리카', '유라시아', '낙후', '원인', '장', '아프리카', '흑인', '천지', '가', '에필로그', '과학', '인류사', '미래', '증보', '추가', '논문', '일본인', '후기', '총, 균, 쇠', '그 후', '이야기', '추천', '말', '이현', '복', '서울대', '언어학', '명예', '교수', '이', '말', '김진주', '번역', '문학가', '참고', '문헌']"
30,2021,1,조국의 시간,조국,"['조국', '육성', '아픔', '진실', '말', '생각', '조국', '시간', '년', '8월 9일', '조국', '법무부', '장관', '후보', '지명', '이후', '일련', '사태', '정리', '자신', '심정', '기록', '진보', '지식인', '꿈', '검찰', '개혁', '공직자', '실현', '과정', '고난', '시간', '가감', '문재인', '대통령', '인연', '민정', '수석', '청와대', '입성', '과정', '민정', '수석', '법무부', '장관', '수락', '과정', '이야기', '출마', '냐', '입각', '긴박', '상황', '최근', '사건', '시민', '분', '분이', '응원', '기적', '이야기', '곳곳', '언론', '허위', '보도', '과장', '난무', '검찰', '식구', '조직', '이기주의', '최소한', '해명', '이자', '역사', '기록', '정의', '대한민국', '민주주의', '남은', '과제', '희망', '말']","['촛불', '시민', '말씀', '책', '장', '시련', '가시밭길', '장', '의혹', '장', '통제', '괴물', '장', '검찰', '언론', '표적', '사냥', '장', '국회', '시간', '불쏘시개', '장관', '장', '서초동', '장엄', '촛불', '십자가', '장', '운명', '장', '검찰', '쿠데타', '소용돌이', '책', '사건', '일지']"
31,2021,2,공정하다는 착각,마이클 샌델/함규진 역,"['마이클 샌델', '년', '만', '충격', '화두', '자리', '능력', '때문', '마이클 샌델', '년', '신간', '공정', '착각', '출간', '사회', '구조', '이면', '능력주의', '덫', '해체', '공정', '화', '언론', '미디어', '부유', '빈곤', '청년', '장년', '정치인', '입', '기업', '정규', '직', '비정규직', '논란', '공정', '채용', '문제', '혼란', '정치', '공정', '경제', '법', '재난', '지원금', '등', '해석', '대통령', '하나', '공정', '공정', '상황', '언급', '어려움', '토로', '이', '공정', '화두', '각계각층', '충돌', '상황', '마이클 샌델', '하버드대', '교수', '돈', '수', '것', '이후', '년', '만', '신간', '공정', '착각', '출간', '책', '원제', '미국', '현지', '년', '9월', '출간', '반응', '직역', '하면', '능력주의', '폭정', '공동선', '책', '노력', '성공', '수', '있다', '생각', '개인', '능력', '우선시', '보상', '능력주의', '이상', '근본', '잘못', '있다', '주장', '능력주의', '공정', '작동', '공정', '정의', '공식']","['서론', '대학', '입시', '능력주의', '입시', '윤리', '능력', '지표', '따', '내기', '승자', '패자', '포퓰리즘', '불만', '진단', '테크노크라시', '시장', '친화', '세계화', '빈부', '격차', '설명', '법', '능력주의', '윤리', '굴욕', '정치', '기술', '관료', '능력', '조직', '판단', '포퓰리즘', '준동', '능력주의', '도덕', '역사', '능력', '우주', '능력주의', '구원', '구제', '과거', '지금', '섭리', '부', '건강', '자유주의', '섭리', '역사', '편', '도덕', '세계', '궤적', '사회', '상승', '말', '포장', '노력', '자격', '시장', '능력', '책임', '담론', '재능', '노력', '허용', '한도', '것', '포퓰리즘', '반격', '하면 된다', '것', '것', '최후', '면책', '편견', '학력', '주의', '무기', '대학', '간판', '불평등', '해답', '교육', '최고', '인재', '스마트', '해지', '일', '대중', '엘리트', '학위', '통치', '학력', '간', '균열', '기술', '관료', '담론', '테크노크라시', '냐', '데모크라시', '냐', '기후', '변화', '논란', '성공', '윤리', '기술', '관료', '지배', '냐', '귀족', '지배', '냐', '능력주의', '면', '능력주의', '생각', '완벽', '능력주의', '정의', '재능', '자신', '것', '노력', '가치', '창출', '능력주의', '가지', '대안', '능력주의', '거부', '시장', '능력', '시장', '가치', '냐', '도덕', '가치', '냐', '쟁취', '자격', '권리', '인정', '자격', '성공', '태도', '운수', '선택', '재능', '계산', '능력주의', '등장', '인재', '선별', '대학', '능력주의', '쿠데타', '능력주의', '폭정', '모습', '능력주의', '유산', '돈', '점수', '불평등', '토대', '능력주의', '명문대', '사회', '이동성', '엔진', '이유', '능력주의', '공평', '인재', '선별', '작업', '사회', '명망', '배분', '상처', '승리자', '고리', '오만', '굴욕', '유', '능력자', '제비뽑기', '인재', '선별', '명망', '위계질서', '능력', '오만', '혼', '내', '주기', '일', '존엄성', '일', '존엄성', '하락', '절망', '끝', '죽음', '분노', '원인', '일', '존엄성', '사회', '인정', '일', '기여', '정', '일', '존엄', '논쟁', '어제', '오만', '금융', '투기', '공동선', '자와', '자결', '능력', '공동선']"
32,2021,3,총 균 쇠,재레드 다이아몬드/김진준 역,"['인류', '문명', '불균형', '총, 균, 쇠', '때문', '퓰리처상', '세계', '석학', '레드', '다이아몬드', '박사', '총, 균, 쇠', '민족', '민족', '정복', '지배', '대상', '전락', '대륙', '문명', '발달', '속도', '차이', '인간', '사회', '문명', '의문', '분석', '해답', '제시', '증보', '일본인', '추가', '수록', '현대', '일본인', '조상', '인지', '추적', '이', '책', '인류', '수렵', '채집', '년', '석기', '시대', '저자', '제국', '지역', '문자', '농작물', '총의', '기원', '뿐', '대륙', '인류', '사회', '발전', '길', '원인', '설득력', '설명', '역사', '인종주의', '이론', '허구', '뉴', '기니', '아메리카 원주민', '현대', '유럽인', '일본인', '세계', '각지', '인간', '생활', '이야기']","['친애', '한국', '독자', '편지', '레드', '다이아몬드', '증보판', '일본인', '조상', '한민족', '인가', '임', '홍빈', '문학사상', '편집', '고문', '추천', '글', '년', '퓰리처', '상', '명저', '총, 균, 쇠', '진가', '이현', '복', '서울대', '언어학', '명예', '교수', '이', '글', '인류', '문명', '불평등', '수수께끼', '풀이', '김진주', '번역', '문학가', '프롤로그', '현대', '세계', '불평등', '의문', '푼', '다', '부', '인간', '사회', '운명', '갈림길', '장', '문명', '직전', '세계', '상황', '장', '환경', '차이', '모델', '폴리네시아', '장', '유럽', '세계', '정복', '힘', '원천', '부', '식량', '생산', '기원', '문명', '교차로', '장', '식량', '생산', '기원', '장', '인류', '역사', '유산', '자와', '무산자', '장', '식량', '생산', '민', '수렵', '채집', '민', '경쟁력', '차이', '장', '야생', '먹거리', '작물', '화제', '장', '작물', '데', '식물', '식별', '성패', '원인', '장', '선택', '가속', '안나 카레니나', '법칙', '장', '대륙', '축', '돈', '역사', '수레바퀴', '부', '지배', '문명', '지배', '문명', '장', '가축', '치명', '대가', '세균', '사악', '선물', '장', '식량', '생산', '창시', '문자', '안과', '밀접', '연관', '장', '발명', '필요', '어머니', '장', '평등주의', '도둑', '정치', '부', '인류사', '발전', '연구', '과제', '방향제', '15', '장', '대륙', '간', '불균형', '이론', '원주민', '낙후', '원인', '장', '동아시아', '운명', '중국', '문화', '확산', '장', '동아시아', '태평양', '민족', '충돌', '장', '남북', '아메리카', '유라시아', '낙후', '원인', '장', '아프리카', '흑인', '천지', '가', '에필로그', '과학', '인류사', '미래', '특별', '증보', '면', '추가', '논문', '일본인', '후기', '총, 균, 쇠', '그 후', '이야기', '참고', '문헌']"
33,2021,4,수학 잘하는 아이는 이렇게 공부합니다,류승재,"['생각', '힘', '수학', '공부', '법', '공부', '머리', '독', '서법', '최승', '필', '추천', '수학', '분야', '베스트셀러', '년', '개정판', '출간', '수학', '입시', '만큼', '공부', '전체', '차지', '비중', '점수', '편차', '과목', '아이들', '성과', '과목', '개념', '반복', '나선', '형', '과목', '때문', '공부', '습관', '처음', '바르게', '입시', '수학', '시작', '초등', '시기', '이유', '이', '책', '수학', '기초', '개념', '심화', '혼자', '공부', '법', '수학', '성적', '과정', '설계', '안내', '아이', '실력', '쯤', '확인', '법', '시작', '아이', '수학', '실력', '개', '그룹', '확인', '아이', '수준', '부모', '일', '구체', '아이', '혼자', '수학', '개념', '법', '심화', '선행', '속도', '조절', '법', '교재', '선택법', '아이', '성향', '학원', '선택법', '엄마', '표', '수학', '관리법', '구체', '실질', '정보', '총망라', '2022년', '문', '이', '통합', '시대', '출간', '개정판', '개정', '교육', '과정', '분석', '변화', '수학', '교육', '대비', '수', '자료', '수록', '입시', '제도', '변화', '초등', '중등', '시기', '준비', '부분', '년차', '입시', '전문가', '시선', '포착']","['개정판', '문', '이', '통합', '시대', '수학', '길', '프로', '로', '고등', '수학', '초등', '수학', '공부', '법', '추천사', '생각', '힘', '수학', '공부', '장', '학년', '수학', '성적', '이유', '내', '아이', '실력', '수학', '시험', '아이', '실력', '아이들', '경쟁', '다', '장기', '안목', '부재', '학원', '수학', '공부', '방해', '초등', '중', '등', '학원', '양치기', '반복', '학습', '스스로', '공부', '능력', '아이들', '수학', '공부', '방법', '다', '수학', '개념', '공부', '방법', '다', '수학', '문제', '해결력', '부족', '학습량', '균형', '조절', '실패', '언어', '능력', '부족', '아이', '수준', '고등학교', '등급', '장', '수학', '공부', '수학', '성적', '결정', '다', '수학', '공부', '이해', '수학', '다', '수학', '공부', '본질', '인가', '수학', '공부', '시간', '초', '등', '수학', '습관', '습관', '수학', '습관', '자', '기주', '도성', '수학', '습관', '언어', '정리', '습관', '수학', '습관', '역', '질문', '수학', '습관', '성실', '성', '수학', '습관', '학습', '계획', '선행', '심화', '수학', '실력', '좌우', '선행', '성행', '선행', '경험', '고찰', '초등', '선행', '선행', '현상', '고찰', '선행', '방법', '선행', '심화', '이유', '문제', '해결력', '수학', '문제', '해결력', '인가', '문제', '해결력', '연습', '것', '선', '순환', '완성', '초등', '수학', '공부', '것', '있다', '수학', '문제', '때', '식', '정리', '내', '아이', '선행', '현행', '초등', '문제', '해결력', '오', '답', '연산', '교재', '사고력', '수학', '필요', '초', '등', '심화', '정도', '실력', '선행', '학습', '시', '개념', '교재', '심화', '교재', '수학', '사고력', '장', '초등', '아이', '공부', '습관', '효과', '공부', '법', '공부', '본질', '인가', '초등', '학원', '가지', '브랜드', '이유', '공부', '습관', '이다', '공부', '동기', '부여', '필요', '공부', '일', '공부', '습관', '형성', '좌우', '결정', '시기', '집중력', '미', '취학', '시기', '본격', '공부', '습관', '형성', '초등', '시기', '중고등', '시기', '공부', '습관', '때', '엉덩이', '힘', '마무리', '습관', '공부', '때', '무의식', '도움', '법', '수학', '공부', '아이', '해', '설지', '장', '엄마', '표', '수학', '독학', '수학', '실패', '법가', '정', '학습', '효율', '법', '가정', '학습', '이유', '뇌', '때문', '효율', '가정', '학습', '시간표', '효율', '가정', '학습', '공부', '장소', '효율', '가정', '학습', '말기', '효율', '가정', '학습', '시간', '기준', '공부', '법', '엄마', '표', '수학', '주의', '점', '양육', '태도', '일', '관성', '아이', '공부', '때', '공부', '과목', '공부', '하기', '이성', '칭찬', '일희일비', '아이', '기대', '유지', '하기', '수학', '독학', '때', '주의', '점', '독학', '학생', '상위', '이유', '수학', '문제', '주도', '독서', '언어', '능력', '엄마', '표', '수학', '초중고', '로드맵', '미', '취학', '시기', '초등', '시기', '중등', '시기', '고등', '시기', '수학', '교재', '선택', '장', '수학', '학원', '수학', '학원', '종류', '특징', '공부방', '오피스텔', '교습소', '중소', '강의식', '수학', '전문', '학원', '대형', '강의식', '수학', '전문', '학원', '개별', '첨삭', '식', '수학', '전문', '학원', '수학', '단', '학원', '종합', '반', '학원', '내', '아이', '수학', '학원', '초등', '수학', '학원', '중', '등', '수학', '학원', '고등', '수학', '학원', '학원', '상담', '시', '확인', '것', '학원', '성적', '이유', '공부', '경우', '학원', '경우', '학원', '숙제', '과도', '경우', '진도', '경우', '학원', '의존', '학습', '능력', '경우', '수학', '학원', '뽕', '뽑기', '학원', '숙제', '뽕', '다', '수학', '숙제', '날림', '건', '의미', '방지', '부모', '수', '것', '학원', '것', '아이', '법', '윈터', '스쿨', '학원', '방학', '특강', '장', '아이', '수', '포자', '수', '없어', '수', '포자', '수', '포자', '수', '포자', '위기', '구간', '중', '과정', '수', '포자', '위기', '구간', '과정', '수학', '개념', '암기', '방법', '수', '포자', '특징', '아이', '수학', '수', '포자', '공통', '특징', '수', '포자', '효과', '방법', '수', '포자', '라면', '각종', '수', '포자', '유형', '극복', '방법', '수학', '것', '아이', '아이', '아이', '처음', '때', '아이', '수학', '만', '아이', '선행', '심화', '사이에서', '균형', '수', '포자', '방지', '선행', '심화', '전략', '고등', '성적', '결정', '아이', '수준', '선행', '심화', '수학', '후행', '필요', '고등', '선행', '경우', '장', '상위', '도약', '수학', '공부', '방법', '수학', '시험', '실전', '연습', '법', '문제', '아이', '계산', '실수', '아이', '환경', '아이', '수학', '오', '답', '법', '오', '답', '필요', '형식', '오', '오', '답', '오', '답', '법', '스스로', '설명', '다회', '독', '법', '다회', '독', '인가', '다회', '독', '실패', '경우', '다회', '독', '단계', '수학', '개념', '노트', '연습장', '풀이', '노트', '사용법', '수학', '개념', '노트', '정리', '효과', '습장', '사용법', '풀이', '노트', '활용법', '수학', '개념', '공부', '것', '수학', '기본', '개념', '인가', '수학', '유형', '개념', '인가', '수학', '심화', '개념', '인가', '개념', '독학', '법', '수험', '슬럼프', '부정', '시선', '슬럼프', '슬럼프', '극복', '규칙', '생활', '슬럼프', '극복', '계획표', '슬럼프', '극복', '긍정', '무의식', '효율', '공부', '방법', '효율', '암기', '방법', '집중', '법', '공부', '학생', '공부', '사춘기', '아이', '원인', '대책', '에필로그', '경험', '수학', '공부', '왕도', '개정', '교육과정', '분석', '문', '이', '통합', '시대', '준비']"
34,2021,5,"빌 게이츠, 기후 재앙을 피하는 법","빌 게이츠/김민주, 이엽 역","['빌 게이츠', '10년', '간', '올인', '한', '주제', '기후', '재앙', '목표', '근본', '해법', '혁신', '엔지니어', '실용', '환경', '주의자', '빌 게이츠', '10년', '간', '집중', '연구', '끝', '공개', '기후', '재앙', '극복', '해법', '목표', '계획', '구체', '발생', '온실', '가스', '배출량', '톤', '년', '선진국', '제로', '것', '탄소', '문명', '청정에너지', '문명', '기술', '정책', '시장', '구조', '것', '성장', '지구', '양립', '계획', '정부', '기업', '각자', '수', '일', '구체', '제시', '물리학', '화학', '생물학', '공학', '정치학', '경제학', '무학', '분야', '전문가', '협력', '발견', '유일한', '솔루션', '실현', '로드맵']","['서문', '장', '제로', '장', '것', '이다', '장', '가지', '질문', '장', '전기', '생산', '연간', '배출량', '톤', '퍼센트', '장', '제조', '연간', '배출량', '톤', '퍼센트', '장', '사육', '재배', '연간', '배출량', '톤', '퍼센트', '장', '교통', '운송', '연간', '배출량', '톤', '퍼센트', '장', '냉방', '난방', '연간', '배출량', '톤', '퍼센트', '장', '지구', '적응', '하기', '10', '장', '정부', '정책', '장', '제로', '길', '장', '각자', '수', '것', '후기', '기후', '변화', '코로나', '주', '감사', '말', '이', '글']"
35,2021,6,"굿바이, 이재명",장영하,"['대한민국', '시작', '마스크', '표정', '이재명', '실체', '책', '강', '자', '변명', '대부분', '거짓', '이고', '약자', '항변', '대부분', '진실', '이다', '사람', '집착', '누', '군가', '의심', '처음', '절대', '생각', '리가', '마음', '수', '샛길', '걸', '확신', '쪽', '무게', '대서', '후보', '이재명', '형', '이재선', '회계사', '사람', '마음', '세상', '존경', '것', '아들', '딸', '존경', '아버지', '것', '꿈', '가장', '권력자', '이재명', '지속', '거짓말', '순식간', '눈덩이', '사람', '집착', '주문', '듯', '리가', '순간', '스스로', '집착', '권력', '거짓말', '거짓말', '사람', '개인', '삶', '왜곡', '매장', '것', '때문', '시대', '사람', '가족', '왜곡', '매장', '일', '다반사', '권력', '개인', '삶', '왜곡', '매장', '조리돌림', '멍석말이', '권력', '앞', '줄', '군중', '집착', '심리', '이용', '타깃', '개인', '극한', '코너', '사람', '죽음', '권력자', '앞', '줄', '공범자', '거울', '속', '모습', '보라', '진실', '사건', '시작', '회계사', '이재선', '성남시', '민원', '글', '협박', '협박', '것', '정신병원', '강제', '입원', '음모', '진행', '패륜아', '정신병자', '이재선', '정신병원', '강제', '입원', '일', '일사천리', '진행', '각본', '것', '권력', '개인', '수', '일', '사실', '일', '뿐', '것', '끝', '권력자', '이재선', '사실', '방향', '일간', '정신병원', '신세', '한', '싸움', '죽음', '골목', '과정', '사건', '진실', '거짓', '점철', '거짓', '중심', '여권', '대선', '후보', '이', '책', '진실', '거짓말', '거짓말', '보태', '배', '배', '것', '진실', '위', '정의', '기록', '사람', '개인', '삶', '왜곡', '매장', '이야기', '것', '개인', '삶', '개인', '삶', '사회', '영향', '영향', '사회', '것', '의미', '배우', '김부선', '변호사', '판사', '출신', '장영', '하', '변호사', '책', '굿바이', '이재명', '쓰기', '시작', '단테', '신곡', '꽃밭', '틈새', '지옥으로 가는 문', '것', '인생', '점', '책', '현실', '리얼', '수', '마음', '마음가짐', '얼굴', '나이테', '때문', '거울', '속', '얼굴', '나이테', '진실']","['마음', '글', '시작', '글', '프롤로그', '악마를 보았다', '장', '이재명', '성남', '공화국', '인연', '인가', '악연', '타인', '입장', '타인', '고통', '아랑곳', '배', '배', '성남시', '장', '후보', '사퇴', '회유', '사건', '장', '시작', '시작', '쇼', '성남시', '모라토리엄', '성남시', '장이', '본색', '형님', '앞길', '라진', '민원', '글', '장', '범죄', '그날', '구성', '가족사', '선택', '발휘', '공정', '백아연', '사건', '아가리', '주지', '장', '년', '5월 28일', '진실', '어머니', '도움', '요청', '이재선', '발악', '기자', '제보', '장', '가성', '남', '시장', '회계사', '냐', '올가미', '문자', '살인', '장', '보복', '권력', '이용한', '보복', '경찰', '연행', '138', '약식', '명령', '일', '리모컨', '조종', '사람', '문자', '살인', '장', '브레이크', '미터', '접근', '금지', '명령', '국면', '불행', '기어', '이', '정신병원', '퇴원', '후', '것', '종', '편', 'TV조선', '민주', '사회', '독극물', '장', '시련', '제자리', '폐암', '기', '진단', '년', '11월 2일', '이별', '날벼락', '장', '모래시계', '사람', '이재명', '스톱', '특정', '범죄', '가중', '처벌', '법', '위반', '뇌물', '죄', '경기도지사', '고스톱', '소시', '오', '패스', '성향', '수', '사하라', '에필로그', '것', '진실', '부록', '이재선', '정신병원', '강제', '입원', '발단', '전개']"
36,2021,7,눈 떠보니 선진국,박태웅,"['현자', '박태웅', '선진국', '대한민국', '제언', '세계', '위', '대한민국', '선진국', '것', 'BTS', '한국어', '노래', '빌보드', '위', '봉준호', '감독', '아카데미', '로컬', '말', '천연', '덕', '감독상', '작품', '포함', '개', '아카데미', '트로피', '방역', '세계', '선도', '바이든', '선진국', '지도자', '한국', '목소리', '한국의 경제', '규모', '기준', '세계', '위', '앞', '나라', '선진국', '것', '선진국', '대한민국', '조언', '선진국', '것', '정의', '것', '앞', '뒤', '나라', '상태', '선례', '때', '선진국', '해답', '질문', '것', '때', '선진국', '수', '사람', '아침저녁', '키', '재고', '경제', '발전', '단계', '양', '성장', '필요', '최소한', '볼륨', '때문', '선진국', '문턱', '만', '재고', '이제', '볼륨', '순위', '때문', '사회', '건강', '역사', '입증', '척도', '사회', '중산층', '비중', '허리', '사회', '건강', '국정', '최고', '지표', '목표', '정책', '줄', '수', '때문', '사회', '문제', '문제', '민국', '사회', '경제', '시스템', '생각', '선진국', '때', '한국', '바람', '몸', '영혼', '해결', '문화', '지체', '언덕', '저자', '전문가', '한국', '사회', '지점', '선진국', '판단', '핵심', '지표', '사회', '시스템', '문제', '우리나라', '선진국', '변화', '팩트', '인사이트']","['머리말', '대한민국', '선진국', '것', '까', '부', '선진국', '조건', '눈', '보니', '선진국', '신뢰', '자본', '참', '선진국', '조건', '뉴런', '자유', '결합', '셰익스피어', '필요', '때', '제', '부', '장난', '한국', '사회', '물', '땅', '패인', '모양', '한국', '사회', '장난', '인센티브', '시스템', 'AI', '시대', '교육', '한국', '교육', '치명', '가지', '결핍', '경로', '저주', '사람', '길', '길', '사람', '개', '질문', '코로나', '시대', '재정 정책', '제', '부', '시대', '과학기술', '정보', '통신부', '장관', '고', '리듬', '작동', '원리', '기계', '수', '데이터', '공개', '원칙', '컴퓨팅', '사고', '능력', '시대', '소프트웨어', '세상', '있다', '문제', '생태계', '다', '한국', '소프트웨어 산업', '쇠락', '원인', '네트워크', '시대', '암호', '시대', '수']"
37,2021,8,지리의 힘,팀 마샬/김미선 역,"['세계', '지리', '분쟁', '지리', '렌즈', '세계', '조망', '책', '지리', '힘', '년', '이상', '개', '이상', '분쟁', '지역', '현장', '취재', '국제', '문제', '전문', '저널리스트', '활동', '저자', '중국', '미국', '서유럽', '러시아', '한국', '일본', '아프리카', '라틴 아메리카', '중동', '인도', '파키스탄', '북극', '등', '세계', '개', '지역', '지리', '힘', '21세기', '현대사', '영향', '집중', '책', '이', '책', '한국', '편', '한국', '위치', '한반도', '지리', '특성', '때문', '한국', '강대국', '경유지', '역할', '수', '지적', '중국', '영유', '분쟁', '바다', '집착', '미국', '초대', '강국', '수', '세계', '남극', '북극', '등', '해답', '최근', '이슈', '미국', '중국', '간', '패권주의', '경쟁', '알카에다', '영토', '장악', '등']","['서문', '삶', '것', '지리', '시작', '장', '중국', '년', '만', '대륙', '나라', '해양', '강국', '족', '탄생', '군사', '대국', '지리', '보호', '나라', '중국', '티베트', '목숨', '것', '가', '중국', '절대', '포기', '수', '전략', '땅', '신장', '땅', '나라', '해양', '강국', '남중국해', '분쟁', '현장', '미국', '대만', '지리', '영유', '분쟁', '대양', '강국', '포기', '것', '이다', '장', '미국', '지리', '축복', '전략', '영토', '구입', '세계', '최', '강국', '지리', '위치', '확보', '나라', '신의 한 수', '루이지애나', '구입', '멕시코', '영토 분쟁', '역사', '미국', '손', '위협', '시대', '괌', '카리브 해', '진출', '막강', '해군', '력', '미국', '패권', '시대', '유럽', '러시아', '미국', '위협', '만', '중국', '중국', '중국', '아시아 태평양', '지대', '에너지', '자급자족', '미국', '중동', '국가', '관계', '유지', '까', '미국', '쇠락', '예측', '유행', '장', '서유럽', '이념', '분열', '지리', '분열', '감지', '되', '다지리', '축복', '서유럽', '지리', '차별', '남유럽', '그리스', '위기', '유럽', '이념', '분열', '지리', '분열', '동쪽', '균열', '긴장', '조짐', '프랑스', '독일', '독일', '프랑스', '다', '유럽연합', '안', '감지', '지리', '복수', '영국', '영광', '고립', '유럽', '20세기', '초', '회귀', '장', '러시아', '나라', '지리', '복수', '일격', '러시아', '건', '지리', '무궁무진', '영토', '확장', '미국', '대적', '초강대국', '쪽', '발', '유럽', '한쪽', '발', '아시아', '부동', '항의', '부재', '러시아', '지리', '아킬레스건', '친서방', '국가', '러시아', '국가', '중립', '국가', '서방', '추파', '모스크바', '당근', '우크라이나', '크림 반도', '신이', '러시아', '선사', '지리', '패', '지리', '무기', '도박', '러시아', '나토', '러시아', '발트 해', '국가', '들', '모스크바', '워싱턴', '있다', '가스', '석유', '지리', '이용한', '경제', '전쟁', '군사', '협력', '러시아', '중국', '밀월', '관계', '장', '한국', '지리', '특성', '때문', '강대국', '경유지', '되', '다', '일본', '최대', '고민', '중국', '견제', '미국', '군사', '동맹', '연약', '것', '위험', '약자', '역할', '북한', '손가락', '하나로', '인위', '선', '한반도', '전쟁', '미국', '중국', '일본', '러시아', '선택', '까', '섬나라', '일본', '과거', '고립', '이제', '군사', '개입', '선택', '하', '다', '일본', '전쟁', '국가', '것', '인가', '일본', '최대', '고민', '중국', '주변국', '친구', '장', '라틴 아메리카', '내륙', '빈', '지리', '감옥', '활', '세계의 끝', '단', '영토 분쟁', '멕시코', '미국', '그늘', '아래', '운명', '나라', '니카라과', '대운하', '중국', '자본', '진입', '다', '중국', '미국', '라틴 아메리카', '틈', '공략', '하', '다', '브라질', '지리', '자국', '운송', '다', '라틴 아메리카', '최고', '지리', '혜택', '아르헨티나', '장', '아프리카', '유럽인', '지정학', '피해자', '되', '다지리', '아프리카', '최대', '장애물', '이다', '유럽인', '제멋대로', '국', '경선', '콩고', '민주공화국', '아프리카', '판', '세계', '대전', '현장', '나일 강', '수자원', '축복', '분쟁', '씨앗', '석유', '보코 하람', '나라', '앙골라', '내부', '외부', '수탈', '점철', '중', '국의', '아프리카', '접근', '터', '이상', '것', '이', '다지리', '위치', '혜택', '남아프리카공화국', '지리', '점지', '힘', '장', '중동', '인위', '국', '경선', '분쟁', '씨앗', '서구', '잉크', '국경', '수니파', '시아파', '안', '분파', '들', '영국', '난장판', '곳', '이라크', '요르단', '골치', '곳', '나라', '산맥', '이름', '나라', '이름', '곳', '레바논', '시리아', '소수파', '다수파', '지배', '긴장감', '곳', 'IS', '죽음의 게임', '이', '이스라엘', '팔레스타인', '산악', '지대', '핵무기', '석유', '나라', '역사', '교차로', '수', '운명', '터키', '아랍의 봄', '장', '인도', '지리', '출발', '다', '파키스탄', '말썽', '국경', '이', '인도 아대륙', '분열', '살육전', '출발', '인도', '파키스탄', '아', '직도', '나라', '격돌', '아프가니스탄', '적의', '적', '다', '파키스탄', '탈레반', '미국', '미국', '인도', '동맹국', '장', '북극', '21세기', '경제', '외교', '각축', '장이', '북극', '탐험', '역사', '얼음', '바닷길', '리', '고', '북극', '각축', '북극', '전략', '미국', '북극', '강자', '러시아', '북극', '게임', '다', '맺음말', '지리', '현실']"
38,2021,9,약속의 땅,버락 오바마/노승영 역,"['미국', '대', '대통령', '버락 오바마', '퇴임', '후', '회고록', '한국어', '판', '출간', '마치', '미국', '대통령', '백악관', '일', '듯', '압도', '현장감', '역대', '대통령', '회고록', '중', '최다', '판매', '최고', '선인', '세', '출간', '첫날', '부', '판매', '예약', '판매', '아마존', '종합', '위', '개', '언어', '출간', '계약', '등', '기록', '세계', '화제작', '미국', '대', '대통령', '버락 오바마', '회고록', '약속의 땅', '한국어', '판', '출간', '오바마', '책', '미국', '최초', '흑인', '대통령', '백악관', '입성', '과정', '임기', '년', '반', '동안', '고군분투', '사실', '이례', '만큼', '내밀', '자신', '선택', '사고', '과정', '덕분', '독자', '오바마', '내각', '역사', '백악관', '세계', '금융 위기', '씨름', '블라디미르 푸틴', '심중', '오바마', '통과', '파병', '문제', '4성 장군', '논쟁', '기름 유출', '사고', '대응', '넵튠', '창', '작전', '승인', '오사마 빈라덴', '사살', '과정', '내막', '생각', '백악관', '내부', '대통령', '개인', '내면', '서두', '이야기', '쪽', '안', '담', '수', '년', '예상', '책', '권', '약속의 땅', '그중', '권', '쪽', '압도', '두께', '값', '사건', '디테일', '문장', '책', '언론', '평단', '최고', '대통령', '회고록', '유례', '책', '현실', '정치', '진면목', '책', '등', '찬사', '빌 게이츠', '소설', '거리', '추천']","['머리말', '부', '내기', '부', '수', '부', '레', '게이', '드', '부', '싸움', '5부', '세계', '실상', '부', '속', '부', '줄타기', '감사', '글', '사진', '설명']"
39,2021,10,침묵의 봄,레이첼 카슨/김은령 역,"['환경', '이슈', '전폭', '사회', '운동', '촉발', '20세기', '환경학', '최고', '고전', '침묵의 봄', '주년', '기념', '개정판', '출간', '책', '타임', '지', '20세기', '변화', '중', '사람', '레이첼', '카슨', '책', '환경', '문제', '독자', '책', '저자', '친구', '편지', '통', '계기', '살충제', '사용', '실태', '위험성', '조사', '생물학자', '전문', '지식', '작가', '능력', '발휘', '방사능', '낙진', '인해', '시작', '환경', '문제', '분별', '살충제', '사용', '파괴', '야생', '생물', '모습', '공개', '생태계', '오염', '시작', '생물', '자연환경', '영향', '지', '구체', '설명', '정부', '살충제', '제조', '업체', '행태', '지적', '환경', '문제', '대중', '생각', '환기', '수', '기회', '제시', '책', '년', '출간', '침묵의 봄', '에코', '리브르', '개정판']","['감사', '글', '서문', '린', '리어', '내일', '우화', '의무', '죽음', '술', '지표수', '지하수', '토양', '세계', '지구의', '녹색', '외투', '필요', '파괴', '새', '이상', '노래', '죽음', '강', '공중', '차별', '보르자 가문', '꿈', '인간', '대가', '창', '명', '중', '명', '자연', '반격', '비상사태', '가지', '길', '후기', '에드워드', '윌슨', '이', '글', '참고', '문헌']"
40,2021,11,지구를 위한다는 착각,마이클 셸런버거/노정태 역,"['환경', '주의', '타임', '선정', '환경', '영웅', '환경', '종말론', '충격', '제기', '환경', '구루', '기후', '구루', '환경', '휴머니즘', '운동', '대제', '사장', '세계', '환경', '에너지', '안전', '전문가', '마이클', '30년', '간의', '현장', '활동', '연구', '고민', '열정', '대안', '해법', '총결산', '문제작', '책', '기후 변화', '논란', '최근', '만연', '종말론', '환경', '주의', '의문', '기함', '환경 운동', '진영', '과학', '언론', '일반', '대중', '파장', '충격', '베스트셀러', '이', '책', '얼음', '북극곰', '있다', '아마존', '불타', '위기', '있다', '그린피스', '고래', '통념', '정반대', '과학', '근거', '사실', '공장', '숲', '위험', '자연', '인공', '직관', '역설', '이해', '원자력', '위험', '태양광', '풍력', '등', '재생', '에너지', '유일한', '길', '이다', '주장', '진실', '거짓', '과정', '환경', '문제', '허구', '사실', '구분', '기후', '위기', '대응', '긍정', '잠재력', '발견', '것', '자연', '인간', '모두', '번영', '해결책', '눈', '것']","['프롤로그', '기후 변화', '진실', '세계', '멸망', '다', '종말', '자연', '회복', '인간', '적응', '지옥', '곳', '명', '자연재해', '피해', '규모', '좌우', '요인', '기후 변화', '대책', '발전', '사람', '누가', '위기', '기후', '종말', '지구의', '허파', '허파', '말', '과학', '근거', '환경', '식민주의', '자', '모순', '눈물', '하늘', '낭만', '가난', '땅', '현실', '인류', '발전', '밑거름', '삼림', '개간', '그린피스', '파편', '숲', '아마존', '기부금', '따위', '가시', '오', '환경', '양치기', '플라스틱', '탓', '정말', '거북', '플라스틱', '위협', '말', '뿐', '재활용', '플라스틱', '거북', '코끼리', '목숨', '발명품', '사람', '문제', '플라스틱', '진', '자연', '인공', '쓰레기', '문제', '일', '번', '멸종', '취소', '스스로', '위험', '멸종', '위기', '숯', '야생', '동물', '위협', '누가', '댐', '건설', '총부리', '환경', '보호', '탈', '식민주의', '원주민', '우선순위', '야생', '동물', '무장', '집단', '무법천지', '석유', '필요', '발전', '동력', '임금', '노동', '자연', '다', '패션', '전쟁', '고향', '도시', '산업화', '농업', '생산성', '향상', '숲', '회복', '탈출', '혜택', '부', '힘', '나무', '연료', '사용', '공장', '숲', '위험', '가난', '나라', '사람', '옷', '입자', '석유', '고래', '다', '고래', '위기', '그린피스', '등장', '유전', '발견', '고래', '목숨', '포경', '사양', '산업', '기술', '발전', '에너지', '전환', '가스', '랜드', '불타', '물', '사기', '극', '프래', '킹', '기후', '정치학', '야생', '물고기', '대', '양식', '물고기', '계층', '정치', '좌우', '에너지', '전환', '고기', '환경', '법', '동물', '것', '채식주의', '리바운드', '효과', '방목', '축산', '대', '공장', '식', '축산', '지방', '식단', '진실', '동물', '죽음', '생명', '동물', '인도', '교조', '채식주의자', '오류', '프렌치', '패러독스', '과학', '가축', '혁명', '야생', '동물', '고기', '집착', '선악', '공감', '지구', '원자력', '원자력', '에너지', '최후', '날', '체르노빌', '원전', '사고', '오해', '진실', '원자력', '위험', '안전', '효율', '에너지원', '원전', '폐쇄', '초래', '결과', '원자력', '자연', '보호', '희망', '이다', '평화', '원자력', '원자력', '전쟁', '원전', '반대', '대', '원자력', '발전', '핵전쟁', '핵무기', '재생', '에너지', '자연', '파괴', '태양광', '유일한', '길', '신뢰', '수', '재생', '에너지', '재생', '에너지', '야생', '동물', '친환경', '에너지', '유토피아', '건설', '꿈', '재생', '낭비', '에너지', '밀도', '에너지', '생태', '재앙', '바람', '길', '새', '곤충', '것', '자', '연산', '선호', '오류', '스타벅스', '법칙', '환경', '주의자', '친환경', '사업', '겉', '속', '기후 변화', '부정', '론자', '돈줄', '위선', '환경 운동', '이해관계', '환경', '단체', '민낯', '원자력', '프래', '킹', '지사', '원전', '전쟁', '캘리포니아주', '뿌리', '정경', '유착', '친환경', '인터넷', '사업', '기회', '유일', '실질', '희망', '것', '인가', '힘', '자', '해결책', '반대', '자', '호화판', '환경', '놀이', '가난', '나라', '성장', '환경', '주의자', '가난', '나라', '인프라', '구축', '반대', '선진국', '맬서스', '처칠', '히틀러', '초래', '인류', '역사', '비극', '진보', '좌파', '이념', '맬서스', '주의', '구명보트', '윤리학', '일부', '맬서스', '식', '인구', '폭발', '기아', '만연', '인구', '폭탄', '실패', '기후', '폭탄', '세계', '최고', '극빈', '상대로', '한신', '재생', '에너지', '실험', '가짜', '환경', '신', '숭배', '나', '북극곰', '이야기', '기후', '정치', '과학', '위협', '로저', '주니어', '모함', '사이버네틱스', '생태학', '가짜', '신', '탄생', '환경', '주의', '종교', '불안', '환경', '주의', '잠식', '기후', '종말론', '마음', '환경', '휴머니즘', '길', '그린', '뉴클리어', '디', '필요', '모두', '자연', '번영', '불멸', '프로젝트', '자연', '보호', '간단명료', '이유', '에필로그', '기후', '소식', '생각', '감사', '말', '이', '말', '주']"
41,2021,12,비극의 탄생,손병관,"['당사자', '죽음', '사건', '상상', '충격', '반증', '반전', '박원순', '서울', '시장', '사망', '사건', '관련', '보도', '공식', '발표', '취재', '기록', '베일', '처음', '공개', '자', '분량', '증언', '증거', '죽음', '이후', '최초', '공개', '참고', '년', '초', '국가', '기관', '사실', '사건', '종결', '지은', '상태', '국가', '인권위원회', '피해자', '주장', '중', '일부', '박', '시장', '성희롱', '인정', '사법부', '별거', '재판', '박', '시장', '성추행', '인정', '판결문', '과언', '언론', '박원순', '가해자', '중심', '보도', '발자국', '채', '상황', '논란', '예상', '자신', '피해', '적극', '얘기', '한쪽', '방어', '포기', '한쪽', '여론', '축', '진상', '규명', '판단', '기자', '진실', '박', '시장', '사망', '후', '개월', '발', '결과물']","['글', '그날', '기억', '정치인', '박원순', '손', '기자', '이', '기억', '시작', '좌초', '서울시', '진상', '조사', '시장', '과실', '사람', '말문', '시장', '피해자', '일', '만', '피해', '목격자', '무릎', '입술', '목격자', '딜레마', '시장', '마라톤', '비서실장', '피해자', '시장', '시장', '과실', '전보', '논란', '수면', '위', '4월', '사건', '박원순', '사건', '언론', '박원순', '사람', '가지', '혐의', '박원순', '변호', '서울대', '성희롱', '사건', '이면', '페미니스트', '박원순', '부메랑', '박원순', '박원순', '최후', '날', '글', '추천사']"
42,2021,13,왜 세계의 절반은 굶주리는가?,장 지글러/유영미 역,"['세계', '기아', '실태', '배후', '요인', '추적', '부족', '한', '것', '하루하루', '세계', '사람', '음식점', '손', '반찬', '쓰레기통', '경우', '음식', '낭비', '순간', '지구', '곳', '밥', '끼', '빵', '조각', '것', '세계', '절반', '유엔', '인권위원회', '식량', '특별', '조사', '관인', '장 지글러', '기아', '실태', '배후', '원인', '아들', '대화', '형식', '설명', '전쟁', '정치', '질서', '인해', '구호', '조치', '무색', '해지', '비참', '현실', '소', '사람', '모순', '현실', '등', '설명', '사막화', '삼림', '파괴', '도시화', '식민지', '정책', '불평등', '야기', '금융', '두지', '배', '등', '기아', '발생', '정치', '사회', '경제', '문제', '구호', '조직', '활동', '딜레마', '속', '사각', '시대', '기아', '부자', '쓰레기', '연명', '사람', '모습', '사람', '인정', '지구촌', '식구', '도리', '촉구']","['2016년', '판', '서문', '기아', '고통', '앞', '심해', '지지', '년', '판', '서문', '아무도', '것', '이다', '한국어', '판', '서문', '희망', '일상', '풍경', '굶주림', '사람', '기아', '자연', '도태', '수', '운명', '문제', '집중', '나라', '소말리아', '생명', '선별', '긴급', '구호', '문제', '해결', '부자', '쓰레기', '가난', '사람', '먹을거리', '이름', '무덤', '자금', '부족', '고민', '국제기구', '소', '배', '사람', '시장', '가격', '이면', '세계', '식량', '남자', '기아', '학교', '설상가상', '전쟁', '무기', '기아', '기아', '악용', '국제', '기업', '국가', '테러', '도구', '기아', '사막화', '환경', '난민', '삼림', '파괴', '사막화', '대처', '달러', '르', '라이', '으', '도시', '인구', '치유', '식민지', '정책', '상흔', '토마스 상카라', '만남', '대지', '사헬', '용기', '개혁자', '상', '카라', '상', '카라', '최후', '활로', '에필로그', '후기', '해제', '기아', '국제', '전문가', '비망록', '부록', '신자유주의', '말', '이', '말']"
43,2021,14,추미애의 깃발,"추미애, 김민웅","['진실', '힘', '나라', '가정', '세상', '책', '개혁', '정치가', '추미애', '인문학자', '격정', '대담', '집', '자신', '정치인', '개혁', '민생', '하나라', '메시지', '대한민국', '건강', '미래', '자신', '생각', '정책', '경북', '대구', '세탁소', '집', '딸', '전북', '정읍', '장애인', '남편', '호남', '며느리', '지역', '차별', '주의', '극복', '강단', '여성', '판사', '정치', '입문', '과정', '여성', '최초', '선', '국회의원', '당', '대표', '법무부', '장관', '현대', '정치사', '수', '장면', '편의', '드라마', '제주', '빗장', '역사', '과제', '해결', '역사의식', '여성', '정치인', '성장', '노무현', '문재인', '대통령', '수난', '풍파', '킹메이커', '길', '기록', '외', '길', '동반자', '촛불', '시민', '감사', '마음', '정의', '나라', '정치', '경제', '교육', '환경', '등', '구체', '정책', '방향', '정치', '소신']","['진실', '힘', '나라', '책머리', '말씀', '추미애', '장', '개혁', '길', '장', '폭풍의 언덕', '장', '분홍빛', '청춘', '장', '만남', '장', '촛불', '명령', '장', '정치', '검찰', '전쟁', '장', '들불', '촛불', '시민', '응원', '장', '자본', '생명', '장', '공존', '희망', '씨앗', '장', '정치', '개혁', '정치', '미래', '책', '끝', '말씀']"
44,2021,15,조선잡사,"강문종, 김동건, 장유승, 홍현성, 김동건, 장유승, 홍현성","['호랑이', '착호갑사', '대신', '매품팔이', '소설', '기수', '헤어', '디자이너', '가체', '장', '화장품', '판매원', '매', '분구', '과학', '수사', '오', '작', '천자문', '기술', '양반', '보통 사람들', '조선', '조선', '좀비', '물', '인기', '화제', '드라마', '킹덤', '주인공', '세자', '무술', '기량', '영', '신', '직업', '착호갑사', '산속', '목숨', '호랑이', '특수', '부대', '출신', '좀비', '처치', '실력', '납득', '설정', '이', '그동안', '조선', '직업', '총망라', '조선', '사', '농', '공상', '조선', '시대', '직업', '것', '한국학', '연구자', '발굴', '가지', '직업', '일', '놀라움', '일반', '조선', '선비', '농사', '시장', '뒷골목', '술집', '때', '국경', '바닷속', '보통 사람들', '이야기', '조선', '여성', '집안일', '선입견', '부', '일', '여성', '시작', '조선', '극한 직업', '예술', '세계', '기술자들', '불법', '합법', '사이', '조선', '전문직', '사', '농공', '상', '부', '존재', '직업', '형태', '직업', '가운데', '것', '일', '보람', '애환', '업', '직업인', '위로', '격려']","['조선', '부', '일', '여성', '삯바느질', '가난', '여성', '생존', '수단', '수모', '신부', '도우미', '이자', '주례', '염', '모', '소상', '공인', '업종', '방', '직기', '변방', '군관', '가사', '도우미', '매', '분구', '화장품', '판매원', '잠', '녀', '바다', '노동자', '여성', '경영인', '채', '소전', '부', '극한 직업', '회', '자수', '사형', '집행자', '천대', '자유', '땅', '보장', '사', '인간', '메신저', '약초', '능력', '효자', '덕목', '착호갑사', '호랑이', '특수', '부대', '백정', '소고기', '공급자', '등', '월', '천', '산', '심마니', '척', '숲', '속', '사람', '극락', '왕생', '매', '골', '승', '분', '뇨', '처리', '업자', '예', '덕', '선생', '금화', '군', '조선', '소방수', '떼', '떼돈', '번', '부', '예술', '세계', '기', '객', '프로', '바둑 기사', '농', '후자', '길거리', '원숭이', '공', '연가', '재담', '코미디언', '기수', '소설', '남자', '환', '술사', '가능', '공연', '가객', '조선', '수다', '사당패', '웃음', '관', '현', '소리', '맹인', '직업', '해금', '연주가', '고뇌', '부', '기술자들', '화장', '조선', '플로', '리스트', '가체', '장', '여심', '디자이너', '마경', '장', '거울', '장인', '조선', '최종', '병기', '활', '사람', '사기', '장', '조선', '백자', '그림자', '필', '공', '천하제일', '붓', '제작자', '각수', '글씨', '사람', '지장', '종이', '사람', '시계 제작자', '무', '시간', '부', '불법', '합법', '사이', '표', '낭도', '저잣거리', '소매치기', '산다', '매품팔이', '거', '벽', '과거', '합격', '연회', '전문가', '조방', '식리', '조선', '사채업자', '화상', '품', '편', '사', '욕망', '사기', '도', '주자', '위조', '화폐', '작업자', '대립', '군', '군대', '대신', '아르바이트', '부', '조선', '전문직', '숙사', '입주', '가정', '교사', '돗자리', '노인', '원', '수학자', '이자', '회계사', '역', '관', '인삼', '청나라', '서수', '글씨', '필요', '가요', '오', '작', '조선', '과학', '수사', '외', '지부', '백성', '변호사', '겸인', '조선', '집사', '판수', '미래', '눈', '매사냥', '응', '사', '부', '사', '농공', '상', '염상', '서민', '부업거리', '집', '주름', '부동산', '중개업자', '차부', '물류', '유통', '중심', '마', '종합', '운수', '사업가', '책', '점', '주', '유행', '출판', '기획자', '책', '쾌', '헌책', '전인', '글월', '비자', '조선', '우체부', '짚신', '재벌', '생애', '떠돌이', '상인', '조직', '힘', '보부상', '도시', '나무꾼', '주', '326']"
