Title,Keywords
미스터 프레지던트,"5년, 공감, 과정, 국가, 국민, 기념식, 대통령, 대한민국, 독자, 문재인, 비서관, 역사, 의미, 이야기, 저자, 정부, 정치, 진실, 철학, 최초, 행사, 회고록"
나는 대한민국 검사였다,"검사, 관계, 국민, 기록, 노무현, 대통령, 대한민국, 때문, 문재인, 문제, 사건, 사망, 사회, 수사, 시간, 역사, 인정, 저자, 죽음, 진실, 회고록"
정세현의 통찰,"공부, 관계, 국제, 나라, 대한민국, 때문, 모색, 목표, 문재인, 문제, 사건, 시대, 시작, 신간, 역사, 오랫동안, 외교, 이해, 자국, 장관, 저자, 정부, 정세현, 정치, 중심성, 직업, 질서, 출간, 현실, 현장"
공정하다는 착각,"개인, 경제, 공정, 교수, 근본, 능력, 능력주의, 대통령, 때문, 마이클, 문제, 미국, 사회, 상황, 샌델, 신간, 이상, 있다, 정의, 정치, 정치인, 주장, 착각, 출간, 화두"
총 균 쇠,"기원, 대륙, 때문, 문명, 민족, 발전, 사회, 설명, 세계, 시대, 역사, 의문, 이야기, 인간, 인류, 일본인, 저자, 제시, 지역, 현대"
지리의 힘,"국제, 때문, 문제, 미국, 북극, 분쟁, 세계, 이상, 이슈, 저자, 중국, 지리, 지역, 집착, 최근, 취재, 한국, 현장, 활동"
계속 가보겠습니다,"강조, 검사, 검찰, 과정, 기록, 능력, 독자, 때문, 문제, 법무부, 사건, 세상, 여성, 역사, 임은정, 저자, 조직"
당신이 모르는 민주주의,"개인, 공정, 교수, 국내, 그동안, 독자, 마이클, 민주주의, 보장, 사람, 샌델, 세계, 신간, 의문, 자유, 정의, 정체, 질서, 착각, 철학, 평등, 화두"
이준석의 거부할 수 없는 미래,"개혁, 공개, 국민, 대한민국, 미래, 민주주의, 보수, 사람, 세계, 저자, 정부, 정치, 정치인, 제시, 주식회사, 주주, 탄생, 평등, 행사"
공자가 죽어야 나라가 산다,"골문, 공자, 과정, 교육, 국내, 근본, 기원, 단갑, 모색, 문제, 문화, 발굴, 방향, 비판, 뿌리, 사회, 상호, 세계화, 소개, 시대, 왜곡, 외국어, 유교, 이해, 적응, 접근법, 제도, 최근, 최초, 콤플렉스, 폐쇄, 한국, 한국인, 해설"
권력과 안보,"공개, 과정, 국가, 국민, 국정, 기록, 나라, 대통령, 독자, 문재인, 보도, 비판, 사건, 사람, 안보, 역사, 윤석열, 이슈, 일기, 정도, 정부, 정책, 진실, 한국"
침묵의 봄,"20세기, 개정판, 공개, 구체, 능력, 독자, 문제, 사람, 사용, 사회, 살충제, 생물, 설명, 시작, 실태, 이슈, 저자, 정부, 제시, 출간, 침묵의, 환경"
붕괴하는 세계와 인구학,"과정, 국가, 때문, 문명, 문제, 미국, 미래, 붕괴, 사람, 세계, 세계화, 시간, 시대, 시작, 시장, 안보, 예측, 의미, 이상, 인구, 자유, 자이, 재앙, 주식회사, 중국, 지역, 지정학, 질서, 출간, 한국"
전태일평전,"개정판, 국민, 나라, 독자, 때문, 배후, 사건, 사회, 성장, 세상, 소리, 시대, 역사, 이해, 인간, 일기, 저자, 전태일, 출간, 현장, 활동"
지리의 힘 2,"경제, 관심, 국제, 그동안, 나라, 미국, 분쟁, 세계, 세상, 시대, 시작, 이상, 이야기, 자신, 저자, 정치, 중국, 지리, 지역, 지정학, 출간, 판매"
그리움은 아무에게나 생기지 않습니다,"공직자, 국민, 대통령, 마음, 시간, 시작, 이야기, 자신, 정치"
가불 선진국,"가불, 경제, 공직자, 그동안, 대한민국, 문재인, 반열, 보장, 사회, 선진국, 성장, 세계, 소외, 약자, 저자, 정도, 정부, 주장, 지속, 한국, 환호, 활동, 희생"
윤석열 X파일,"tv, 검사, 검찰, 공감, 공정, 국민, 권력, 그동안, 나라, 대통령, 대한민국, 독자, 때문, 보도, 사건, 사람, 사용, 시간, 시민, 시작, 열린, 윤석열, 의미, 이재명, 자신, 정부, 정체, 정치인, 출간, 취재, 파일, 후보자"
계속 가보겠습니다,"강조, 검사, 검찰, 과정, 기록, 능력, 독자, 때문, 문제, 법무부, 사건, 세상, 여성, 역사, 임은정, 저자, 조직"
"굿바이, 이재명","개인, 거짓말, 과정, 권력, 기록, 대한민국, 때문, 마음, 매장, 방향, 사건, 사람, 사회, 세상, 시대, 시작, 약자, 왜곡, 의미, 이야기, 이재명, 이재선, 정의, 죽음, 지속, 진실, 집착, 현실"
공정하다는 착각,"개인, 경제, 공정, 교수, 근본, 능력, 능력주의, 대통령, 때문, 마이클, 문제, 미국, 사회, 상황, 샌델, 신간, 이상, 있다, 정의, 정치, 정치인, 주장, 착각, 출간, 화두"
아무도 흔들 수 없는 나라,"5년, 강조, 국민, 국정, 기록, 나라, 대통령, 대한민국, 문재인, 미래, 방향, 비서실, 사람, 시대, 아무도, 연설문, 외교, 자신, 정부, 정책, 철학, 출간"
지리의 힘,"국제, 때문, 문제, 미국, 북극, 분쟁, 세계, 이상, 이슈, 저자, 중국, 지리, 지역, 집착, 최근, 취재, 한국, 현장, 활동"
악의 마음을 읽는 자들,"과정, 국민, 권일, 기록, 대한민국, 독자, 마음, 마음속, 사건, 세계, 수사, 악의, 약속, 연쇄살인범, 최초, 탄생, 프로파일러, 프로파일링, 한국, 현장"
총 균 쇠,"기원, 대륙, 때문, 문명, 민족, 발전, 사회, 설명, 세계, 시대, 역사, 의문, 이야기, 인간, 인류, 일본인, 저자, 제시, 지역, 현대"
똑똑하게 생존하기,"개인, 교수, 기술, 능력, 덕분, 문제, 발전, 보도, 비판, 사람, 사회, 세계, 세상, 소리, 시대, 시작, 오늘날, 이상, 저자, 정보, 정치, 정치인, 제시, 현대"
지리의 힘 2,"경제, 관심, 국제, 그동안, 나라, 미국, 분쟁, 세계, 세상, 시대, 시작, 이상, 이야기, 자신, 저자, 정치, 중국, 지리, 지역, 지정학, 출간, 판매"
문재인의 위로,"감사, 강조, 개정판, 관심, 나라, 대통령, 대한민국, 덕분, 때문, 문재인, 비판, 사진, 사회, 시민, 시작, 역사, 이상, 이해, 저자, 정부, 정치, 정치인, 진보, 참여, 평소"
침묵의 봄,"20세기, 개정판, 공개, 구체, 능력, 독자, 문제, 사람, 사용, 사회, 살충제, 생물, 설명, 시작, 실태, 이슈, 저자, 정부, 제시, 출간, 침묵의, 환경"
총 균 쇠,"개정판, 기원, 대륙, 때문, 문명, 민족, 발전, 사진, 사회, 설명, 세계, 시대, 역사, 의문, 이야기, 인간, 인류, 일본인, 저자, 제시, 지역, 출간, 현대"
조국의 시간,"개혁, 검찰, 공직자, 과정, 기록, 대통령, 대한민국, 문재인, 민정, 민주주의, 법무부, 보도, 사건, 상황, 수석, 시간, 시민, 역사, 이야기, 자신, 장관, 정의, 조국, 조직, 진보, 진실, 최근"
공정하다는 착각,"개인, 경제, 공정, 교수, 근본, 능력, 능력주의, 대통령, 때문, 마이클, 문제, 미국, 사회, 상황, 샌델, 신간, 이상, 있다, 정의, 정치, 정치인, 주장, 착각, 출간, 화두"
총 균 쇠,"기원, 대륙, 때문, 문명, 민족, 발전, 사회, 설명, 세계, 시대, 역사, 의문, 이야기, 인간, 인류, 일본인, 저자, 제시, 지역, 현대"
수학 잘하는 아이는 이렇게 공부합니다,"개념, 개정판, 공부, 과목, 과정, 교육, 구체, 때문, 수학, 시대, 시작, 아이, 입시, 정보, 제도, 출간"
"빌 게이츠, 기후 재앙을 피하는 법","게이츠, 계획, 공개, 구체, 근본, 기술, 기후, 목표, 문명, 선진국, 성장, 시장, 재앙, 정부, 정책, 제시, 해법, 환경"
"굿바이, 이재명","개인, 거짓말, 과정, 권력, 기록, 대한민국, 때문, 마음, 매장, 방향, 사건, 사람, 사회, 세상, 시대, 시작, 약자, 왜곡, 의미, 이야기, 이재명, 이재선, 정의, 죽음, 지속, 진실, 집착, 현실"
눈 떠보니 선진국,"경제, 국정, 나라, 대한민국, 때문, 목표, 문제, 문화, 발전, 사람, 사회, 선진국, 성장, 세계, 역사, 저자, 정의, 정책, 한국"
지리의 힘,"국제, 때문, 문제, 미국, 북극, 분쟁, 세계, 이상, 이슈, 저자, 중국, 지리, 지역, 집착, 최근, 취재, 한국, 현장, 활동"
약속의 땅,"개인, 게이츠, 과정, 기록, 대통령, 덕분, 독자, 문제, 미국, 백악관, 사건, 세계, 역사, 오바마, 이야기, 자신, 정치, 최초, 출간, 판매, 현실, 회고록"
침묵의 봄,"20세기, 개정판, 공개, 구체, 능력, 독자, 문제, 사람, 사용, 사회, 살충제, 생물, 설명, 시작, 실태, 이슈, 저자, 정부, 제시, 출간, 침묵의, 환경"
지구를 위한다는 착각,"과정, 기후, 마이클, 문제, 세계, 의문, 이해, 인간, 있다, 주장, 진실, 최근, 해법, 현장, 환경, 활동"
비극의 탄생,"공개, 국가, 기록, 박원순, 보도, 사건, 사망, 상황, 시장, 인정, 자신, 주장, 죽음, 진실, 최초, 취재, 한쪽"
왜 세계의 절반은 굶주리는가?,"경제, 구호, 기아, 문제, 배후, 사람, 사회, 설명, 세계, 시대, 실태, 인정, 정책, 정치, 조직, 질서, 현실, 활동"
추미애의 깃발,"감사, 개혁, 경제, 과정, 교육, 구체, 기록, 나라, 노무현, 대통령, 대한민국, 마음, 문재인, 미래, 방향, 법무부, 성장, 세상, 시민, 여성, 역사, 자신, 장관, 정의, 정책, 정치, 정치인, 지역, 진실, 최초, 현대, 환경"
조선잡사,"그동안, 기술, 발굴, 보통, 사람들, 세계, 수사, 시대, 시작, 시장, 여성, 이야기, 조선, 좀비, 직업, 착호갑사, 호랑이"
