Year,Rank,Title,Author,INTRO,TB
2023,1,미스터 프레지던트,탁현민,"1,825일, 1,195개의 국가 행사대한민국의 품격을 높인 의전 비하인드 스토리문재인 대통령의 1,825일, 탁현민이 전하는 5년의 순간들『미스터 프레지던트』. 문재인 정부 의전비서관이었던 탁현민 전 비서관의 회고록이다. 국가 기념식과 해외 순방, 남북 행사 등 1,825일 동안 대중에게 감동을 준 행사 1,195개를 기획한 저자는, 각종 흥미로운 뒷이야기와 대통령에 관한 에피소드들을 이 책을 통해 풀어낸다. 대통령을 가까운 거리에서 보좌했던 비서관이 정부의 여러 행사를 되돌아보는 책이니만큼 대통령직에 대한 의미는 물론, 프로젝트를 기획하고 추진하는 기획자의 각종 노하우도 살펴볼 수 있다.이 책에서 저자는 “지난 5년간 수행했던 모든 일은 정치의 범주 안에 있었다. 좋은 정치란 진실과 진심을 담아 국민에게 보여주는 일”이라고 소회를 밝혔다. 지난 5년은 결국 저자가 청와대 의전비서관으로서 대통령이 국민에게 더욱 진정성 있게 다가갈 수 있는 방식이 무엇인지, 대통령의 철학과 생각을 어떤 이야기를 통해 국민에게 전달할지 끊임없이 고민하는 과정이었다. 이 책의 1부와 2부에는 이를 위해 노력했던 대통령 일정과 행사에 대한 이야기가 담겨있다. 1부 〈1825일, 1195개의 대통령 일정〉에서는 ‘밀리터리 덕후’였던 대통령이 전투기에 탑승하게 된 계기를 비롯해 모두가 주인공이었던 정은경 질병관리청장 임명식, 임기를 마칠 무렵 대통령이 손석희 전 JTBC 대표와 진행했던 대담의 뒷이야기, 역대 대통령 중 최초로 다섯 곳의 사관학교 졸업식을 모두 방문하게 된 대통령 이야기 등을 살펴볼 수 있다.2부 〈대한민국 국가 기념식〉에는 홍범도 장군 귀환, 5·18 기념식, 현충일 추념식 등 대중에 깊은 감동을 주었던 국가 기념식의 비하인드 스토리가 담겼다. 국가 행사에서 무엇을 기념하고, 무엇을 추념할 것인가, 매년 반복되는 같은 의미의 행사에 어떤 새로운 형식과 이야기를 담아낼 것인가. 저자는 국가 기념식의 첫 번째 과제가 ‘그날’의 의미를 잊지 않도록 하는 것에 있다고 말한다. 의미를 잊지 않기 위해서는 그날에 담긴 이야기가 무엇인지 찾아서 국민에게 보여주어야 한다. 이야기에 공감하는 국민이 많을수록 그날의 의미는 잊히지 않고 기억되며 살아 숨 쉬게 된다. 2부를 통해 독자는 우리가 지난 역사에서 무엇을 기억하고 기릴 것인지에 대한 고민은 물론, 대통령직의 존재 의미도 되돌아볼 수 있다.펼쳐보기","프롤로그_대한민국 대통령께서 입장하고 계십니다I. 1825일, 1195개의 대통령 일정청와대 앞길 개방부터 청와대 폐쇄까지트럼프 대통령 선물 준비 회의5사단 신병교육대 격려 방문탄소 중립 선언 흑백 연설대통령의 ‘퇴근길 맥주 한잔’남수단에서 온 유소년 축구단임명장 수여식과 청와대 의자 구매기한복 국무회의별이 된 사람들한글날 산책부산국제영화제와 해물짬뽕삼정검 수여식의인들과 해돋이 산행, 그리고 신년 초계비행작전명 ‘태양의 후예’의장대와 군악대 그리고 ‘팡파르’ 대장밀덕 대통령 FA-50 탑승기질병관리청장 임명장 수여식날자 누리호!대통령 코로나19 백신 접종탄소중립위원회와 맹꽁이 숲같이 갑시다767킬로미터의 여정한국형 전투기 KF-21 출고식각 군 사관학교 졸업식대통령의 조문마지막 대담이야기 하나_대통령의 휴가II. 대한민국 국가 기념식육군 중사 김기억오희옥 애국지사의 올드 랭 사인700명의 합창단과 환희의 송가어린이날 100주년살려서 돌아오라 그리고 살아서 돌아오라우리 모두는 군인이거나, 군인이었거나, 군인의 가족입니다동백꽃 피었습니다블록버스터피스메이커꽃이 피었다청년의 날(with BTS)세월은 흘러가도 산천은 안다영웅에게우리나라깨치고 나아가 끝내 이기리라102년 만에 다시 외친 대한독립 만세데니 태극기와 수자기하와이에서 서울로장군의 귀환합참의장 이취임식이야기 둘_국가 기념식 OSTIII. 평화, 먼 길 간다평화가 곧 길입니다봄이 온다발해를 꿈꾸며15초 암전먼 길이야기 셋_대통령과 음식 이야기IV. 대통령 순방 수행기평화 올림픽을 위한 메트로폴리탄 평창의 밤브랜드K 론칭 쇼아세안 푸드 스트리트더 늦기 전에대통령의 태도최고의 순방, 최고의 회담백범 프로젝트콘서트휘모리마지막 순방 샤프란이야기 넷_국가 기념식과 대통령 행사를 기획하는 일에필로그_대한민국 대통령께서 퇴장하시겠습니다펼쳐보기"
2023,2,나는 대한민국 검사였다,이인규,"노무현 수사한 前 대검중수부장,14년 만에 밝히는 진실14년간 침묵했던 故 노무현 전 대통령 수사책임자 이인규(李仁圭) 前 대검중수부장이 회고록을 통해 정면승부에 나섰다.“피의사실은 인정되나 피의자 사망으로 공소권 없음, 수사 기록 영구보존.”2009년 6월12일, 세칭 ‘박연차 게이트’로 더 잘 알려진 박연차 전 태광실업 회장(작고)의 정·관계 불법 로비사건 수사 결과 발표 중 노무현 전 대통령 대목이다. 당시 수사를 총지휘했던 저자는 24년 6개월 동안의 대한민국 검사 생활을 끝내고 퇴임했다. 퇴임사에서 “부정부패 척결은 당위의 문제일 뿐 이념의 문제가 아니다. 부정부패에 관대한 사회는 문명사회라고 볼 수 없다”고 했던 그가 14년 만에 532페이지의 회고록으로 입을 열었다.노 전 대통령의 죽음은 온 국민에게 큰 상처를 남겼다. 2023년 2월21일로 노 전 대통령 사건에 대한 공소시효(公訴時效)도 모두 완성되었다. 이제는 국민에게 노 전 대통령에 대한 수사의 진실을 알려야 할 때가 되었다고 생각한다. (책머리에, 7쪽)이인규의 이 책은 역사의 진실을 위한 정면승부다. 그 결과로 노무현의 신화가 무너지고 문재인의 위선이 벗겨져도 그는 상관하지 않는다. 지금은 진실과 마주할 시간이고, 사실보다 위대한 진실은 없기 때문이다.펼쳐보기","머리말 | 진실을 마주해야 할 시간1장 | 덕수궁 돌담길2009년 5월23일 그날 … 16나는 어떻게 검사가 되었나 … 20서울지검 검사로 첫발 … 27특별수사를 배우다 … 35검사가 갖추어야 할 덕목 … 49국제업무 경험 … 56‘兵風’과 정치검찰 … 72‘財界 저승사자’ 형사9부장 … 82불법 對北 송금사건 … 912장 | 16代 大選 불법 자금 수사SK 부당 내부거래 … 108SK 수사에 직을 걸다 … 118최태원 회장 구속 … 128필사적인 수사 방해 … 137“대선 때 137억 냈다” … 143SK 수사 결과 발표 … 157초대 서울지검 금융조사부장 … 166노무현과 최도술 … 175삼성의 ‘마름’ 이학수 … 186LG와 ‘차떼기당’ 한나라 … 196롯데 “청와대 부속실장에게 돈 줬다” … 207한화·대한항공, 회장이 직접 줬다 … 219동부그룹 부당 내부거래 … 229정치자금 투명성에 마중물 … 2372장 | 16代 大選 불법 자금 수사SK 부당 내부거래 … 108SK 수사에 직을 걸다 … 118최태원 회장 구속 … 128필사적인 수사 방해 … 137“대선 때 137억 냈다” … 143SK 수사 결과 발표 … 157초대 서울지검 금융조사부장 … 166노무현과 최도술 … 175삼성의 ‘마름’ 이학수 … 186LG와 ‘차떼기당’ 한나라 … 196롯데 “청와대 부속실장에게 돈 줬다” … 207한화·대한항공, 회장이 직접 줬다 … 2193장 | 권력자의 눈엣가시‘검찰총장의 칼’ 대검 中搜部 … 248수도 서울의 특별수사 책임자 … 256황우석 가짜줄기세포사건 … 264법조 브로커에 놀아난 판·검사들 … 272노무현·이명박 대통령과의 인연 … 292노무현 수사의 서막 … 3034장 | 박연차 리스트노무현 스폰서 박연차 … 312‘600만 달러’ 첫 윤곽 … 315“노건평과 이상득의 밀약” … 323칼끝은 노무현에게 … 329권양숙과 주변에 책임을 돌리다 … 336노무현, 여론에 뭇매 … 345“노무현 당신이 죽어야” … 350노무현과 강금원 … 359“저는 민주, 진보, 정의를 말할 자격을 잃어버렸습니다” … 366서면 질의 … 3735장 | 묻혀 버린 진실 : “시계는 뺍시다. 쪽팔리잖아”노무현 전 대통령 중수부 출석 … 380“아니다, 몰랐다, 버렸다” … 384“대통령님! 우짤라고 이러십니까!” … 393신병 결정 늦어진 이유 … 400미국 주택 구입, 사실이었다 … 407노 전 대통령 비자금 논란 … 415“도덕적 타격 주라” 압력 … 420‘논두렁 시계’의 진실 … 426수사 때 예우 다했다 … 441부엉이바위 … 446변호인 문재인의 책임 … 454“노무현 공소권 없음, 수사 기록 영구보존” … 467나는 대한민국 검사였다 … 475에필로그 | 사실보다 위대한 진실은 없다 … 480부록 | 노무현 前 대통령 수사 개요   4891. 노 전 대통령의 뇌물 수수 직무 관련성2. 피아제 남녀 시계 1세트 수수3. 미국 주택 구입 자금 명목 140만 달러 수수4. 사업자금 명목 500만 달러 수수5. 생활비 명목 3억 원 수수6. 특수활동비 12억 5000만 원 횡령7. 차용금 명목 15억 원 수수결어펼쳐보기"
2023,3,정세현의 통찰,정세현,"우크라이나 사태부터 2023 대한민국 외교 문제 나아가 북핵 문제까지혼란한 시대, 어떻게 살아야 하는가?“국제질서에서 시대의 해답을 찾다”정세현 전 통일부 장관이 “50년 가까이 학문적으로 그리고 직업적으로 천착했던 국제정치 속 남북관계가 나아가야 할 길, 그리고 대한민국 외교의 자국 중심성에 대한” 생각과 경험을 담은 신간이 출간됐다. 국제정치학을 공부하고 반평생 현장에서 통일문제를 다뤄온 저자는 삼국시대부터 현재까지 국제정치의 역학관계 속에서 우리가 취한 길들을 되짚는다. 이를 통해 외교사적 관점에서 자국 중심성, 자기 목표를 지향하는 것이 왜 중요한지, 그러려면 어떤 길로, 어떻게 나아가야 하는지 진심을 다해 모색한다. 오랫동안 국제질서의 안팎에서 일해온 정세현 장관이 시대를 꿰뚫는 통찰력으로 격변하는 지금의 시대를 지혜롭게 돌파해 나갈 방법을 알려줄 것이다.이번 책은 오랫동안 국제정세의 흐름을 파악하고 기민하게 읽어온 저자의 외교적 혜안을 바로 이 ‘자국 중심성’이란 시선으로 풀어낸다. 국제정치에서 가장 중요한 것은 무엇인지, 그리고 여전히 유효한 북핵 문제 해결법을 다룬다. 특히 삼국시대부터 한반도에 들어선 나라들이 오랫동안 일방적인 국제관계만을 맺은 역사적 맥락 속에서 “독립한 대한민국이 어떤 국제질서 속에서 어떻게 국제관계를 맺어왔는지”, 이승만 정부부터 문재인 정부까지 어떤 변화가 있었는지를 “남북관계와 관련된 국제관계 중 중요한 사건들”과 함께 되짚는다. 이는, “이해하고, 다시 생각해 보고, 새로 결심”하기 위해서다.무엇보다 《정세현의 통찰》은 2023년을 살아가는 우리에게 요긴한 시대정신을 담고 있다. 일본과 독일이 강대국으로 부상한 19세기 국제질서가 격동했듯이, 본격적인 G2시대가 시작된 21세기 이후 국제질서는 다시 격동하고 있기 때문이다. 우리는 우크라이나 사태를 통해 그 적나라한 현실을 목격하는 중이다. 다시 맞은 국제질서의 격변기, 우리는 어떻게 답을 찾아야 할까? 19세기 대한제국과 21세기 대한민국은 무엇이 다르고 어떻게 여전한가?펼쳐보기","저자의말1부 국제정치의 세계1장 국제정치란무엇인가?: 우크라이나 사태로 본 국제정치의 민낯│ 우크라이나가 안 전해질 방법 │ 2022년 푸틴이 읽은 국제질서의 변화2장 ‘국제’를 떼고 ‘정치’라는 건 무엇인가?: 폭력 장치의 또 다른 이름, 정치│법은 멀고 주먹은 가깝다│폭력 장치는 국제정치에도 있다│ 영해는 왜 3해리였는가2부 서구 세력의 등장과 팽창하는 일본1장 팍스 시니카란 무엇인가?: 천하를 거느린 중국식 국제질서│ 대(對)중국 복속은 언제 시작되었나?│중국의 국제질서 만들기2장 19세기 일본은 어떻게 강대국이 되었나?: 중국이 아니라 영국을 배우자│일본이 무력으로 다룬 첫 나라, 조선│중심과 변방의 이론│일본의 도전, ‘전범국에서 넘버2’로│ ‘팍스 자포니카’의 꿈3장 한국, 일본, 중국은 가까워질 수 있을까?: 한국과 일본, 오랜 역사로 얽힌 은원관계│한국과 중국, 가까워도 같지 않은 두 나라│일본과 중국, 동아시아를 차지하려는 경쟁관계3부 미소 냉전 시기의 국제정치1장 미국은 어떻게 국제질서를 만들었나?:군사질서에서 경제질서로 그리고......│정보 질서가 만들어지는　과정│소련과　경쟁하던　시대2장 20세기 한국의 국제관계는 어떠했나?: 이승만 정부: 친미와 반공, 명분이자 도구│박정희·전두환 군사정부: 친미를 통한 정통성 만들기│노태우 정부: 북방정책과 미국 모시기│미국이 우리 정통성의 근거인가?│외교정책의 1번 목표, 안보의 첫 번째 수단은?4부 미국 일방주의시대, G2로 올라선 중국과 선진국이 된 한국1장 미국의 세력권은 어디까지일까?: 미국 중심 국제질서의 시작│유럽, 마음의 고향│중동, 석유가 있는 곳│중앙아시아, 러시아를 견제하다│아프리카, 미국의 직접적인 영향권은 아니지만│아시아 태평양 지역, G2 중국이 있다2장 중국은 어떻게 힘을 키웠나?: 두 개의 백년의 꿈│중국몽 추구는 잘못된 것일까?│고속 성장의 잠재력, 인구│“나토의 안보에 도전하는 존재”│미국의 착각과 환상│정치가와 정책가는 반드시 달라야 한다3장 미국 일방주의시대의 한국: 김영삼 정부: ‘버르장머리’ 정신과 한미공조│김대중 정부: 설득하고 끌고 갔다│노무현 정부: ‘바보 노무현’과 전략적 거래│이명박 정부: 미국에게만 ‘이보다 더 좋을 수 없는’ 동맹│참모의 자세│국제정치는 결국 배짱의 문제5부 21세기 G2시대, 다시 격동하는 국제질서1장 21세기 G2시대 한국 외교는 어떤가?: 국제질서 격변기에 서 있는 한국│박근혜 정부: 북한붕괴론과 미국의 우격다짐│투자와 호구의 결정적 차이│17세기 조선과 21세기 한국의 평행 이론│국제정치를 국내 정치에 이용하면 모시는 버릇과 머릿속 대미종속성2장 우리는 북핵 문제를 어떻게 풀 수 있을까?: 북핵 문제, 누구의 책임인가3장 문재인정부: 짧았던 한반도의 봄, 무엇을 기억해야 할까?: 운 좋게, 평창올림픽│정상회담, 어떻게 이루어졌나?│강고한 기득권의 세계, 군산복합체 │사사건건 발목 잡는 ‘한미워킹그룹’│타미플루 사건과 하노이 회담 결렬│악마의 디테일, ‘완전한 조율’│애써온 문재인 정부에는 미안하지만│한미관계, 국력만큼 자주적으로 만들어야 할 때│군산복합체를 뚫을 현실적 전략의 모색│잊지 말아야 할 투자 리스트4장 우크라이나 사태, 북핵 문제와 우리 외교에 어떤 영향을 미칠까?: 우크라이나가 믿은 약속│ 북한에게 이제 CVID는 없다│북한의 6차 핵실험은 5+1차가 아니다│ 한미일 삼각동맹에서 한국의 위치│미국에 너무 가까이 가면 일본 밑으로 들어갈 수 있다│북핵 문제를 푸는 다른 시각, 남북연합펼쳐보기"
2023,4,공정하다는 착각,마이클 샌델/함규진 역,"마이클 샌델, 10여 년 만에 던지는 충격적 화두!“지금 서 있는 그 자리, 정말 당신의 능력 때문인가?”마이클 샌델 10여 년 만의 신간, 《공정하다는 착각》 출간!샌델, 기울어진 사회구조 이면에 도사린 ‘능력주의의 덫’을 해체하다또 다시 ‘공정’이 화두다. 언론 미디어를 통해, 부유층과 빈곤층, 청년과 장년, 정치인의 입을 통해 끊임없이 쏟아져 나온다. 기업은 정규직ㆍ비정규직 논란에서 비롯된 ‘공정 채용’ 문제로 혼란에 빠져 있고, 정치권에선 ‘공정경제3법’과 ‘재난지원금’ 등에 대한 각기 다른 해석으로 떠들썩하다. 대통령은 “하나의 공정이 또 다른 불공정을 부르는 상황”을 언급하며 어려움을 토로하기도 했다.이렇듯 ‘공정’이라는 하나의 화두를 두고 각계각층이 충돌하고 있는 상황에서, 마이클 샌델 하버드대 교수가 《돈으로 살 수 없는 것들》 이후 8년 만에 쓴 신간 《공정하다는 착각》이 출간되었다. 이 책은 《The Tyranny of Merit: What’s Become of the Common Good?》란 원제로 미국 현지에서 2020년 9월에 출간되어 뜨거운 반응을 얻고 있다. 직역하면 ‘능력주의의 폭정: 과연 무엇이 공동선을 만드나?’다. 샌델은 이 책을 통해 “우리가 ‘노력하면 성공할 수 있다’고 너무나도 당연히 생각해왔던, 개인의 능력을 우선시하고 보상해주는 능력주의 이상이 근본적으로 크게 잘못되어 있다”고 주장한다. 이러한 능력주의가 제대로 공정하게 작동하고 있는지, ‘공정함=정의’란 공식은 정말 맞는 건지 진지하게 되짚어본다.펼쳐보기","서론: 대학 입시와 능력주의입시의 윤리 | 능력 지표 따내기CHAPTER 1. 승자와 패자포퓰리즘적 불만에 대한 진단 | ‘테크노크라시’와 시장 친화적 세계화 | 빈부격차를 그럴싸하게 설명하는 법 | 능력주의 윤리 | 굴욕의 정치 | 기술관료적 능력과 조직적 판단 | 포퓰리즘의 준동CHAPTER 2. “선량하니까 위대하다” 능력주의 도덕의 짧은 역사왜 능력이 중요한가 | 우주적 능력주의 | 구원과 자기 구제 | 과거와 지금의 섭리론 | 부와 건강 | 자유주의적 섭리론 | 역사의 옳은 편 | 도덕 세계의 궤적CHAPTER 3. 사회적 상승을 어떻게 말로 포장하는가고된 노력과 정당한 자격 | 시장과 능력 | 자기 책임의 담론 | 재능과 노력이 허용하는 한도까지 | 마땅히 받을 것을 받는다 | 포퓰리즘의 반격 | 과연 “하면 된다”가 맞나? | 보는 것과 믿는 것CHAPTER 4. 최후의 면책적 편견, 학력주의무기가 된 대학 간판 | 불평등의 해답은 교육? | 최고의 인재들 | 스마트해지기 위한 일 | 대중을 내려다보는 엘리트 | 학위가 있어야 통치도 한다 | 학력 간 균열 | 기술관료적 담론 | 테크노크라시냐 데모크라시냐 | 기후변화 논란CHAPTER 5. 성공의 윤리기술관료의 지배냐 귀족의 지배냐 | 능력주의의 어두운 면 | 능력주의를 다시 생각한다 | 완벽한 능력주의는 정의로운가? | 재능은 자신만의 것인가? | 노력이 가치를 창출하는가? | 능력주의의 두 가지 대안 | 능력주의에 대한 거부 | 시장과 능력 | 시장 가치냐 도덕적 가치냐 | 쟁취한 자격인가, 권리가 인정된 자격인가? | 성공에 대한 태도 | 운수와 선택 | 재능 계산하기 | 능력주의의 등장CHAPTER 6. ‘인재 선별기’로서의 대학능력주의 쿠데타 | 능력주의의 폭정, 그 모습을 서서히 드러내다 | 코넌트의 능력주의 유산 | 돈 따라 가는 SAT 점수 | 불평등의 토대를 더욱 다지는 능력주의 | 명문대가 사회적 이동성의 엔진이 되지 못하는 이유 | 능력주의를 더 공평하게 만들기 | 인재 선별 작업과 사회적 명망 배분 | 상처 입은 승리자들 | 또 하나의 불타는 고리를 넘어라 | 오만과 굴욕 | 유능력자 제비뽑기 | 인재 선별기 부숴버리기 | 명망의 위계질서 | 능력에 따른 오만 혼내주기CHAPTER 7. 일의 존엄성일의 존엄성 하락 | 절망 끝의 죽음 | 분노의 원인 | 일의 존엄성 되살리기 | 사회적 인정으로서의 일 | 기여적 정의 | 일의 존엄에 대해 논쟁하자 | ‘열린 어젠다’의 오만 | 금융, 투기 그리고 공동선 | 만드는 자와 가져가는 자결론: 능력, 그리고 공동선펼쳐보기"
2023,5,총 균 쇠,재레드 다이아몬드/김진준 역,"인류문명의 불균형은 총, 균, 쇠 때문이다!퓰리처상을 수상한 세계적 석학 재레드 다이아몬드 박사의 『총, 균, 쇠』. ‘왜 어떤 민족들은 다른 민족들의 정복과 지배의 대상으로 전락하고 말았는가?’, ‘왜 각 대륙들마다 문명의 발달 속도에 차이가 생겨났는가?’, ‘인간 사회의 다양한 문명은 어디에서 비롯되었는가?’라는 의문을 명쾌하게 분석하여 그 해답을 제시한다. 특별 증보면 ‘일본인은 어디에서 왔는가’를 추가 수록하여 현대 일본인의 조상이 누구인지를 추적한다.이 책은 모든 인류가 수렵과 채집으로 살아가던 1만 3천 년 전 석기시대로 거슬러 올라간다. 저자는 제국, 지역, 문자, 농작물, 총의 기원뿐만 아니라 각 대륙의 인류 사회가 각기 다른 발전의 길을 걷게 된 원인을 설득력 있게 설명함으로써, 역사에 대한 인종주의적 이론의 허구를 벗겨낸다. 뉴기니와 아메리카 원주민에서부터 현대 유럽인과 일본인에 이르기까지, 세계 각지의 인간 생활에 관한 이야기를 흥미진진하게 풀어낸다.펼쳐보기","친애하는 한국의 독자들에게 드리는 편지 | 제레드 다이아몬드증보판에 부쳐 | 일본인의 조상은 한민족인가 - 임홍빈(<문학사상> 편집 고문)추천의 글 | 1998년 퓰리처 상을 수상한 명저 <총, 균, 쇠>의 진가 - 이현복(서울대 언어학과 명예 교수)옮긴이의 글 | 인류 문명의 불평등에 관한 수수께끼 풀이 - 김진준(번역 문학가)프롤로그_ 현대 세계와 불평등에 대한 의문을 푼다제1부 인간 사회의 다양한 운명의 갈림길제1장 문명이 싹트기 직전의 세계 상황제2장 환경 차이가 다양화를 빚어 낸 모델 폴리네시아제3장 유럽이 세계를 정복한 힘의 원천제2부 식량 생산의 기원과 문명의 교차로제4장 식량 생산의 기원제5장 인류 역사가 갈라놓은 유산자와 무산자제6장 식량 생산민과 수렵 채집민의 경쟁력 차이제7장 야생 먹거리의 작물화제8장 작물화하는 데 적합한 식물의 식별과 성패의 원인제9장 선택된 가속화와 '안나 카레니나의 법칙'제10장 대륙의 축으로 돈 역사의 수레바퀴제3부 지배하는 문명, 지배받는 문명제11장 가축의 치명적 대가, 세균이 준 사악한 선물제12장 식량 생산 창시와 문자 고안과의 밀접한 연관제13장 발명은 필요의 어머니제14장 평등주의부터 도둑 정치까지제4부 인류사의 발전적 연구 과제와 방향제15장 대륙간 불균형 이론과 원주민들이 낙후된 원인제16장 동아시아의 운명과 중국 문화의 확산제17장 동아시아와 태평양 민족의 충돌제18장 남북아메리카가 유라시아보다 낙후됐던 원인제19장 아프리카는 왜 흑인의 천지가 됐는가에필로그_ 과학으로서의 인류사의 미래특별 증보면추가 논문_ 일본인은 어디에서 왔는가2003 후기_ <총, 균, 쇠> 그 후의 이야기참고문헌찾아보기펼쳐보기"
2023,6,지리의 힘,팀 마샬/김미선 역,"세계는 왜 ‘지리’를 두고 분쟁하는가?지리라는 렌즈를 통해 세계를 조망한 책 『지리의 힘』. 25년 이상 30개 이상의 분쟁 지역을 직접 현장에서 취재하며 국제 문제 전문 저널리스트로 활동해온 저자가 중국, 미국, 서유럽, 러시아, 한국과 일본, 아프리카, 라틴 아메리카, 중동, 인도와 파키스탄, 북극 등 전 세계를 10개의 지역으로 나눠 ‘지리의 힘’이 21세기 현대사에 미치는 영향을 집중적으로 파헤친 책이다.이 책은 특히 ‘한국’편에서 한국의 위치와 한반도의 지리적 특성 때문에 한국이 강대국들의 경유지 역할을 할 수밖에 없음을 지적하고 ‘중국’은 왜 영유권 분쟁을 일으키면서까지 바다에 집착하는지, ‘미국’은 어째서 초대강국이 될 수밖에 없었는지, 왜 세계는 남극이 아닌 북극으로 향하고 있는지 등에 대한 해답을 담고 있다. 또한 최근 이슈로 떠오르고 있는 미국과 중국 간의 신패권주의 경쟁, 알카에다와는 달리 영토를 장악해가는 IS 등을 놓치지 않고 함께 다루고 있다.펼쳐보기","서문: 우리 삶의 모든 것은 지리에서 시작되었다!1장: 중국, 4천 년 만에 대륙의 나라에서 해양 강국을 꿈꾸다한족의 탄생에서 군사대국을 꿈꾸기까지지리의 보호만큼은 확실하게 받는 나라중국은 왜, 티베트에 목숨 거는가중국이 절대 포기할 수 없는 전략적 땅, 신장땅의 나라에서 해양 강국으로!남중국해, 뜨거운 분쟁의 현장“미국이여, 대만은 우리와 지리적으로 더 가깝다!”수많은 영유권 분쟁, 결코 대양 강국을 포기하지 않을 것이다2장: 미국, 지리적 축복과 전략적 영토 구입으로 세계 최강국이 되다흔치 않은 지리적 위치를 확보한 나라신의 한 수, 루이지애나 구입멕시코와의 영토 분쟁, 역사는 미국의 손을 들어주었다그 어떤 위협도 없던 시대, 괌과 카리브 해까지 진출하다막강한 해군력을 내세운 미국의 패권시대유럽과 러시아는 과연 미국의 위협이 될 만한가?중국, 중국, 중국! 그리고 동아시아 태평양 지대에너지마저 자급자족하게 된 미국, 그들은 중동 국가들과 어떻게 관계를 유지할까미국이 쇠락할 거라는 예측의 유행3장: 서유럽, 이념적 분열과 지리적 분열이 함께 감지되다지리의 축복을 받은 서유럽 vs. 지리의 차별을 받은 남유럽그리스 위기, 유럽의 이념적 분열과 지리적 분열로동쪽에서 일어나는 균열과 긴장의 조짐프랑스는 독일을 두려워하고, 독일은 프랑스를 두려워한다유럽연합 안에서 감지되는 지리의 복수영국, 영광스러운 고립?유럽은 과연 20세기 초로 회귀할까?4장: 러시아, 가장 넓은 나라지만 지리에게 복수의 일격을 당하다러시아를 지켜주는 건 지리였건만무궁무진한 영토 확장, 미국에 대적할 초강대국이 되다한쪽 발은 유럽에, 다른 한쪽 발은 아시아에부동항의 부재, 러시아의 지리적 아킬레스건친서방 국가, 친러시아 국가, 그리고 중립 국가서방에도 추파를 던지고, 모스크바의 당근도 받으려는 우크라이나크림 반도, 신이 러시아에게 선사한 지리적 패지리를 무기로 도박을 하는 러시아나토 vs. 러시아, 그리고 발트 해 국가들모스크바는 가까이 있고, 워싱턴은 멀리 있다가스와 석유, 지리를 이용한 경제 전쟁군사 협력까지 가능한 러시아와 중국의 밀월 관계5장: 한국, 지리적 특성 때문에 강대국들의 경유지가 되다일본, 최대 고민인 중국을 견제하기 위해 미국과 군사적 동맹을 맺다연약한 것 같되 위험한 약자의 역할을 하고 있는, 북한손가락 하나로 가른 인위적인 38선한반도에서 전쟁이 일어나면 미국, 중국, 일본, 러시아는 어떤 선택을 할까섬나라 일본, 과거에는 고립을, 이제는 군사적 개입을 선택하다일본은 과연 전쟁 가능한 국가가 될 것인가일본의 최대 고민은 중국, 이제 주변국에서 친구를 찾아야 한다6장: 라틴 아메리카, 내륙이 텅 빈, 거대한 지리의 감옥에 갇히다광활한 세계의 끝단에서 벌어지는 영토 분쟁멕시코, 미국의 그늘 아래에서 살아가야 할 운명의 나라니카라과 대운하, 거대 중국 자본이 이미 진입했다중국, 미국과 라틴 아메리카의 벌어진 틈을 공략하다브라질, 지리가 자국 내 운송도 막는다라틴 아메리카 최고의 지리적 혜택을 받는 아르헨티나7장: 아프리카, 유럽인이 만들어 놓은 지정학의 피해자가 되다지리가, 아프리카의 최대 장애물이다유럽인들이 제멋대로 그려 넣은 국경선콩고민주공화국, 아프리카판 세계대전의 현장나일 강의 수자원, 축복이자 분쟁의 씨앗석유, 그리고 보코 하람의 나라앙골라, 내부와 외부의 수탈로 점철되다중국의 아프리카 접근, 터를 잡은 이상 쉽게 떠나지 않을 것이다지리적 위치의 혜택을 제대로 보는 남아프리카공화국지리가 점지한 힘과 싸우기8장: 중동, 인위적인 국경선이 분쟁의 씨앗이 되다서구가 잉크로 그려서 만든 국경수니파, 시아파, 그리고 그 안의 또 다른 수많은 분파들영국이 난장판으로 합쳐 놓은 곳, 이라크요르단, 골치 아픈 곳을 싹둑 잘라내 만든 나라산맥 이름이 나라 이름이 된 곳, 레바논시리아, 소수파가 다수파를 지배하는 긴장감이 감도는 곳IS, 죽음의 게임을 펼치다이스라엘, 그리고 팔레스타인산악지대, 핵무기, 그리고 석유의 나라역사의 교차로가 될 수밖에 없는 운명, 터키아랍의 봄9장: 인도, 지리적으로 출발부터 유리했다파키스탄, 말썽 많은 아프간과의 국경을 물려받다인도 아대륙의 분열, 그리고 대살육전출발부터 인도보다 불리했던 파키스탄아직도 끝나지 않은 두 나라의 격돌아프가니스탄, 적의 적이 되게끔 만들다파키스탄, 탈레반, 그리고 미국미국, 인도의 새로운 동맹국이 되다10장: 북극, 21세기 경제 및 외교의 각축장이 되다기나긴 북극 탐험의 역사얼음이 녹으면서 바닷길도 열리고북극을 둘러싼 치열한 각축북극 전략 없는 미국, 북극의 최강자 러시아북극에서의 게임은 달라야 한다맺음말: 새로운 지리적 현실을 함께 맞이하기펼쳐보기"
2023,7,계속 가보겠습니다,임은정,"“함께 꾸는 꿈의 힘을, 결국 함께 나아가는역사의 힘찬 발걸음을 저는 굳게 믿습니다”검사 임은정,검찰 치부를 세상에 드러내고병든 검찰의 오늘을 기록하다《계속 가보겠습니다》의 저자인 임은정은 2007년 ‘공판 업무 유공’을 인정받아 검찰총장상을 받았고, 2012년에는 법무부가 선정하는 ‘우수 여성 검사’가 되어 서울중앙지검 공판부에 배치되는 등 검찰 내 엘리트 코스를 밟던 검사였다. 한때 ‘도가니 검사’로도 불리며 검찰 조직에서 승승장구하던 검사 임은정, 이제는 끊임없이 검사 적격 심사의 대상자에 오르는 검찰 조직의 ‘미운 오리 새끼’가 되었다. 검찰 내 각종 부조리를 폭로하고, 과거사 재심 사건에서 ‘백지 구형’이 아닌 ‘무죄 구형’을 강행하면서 골칫거리 문제 검사가 됐기 때문이다.이 책은 내부 고발 검사 임은정의 첫 번째 단독 저서다. 내부자의 시선으로 검찰의 치부를 세상에 드러내 온 10년의 기록과 다짐이 담겨 있다. 저자는 검찰이 잘못의 무게를 다는 저울이라고 강조한다. 그러나 현재의 검찰은 자정능력을 상실해 고장 난 저울이 되었다고 말한다. 검찰 조직의 부끄러움을 알고, 검사의 양심을 지키고자 분투한 저자는 검찰이 바른길로 향하도록 하는 길을 열기 위해 온몸으로 부딪치고 있다. 이 책을 통해 독자들은 검찰 조직의 어두운 면과 이를 걷어내고자 하는 저자의 각오와 용기, 그리고 그 과정에서 내부 고발자의 힘겨움과 아픔을 느낄 수 있다.펼쳐보기",임은정 검사 활동 일지주요 사건 소개프롤로그 : 함께 꾸는 꿈의 힘을 믿습니다1부 난중일기(亂中日記)광주 인화원 도가니 2011. 9. 30.카산드라와 아틀라스 2012. 4. 9.공판검사의 다짐 2012. 6. 11.민청학련 관련 사건 공판 소회 2012. 9. 6.논고문에 대한 생각 2012. 9 .22.뜻밖의 위로 2012. 12. 1.징계 청원 2012. 12. 28.징계 소감 2013. 2. 14.징계 취소소송 경과 1 2014. 3. 5.징계 취소소송 경과 2 2014. 11. 6.징계 취소소송 경과 3 2017. 11. 1.검사가 무엇인지를 다시 묻습니다 2017. 11. 16.비정상의 정상화를 위한 제언 - 단성소를 그리며 2014. 8. 1.사표 수리에 대한 해명을 요청합니다 2014. 8. 20.복귀 인사 2016. 1. 30.‘과거 인권 침해 사건에 대해 검사 직권 재심 청구’ 보도를 접하며 2017. 9. 17.검찰개혁을 위한 고언 - 진상조사단 출범을 바라보며 2018. 2. 5.검찰 애사 2020. 10. 30.과거사 재심 사건 대응 매뉴얼 소개 2022. 4. 7.2부 나는 고발한다(J’Accuse)아이 캔 스피크 1 2019. 1. 14.나는 고발한다 2019. 2. 18.거짓말도 보여요 2019. 3. 18.용서받지 못한 자들 2019. 4. 15.참회록 2019. 5. 13.검찰 애가 2019. 6. 10.차기 검찰총장에게 바란다 2019. 7. 1.우리를 믿지 마세요 2019. 9. 30.블랙리스트 - 영혼의 살생부 2019. 10. 28.아이 캔 스피크 2 2020. 1. 6.언론에 묻다 2020. 3. 9.공정한 저울을 꿈꾸며 2020. 8. 24.길모퉁이에서 2020. 9. 21.에필로그 : 나의 길은 아직 끝나지 않았습니다추천사 : 이 사람을 보라펼쳐보기
2023,8,당신이 모르는 민주주의,마이클 샌델/이경식 역/김선욱 감수,"“민주주의는 정말 선한가?”마이클 샌델의 또 다른 명강의! 정체된 민주주의의 정체를 파헤치다★조한혜정 연세대 명예교수, 김누리 중앙대 교수, 박종훈 KBS 기자 강력 추천정교한 논리와 지적 대화로 전 세계 독자들을 단숨에 매료시키며 ‘정의’, ‘공정’ 열풍을 일으켰던 마이클 샌델 하버드대 교수가 《공정하다는 착각》 이후 3년 만에 신간을 들고 찾아왔다. 이번에 꺼내든 화두는 다름 아닌 ‘위기의 민주주의’다. 그는 또다시 생생하고 치열한 토론의 한복판으로 독자들을 끌어들이며 삶의 질서에 관한 불편한 의문을 제기한다. “민주주의는 정말 선한가?” 법 앞에 모두가 평등하며 개인의 자유와 권리를 보장하는 민주주의 체제 아래 살아가는 사람들은 이런 의문에 도리어 의문이 들 것이다. 이에 샌델은 반박하기 힘든 일침을 놓는다. “그렇다면 자유와 풍요 속, 더 큰 상실감을 느끼는 이유는 무엇인가?”샌델의 국내 번역서 대부분을 감수해온 김선욱 숭실대 철학과 교수는 이 책의 해제를 통해 “그동안 샌델 교수가 다뤄왔던 주제들이 총집결된 결정적 저술”이라고 일컬었다. 정의, 공정, 자유주의, 공공철학, 자본주의, 공동체와 자치까지… 그야말로 ‘샌델 정치철학의 종합 세트’라고 할 수 있는 이 한 권은 우리가 몰랐던 민주주의에 대한 폭넓고 새로운 시야를 열어주며 옳음을 넘어 ‘좋은 삶’으로 나아가기 위한 통찰의 기회를 선사한다.펼쳐보기","추천의 글개정판 서문들어가며1장. 시민의식의 정치경제학: 경제는 '무엇'을 위해 존재해야 하는가2장. 공화국 초기의 경제와 시민적 덕목: 공화주의적 이상과 산업을 찾아서3장. 자유노동 대 임금노동: 노동자와 노예는 어떻게 다른가4장. 공동체와 자치, 그리고 점진적 개혁: 진보주의에 가려진 '거대함의 저주'5장. 자유주의와 케인스혁명: 경제학의 승리가 의미하는 진실들6장. 절차적 공화주의의 승리와 고난: 민주주의의 불만이 불신으로 이어지다7장. 무엇이 잘못되었을까?: 1990년대 이후의 자본주의와 민주주의주해제펼쳐보기"
2023,9,이준석의 거부할 수 없는 미래,이준석,"대한민국 국민은 모두 주식회사 대한민국의 주주다주식회사 대한민국의 주주 여러분께 공개하는이준석의 희망보수 대차대조표주식회사는 더 가진 사람이 더 큰 목소리를 내는 구조이지만, 4.19부터 5.18, 그리고 6월 항쟁을 거쳐 탄생시킨 대한민국 현행 민주주의는 모든 국민이 평등한 힘을 가질 수 있도록 헌법으로 규정하고 있다. 정치인들은 국민 한 사람 한 사람이 모아준 평등한 권리를 모아 정당과 정부를 구성해 실질적인 힘을 행사하는 것이다. 그런데 지금의 정치는 어떠한가? 그 엄중한 가치를 실현하기 위해서 가진 힘을 모두 쏟고 있는가? 과거를 잊고 더 나아가기 위해 힘쓰고 있는가? 주주로서 국민이 올바른 선택을 하도록 미래지향의 가이드라인을 제시하고 있는가? 보수진영 개혁의 최선봉에 섰던 저자가 세계를 선도하는 위치에 선 대한민국 정치의 미래를 위한 대안을 제시한다.펼쳐보기","머리말_정반합의 소통을 목적으로 한 책프롤로그 거부할 수 없는 미래가 온다01. 주식회사 대한민국의 주주 여러분께02. 보수는 왜 4연패와 3연승을 달렸는가03. 오세훈의 당선을 확신한 이유04. 조선 시대에 태어났어야 할 이들의 정치05. 공정이란 무엇인가?1장 현실의 정치, 정치의 현실01. 정치의 효용감을 높이는 방법02. 당원동지라는 말03. 정당의 힘, 국민의 힘04. 노무현은 처음부터 노무현이었다2장 미래를 위한 보수의 선거 전략01. 현재와 미래에 대한 응용법02. 보수가 겪어온 선거의 트렌드03. 세대포위론의 완성04. 전라도에서 보수가 해야 할 일05. 청년과 여성을 지워버려야 한다06. 이제 사회 이슈다 : 혐오론과 맞서는 용기07. 정치권의 버즈워드 오남용08. 선거의 SNS 활용과 메시지 통제09. 무조건 우리가 1면으로10. 젠더와 사회 이슈를 대하는 우리의 자세3장 정책을 개혁할 시간01. 데이터 산업의 미래02. 인테리어 끼워팔기를 없애자03. 기숙사 학교를 통한 지방 살리기04. 출발자금 취업 후 상환제의 활성화05. 택시요금제의 현실화06. 화물차 자율주행이 가장 먼저 온다07. 2000년생 남성은 누구와 결혼하는가?08. 출산율이 아니라 결혼율이 먼저다09. 배달로봇의 가장 큰 난관은?10. 차별금지법도 논의해야 한다11. 소스 관리 도구와 망 중립성 제고12. 프랑스 축구팀과 로마제국, Pax Americana13. 북한 TV, 통일 그리고 군 복무 제도4장 정치 개혁이 필요한 시간01. 직업으로서 정치와 누더기 선거제도02. 선거공영제의 문제점04. 부정선거 음모론자들이 원하는 세상05. 익명정치로 연명하는 사람들5장 정당개혁이 필요한 시간01. 당원과 유권자 CRM 개발02. 공직후보자 기초자격시험과 저항03. 개방형 당직의 확대04. PPAT를 넘어서 공직수행 평가까지05. 정당의 공천제도06. 당원협의회의 폐쇄성07. 당비를 가치 있게: 크라우드 펀딩08. 지역별 조직을 넘어서 이슈별 조직으로09. IT와 정당의 결합10. 극우 유튜버와의 단절과 언론관에필로그_지금의 보수, 지금의 정치01. 지도자는 무한책임을 져야 한다02. 나는 왜 정치를 하는가부록 1_이준석 후보 ‘국민의힘 당 대표 후보자 합동연설회’ 연설문 전문부록 2_국민의힘 신임 이준석 당 대표의 수락 연설문 전문펼쳐보기"
2023,10,공자가 죽어야 나라가 산다,김경일,한국사회 문제의 뿌리인 공자와 유교문화에 대해 던지는 근본적인 비판세계화 시대에 적응하지 못하는 한국인의 문화적 폐쇄성과 콤플렉스에 대한 신랄한 진단갑골문의 발굴로 최근에야 밝혀진 유교의 기원과 왜곡과정을 국내 최초로 상세히 소개ㆍ해설한중일 문화의 상호이해를 위한 접근법과 외국어 및 제도권 교육의 올바른 방향에 대한 모색펼쳐보기,"1 한국인으로 사는 열 가지 괴로움이제 지도는 찢어졌다나는 신토불이가 싫다술 한 잔이 망친 나라억울하면 출세해라법치가 되지 않는 이유역시 '핏줄'뿐입니다요!모두가 왕손인 나라찬호와 세리가 미국으로 간 까닭은?3김의 DNA-'거시기' 와 '챠라'우리는 무엇으로 한국인인가2 공자가 죽어야 나라가 산다유교의 유효기간은 끝났다중국과 일본이 유교를 버린 이유유교의 그릇된 출발-역사의 왜곡, 왜곡의 역사조상 숭배 의식의 기원공자는 왜 거짓말을 했나우리는 영원한 중국의 속국인가주자학, 그 위대한 사기극죽은 박정희가 다스리는 나라공자 바이러스유교문화가 어떻게 나라를 망치는가효도가 사람 잡는다유교 속의 여자, 유교 밖의 여자3 일본이여 들어오라! 중국이여 기다려라!칼마다 맛이 다르다일본을 용서한다일본 문화의 뿌리를 보는 시각일본 만화에서 배운다유교는 어떻게 우리의 상상력을 죽였나왜 일본 문화에는 폭력과 성이 난무하는가문제는 창조력이다중국을 이기려면 먼저 철저히 장사꾼이 돼라한문 사용을 주장하는 분들의 진짜 속내한자가 아니라 Asia Sign입니다한자 간다히 배우기4 공부는 끝났다공부는 끝났다당장 '양놈'을 찾아 나서라영어는 더 이상 외국어가 아니다실력이 도덕이다우리 아이들이 정말 피곤한 이유선생님 안녕히 계십시오논술이 바보를 만들고 있다신영이의 '더불어 학교'5 한국인을 넘어서한국인을 넘어서작은 것이 아름답다종아리를 걷어라안중근과 서태지, 그리고 장보고할 말을 해라황장엽처럼 들이닥칠 통일이 두렵다펼쳐보기"
2023,11,권력과 안보,부승찬,"문재인 정부 마지막 국방부 대변인 부승찬의 역사적 기록이자 양심의 목소리. 국가적 혼란을 빚은 대통령실의 용산 이전에 대해 “안보는 공기와 같다”는 말로 현직 군 고위인사 중 유일하게 공개 저항했던 그는 ‘말하는 사람’이기에 앞서 ‘쓰는 사람’이었다. 그가 재임 500일 동안 쓴 일기를 주제별로 재구성한 이 책에는 우리가 알지 못했던 사실과 진실이 가득하다.한국처럼 안보가 중시되는 나라에서 군의 이슈는 곧 국민의 이슈다. 군 안팎에서 일어난 갖가지 사건 사고는 국가안보와 직결되고 국정과 국민 일상에 중대한 영향을 끼친다. 그의 일기에는 국민적 의혹과 논란이 제기됐던 사건들의 진실과 거짓, 이슈를 둘러싼 군내 치열한 논쟁, 언론과 정부의 갈등, 주요 안보정책 결정 과정의 비화가 생생하게 기록돼 있다. 문재인 정부의 공과를 치우침 없이 다루는 한편 윤석열 정부의 불안한 안보 행보에 대한 우려와 비판을 담았다. 윤 대통령 부부와 특별한 인연을 맺었던 천공이 대통령 관저 후보지를 답사했다는 의혹의 실체를 정면으로 다룬 점도 눈길을 끈다.일기체의 강점은 현재성과 정직성이다. 그날그날의 일을 곧바로 기록했기에 현장감과 사실감이 넘치고 과장이나 착오, 선택적 취사가 끼어들 여지가 없다. 르네 데카르트의 명제를 비틀자면, “나는 기록한다. 고로 존재한다”라고 할 정도로 그의 일기는 치밀하고 치열하다. 언론 보도만으로는 알 수 없는 이면의 진실을 추적하는 즐거움을 누리는 것은 이 책을 선택하는 독자의 특권이다.펼쳐보기",책을 내면서일러두기1부 바람 잘 날 없는 군어느 해군 부사관의 죽음비밀정보 유출육군총장 반말 논란해군총장 음주 사건과 국방부 감사육군 22사단 경계 실패성전환 부사관의 죽음과 소송군무원 토지 투기 의혹국방장관의 첫 4.3 추모식 참석천안함 재조사격리병사 부실 급식 사태SNS 소통 전략‘국방비전 2050’ 의문미라클 작전군 사법제도 개혁도발이냐 위협이냐을지태극연습 유감요소수 방출과 공수 작전5공병여단 부실 급식탈북자 월북 사건의 진실어느 조종사의 순직우크라이나 지원정권 교체와 미사일 브리핑2부 언론과의 전쟁국익보다 이념언론 오보와 대응연합훈련/전작권 비틀기출입기자단국방 문민화 흔들기독도 침공 대응 시나리오보안조사아니면 말고북 미사일 보도 과열 경쟁막무가내 기자들좋은 기자들‘김정은 경례’국방부와 통일부의 갈등?노마스크 ‘생체 실험’ 소동3부 청와대와 정치권력국방차관 TV 출연 무산청와대 홍보회의 풍경김여정 담화 무대응 유감외교부와의 불협화음“대변인은 청와대 지시 받고 일하냐?”‘병사 복지’ 홍보 강조대통령 당부사항‘육대전’ 논란안보실 2차장 사직 진짜 이유공군 병사 가혹행위국회의원들의 미결수 인권침해대통령 지시사항해군총장 교체 속사정“국방부는 대체 뭐 하느냐”한미일 국방장관 회담 불발 내막윤석열 캠프의 전직 장성들‘강한 국방’ 영상 조작 논란월선 북 선박 조기 송환 지침‘원점 타격’ 제동4부 한미동맹의 이면한미연합훈련 ‘남북 협의’ 논란핵우산과 확장억제사드 추가 배치?전작권 전환에 부정적인 미국얀센 ‘재고떨이’ 논란자위권과 선제공격종전선언 의문주한미군 전력 감축?“중국 위협에 한미일 손잡아야”전 주한미군사령관의 한국군 폄훼북 ICBM 대응 무력시위5부 성폭력의 그늘국방대 집단 성폭력 사건공군 성폭력 여부사관 사망2차 가해자 자살육군 장성의 부하직원 성추행육군 사단장 성추행 2차 가해 논란해군 성폭력 여부사관 사망또 다른 공군 여부사관 자살법무개혁 필요성6부 코로나 전투카투사 ‘백신 국민청원’폭풍전야함정/훈련소 집단감염청해부대 확진자 발생비난과 사과파병부대의 백신 접종문무대왕함은 생지옥?작전지역 변경 논란수습과 안정7부 소소한 이야기들서욱 장관 인물평대변인실 사람들망중한(忙中閑)해병대와 아버지사관학교 졸업식 소회대출 인생과 로또‘슬픔이 분노 될 때’잠수함 스테이크연평도의 눈물BTS 병역역대급 PCR 검사신년 지휘비행F-35A 동체착륙대변인의 헤어스타일8부 마지막 대변인국민의힘 대선후보 부부대통령 집무실 이전“안보는 공기와 같다”육군총장에게 보고된 ‘천공 출현’용산 이전과 국고 낭비사직서 제출합참의 불만위험한 경호실인수위의 일방통행고별 브리핑〈덧붙이는 말〉 대통령실 이전과 천공 미스터리펼쳐보기
2023,12,침묵의 봄,레이첼 카슨/김은령 역,"환경을 이슈로 전폭적인 사회운동을 촉발시키다!20세기 환경학 최고의 고전『침묵의 봄』. 50주년 기념 개정판으로 출간 된 이 책은 〈타임〉지가 20세기를 변화시킨 100인 중 한 사람으로 뽑은 레이첼 카슨이 쓴 책으로, 환경 문제의 심각성과 중요성을 독자들에게 일깨워 준 책이다. 저자는 친구로부터 받은 편지 한 통을 계기로 살충제의 사용 실태와 그 위험성을 조사하고, 생물학자로서의 전문지식과 작가로서의 능력을 발휘해 방사능 낙진으로 인해 더욱 절실해지기 시작한 환경 문제의 복잡성을 알기 쉽게 풀어냈다. 더불어 무분별한 살충제 사용으로 파괴되는 야생 생물계의 모습을 적나라하게 공개하여, 생태계의 오염이 어떻게 시작되고 생물과 자연환경에 어떤 영향을 미치지는 지 구체적으로 설명하였다. 이를 통해 정부와 살충제 제조업체의 행태를 지적하고, 환경문제에 대한 대중들의 생각을 환기시킬 수 있는 기회를 제시하였다.▶ 이 책은 2002년에 출간된 〈침묵의 봄〉(에코리브르)의 개정판입니다.펼쳐보기",감사의 글서문: 린다 리어01	내일을 위한 우화02	참아야 하는 의무03	죽음의 비술04	지표수와 지하수05	토양의 세계06	지구의 녹색 외투07	불필요한 파괴08	새는 더 이상 노래하지 않고09	죽음의 강10	공중에서 무차별적으로11	보르자 가문의 꿈을 넘어서12	인간이 치러야 할 대가13	작은 창을 통해서14	네 명 중 한 명15	자연의 반격16	밀려오는 비상사태17	가지 않은 길후기: 에드워드 O. 윌슨옮긴이의 글참고문헌찾아보기펼쳐보기
2023,13,붕괴하는 세계와 인구학,피터 자이한,"지정학전략가 자이한의 네 번째 책 〈붕괴하는 세계와 인구학(The End of the World Is Just the Beginning)〉이 출간되었다. 자이한은 이 책을 집필하는 과정이 “만감이 교차하는 여정”이었다고 했다. 〈한국어판〉을 내는 과정은 당혹스러움 그 자체였다. 자이한이 거대한 담론의 완성이라는 측면에서 그러한 감정을 느꼈다면, 〈한국어판〉 출판사는 우리가 사는 세계에 대한 가혹한 예측을 어떻게 받아들여야 할지 판단이 서지 않았다. 자이한은 이 책에서 우리가 알던 세계의 종말이 올 것이라고 말한다. 지난 75년의 황금시대가 끝났고 이제는 붕괴의 시간이라는 것이다. 세계화가 붕괴하고 산업화가 붕괴한다. 세계적 분업체계도 연결망도 붕괴한다. 이 책에서 예측하는 세계 붕괴의 양상은 우리의 상상을 초월한다. 더욱 당혹스러운 건 한국이 헤쳐나갈 방도가 잘 보이지 않는다는 것이다.자이한은 그가 보여준 놀라운 예측력으로 21세기의 노스트라다무스로 불린다. 그의 첫 번째 책인 〈21세기 미국의 패권과 지정학〉에서 트럼프의 미국을 예측했고, 〈셰일 혁명과 미국 없는 세계〉에서는 러시아의 우크라이나 침공을 예측했다. 〈각자도생의 세계와 지정학〉에서는 중국의 붕괴를 예측했다. 그래서 세계의 붕괴라는 그의 예측을 흘려듣기 어렵다. 자이한은 가까운 미래도 아니고 당장 2020년대에 붕괴가 본격화한다고 말한다. 탈세계화를 넘어 탈산업화로 탈문명으로 치닫게 될 수도 있다고 한다. 원자재도 연료도 식량도 부족해진다. 사라진 줄 알았던 기근이 다시 찾아온다. 단절되고 붕괴하는 세계에서는 물자든 식량이든 에너지든 자급이 안 되거나 강제로라도 가져올 역량이 안되는 지역이 가장 고통 받는다. 북미는 확실히 아니다. 동아시아와 한국이 가장 고통 받는다.자이한은 세계가 왜 붕괴한다고 보는가? 전후의 황금시대를 열었던 지정학과 인구학의 조합이 이제는 정확히 반대로 작동하기 때문이다. 러시아-우크라이나 전쟁의 끝이 보이지 않는다. 지정학적 충돌의 시대가 시작되었다. 반면 미국 주도의 세계질서는 붕괴 직전이다. 동맹의 안보도 자유로운 시장접근도 안정적인 에너지 유통도 더 이상 미국의 전략적 관심사가 아니다. 각자도생의 세계에서 국가들이 좌충우돌하게 된다. 러시아-우크라이나 전쟁만으로도 에너지와 곡물 공급에 심각한 차질이 빚어지고 있다. 자이한이 예측한 3대 전쟁 중 하나가 겨우 시작했을 뿐인데도 말이다. 더 큰 문제는 인구 붕괴가 이제 막 시작되었다는 사실이다. 2020년대 들어 주요 국가의 베이붐세대가 대거 은퇴하고 있다. 마침 수명연장의 인구효과도 끝나버렸다. 인구감소가 급격히 진행된다. 한국의 출산율은 오래전에 1명 밑으로 떨어졌고 중국도 인구감소에 돌입했다. 고령화가 점점 빨라진다. 생산하고 소비할 인구는 줄고 부양할 인구가 갈수록 늘어간다. 저축이 사라지고 저축을 깨서 살아가게 된다. 자본이 부족해지고 수요가 쪼그라든다. 투자도 생산도 소비도 무역도 붕괴된다. 장거리 운송체계도 붕괴된다. 사람들이 가난해지고 국가들은 절박해진다. 국가들이 어떤 행동을 할지 예측하기 어렵다.에너지와 원자재, 식량의 상당 부분을 수입해야 하는 동아시아 국가들이 가장 큰 난관에 직면한다. 물건을 값싸게 만들 수도 없고 팔 곳도 없는 아시아 주식회사의 종말이 온다. 반면 북미 지역은 역내 시장도 크고 에너지도 넘쳐나고 경작할 땅도 남아도는데 인구마저 그다지 줄지 않는다. 진짜 북미의 시대가 온다. 자이한은 한국어판 서문에서 “세계의 미래가 곧 한국의 미래”라고 했다. 세계의 미래가 한국에 달려있다는 의미로 들렸다. 한국이 과연 탈세계화를 막거나 그 난관을 헤쳐나갈 방도를 찾을 수 있을 것인가? 어떻게 하면 인구 붕괴의 재앙을 피해갈 수 있을까? 이 거대하고 무시무시한 도전 앞에 우리가 서 있다.피터 자이한의 네 번째 책21세기 노스트라다무스는 왜 세계의 붕괴를 예측하는가지정학전략가 자이한의 네 번째 책 〈붕괴하는 세계와 인구학(The End of the World Is Just the Beginning)〉이 출간되었다. 자이한은 이 책을 집필하는 과정이 “만감이 교차하는 여정”이었다고 했다. 〈한국어판〉을 내는 과정은 당혹스러움 그 자체였다. 자이한이 거대한 담론의 완성이라는 측면에서 그러한 감정을 느꼈다면, 〈한국어판〉 출판사는 우리가 사는 세계에 대한 가혹한 예측을 어떻게 받아들여야 할지 판단이 서지 않았다. 자이한은 이 책에서 우리가 알던 세계의 종말이 올 것이라고 말한다. 지난 75년의 황금시대가 끝났고 이제는 붕괴의 시간이라는 것이다. 세계화가 붕괴하고 산업화가 붕괴한다. 세계적 분업체계도 연결망도 붕괴한다. 이 책에서 예측하는 세계 붕괴의 양상은 우리의 상상을 초월한다. 더욱 당혹스러운 건 한국이 헤쳐나갈 방도가 잘 보이지 않는다는 것이다.자이한은 그가 보여준 놀라운 예측력으로 21세기의 노스트라다무스로 불린다. 그의 첫 번째 책인 〈21세기 미국의 패권과 지정학〉에서 트럼프의 미국을 예측했고, 〈셰일 혁명과 미국 없는 세계〉에서는 러시아의 우크라이나 침공을 예측했다. 〈각자도생의 세계와 지정학〉에서는 중국의 붕괴를 예측했다. 그래서 세계의 붕괴라는 그의 예측을 흘려듣기 어렵다. 자이한은 가까운 미래도 아니고 당장 2020년대에 붕괴가 본격화한다고 말한다. 탈세계화를 넘어 탈산업화로 탈문명으로 치닫게 될 수도 있다고 한다. 원자재도 연료도 식량도 부족해진다. 사라진 줄 알았던 기근이 다시 찾아온다. 단절되고 붕괴하는 세계에서는 물자든 식량이든 에너지든 자급이 안 되거나 강제로라도 가져올 역량이 안되는 지역이 가장 고통 받는다. 북미는 확실히 아니다. 동아시아와 한국이 가장 고통 받는다.자이한은 세계가 왜 붕괴한다고 보는가? 전후의 황금시대를 열었던 지정학과 인구학의 조합이 이제는 정확히 반대로 작동하기 때문이다. 러시아-우크라이나 전쟁의 끝이 보이지 않는다. 지정학적 충돌의 시대가 시작되었다. 반면 미국 주도의 세계질서는 붕괴 직전이다. 동맹의 안보도 자유로운 시장접근도 안정적인 에너지 유통도 더 이상 미국의 전략적 관심사가 아니다. 각자도생의 세계에서 국가들이 좌충우돌하게 된다. 러시아-우크라이나 전쟁만으로도 에너지와 곡물 공급에 심각한 차질이 빚어지고 있다. 자이한이 예측한 3대 전쟁 중 하나가 겨우 시작했을 뿐인데도 말이다. 더 큰 문제는 인구 붕괴가 이제 막 시작되었다는 사실이다. 2020년대 들어 주요 국가의 베이붐세대가 대거 은퇴하고 있다. 마침 수명연장의 인구효과도 끝나버렸다. 인구감소가 급격히 진행된다. 한국의 출산율은 오래전에 1명 밑으로 떨어졌고 중국도 인구감소에 돌입했다. 고령화가 점점 빨라진다. 생산하고 소비할 인구는 줄고 부양할 인구가 갈수록 늘어간다. 저축이 사라지고 저축을 깨서 살아가게 된다. 자본이 부족해지고 수요가 쪼그라든다. 투자도 생산도 소비도 무역도 붕괴된다. 장거리 운송체계도 붕괴된다. 사람들이 가난해지고 국가들은 절박해진다. 국가들이 어떤 행동을 할지 예측하기 어렵다.에너지와 원자재, 식량의 상당 부분을 수입해야 하는 동아시아 국가들이 가장 큰 난관에 직면한다. 물건을 값싸게 만들 수도 없고 팔 곳도 없는 아시아 주식회사의 종말이 온다. 반면 북미 지역은 역내 시장도 크고 에너지도 넘쳐나고 경작할 땅도 남아도는데 인구마저 그다지 줄지 않는다. 진짜 북미의 시대가 온다. 자이한은 한국어판 서문에서 “세계의 미래가 곧 한국의 미래”라고 했다. 세계의 미래가 한국에 달려있다는 의미로 들렸다. 한국이 과연 탈세계화를 막거나 그 난관을 헤쳐나갈 방도를 찾을 수 있을 것인가? 어떻게 하면 인구 붕괴의 재앙을 피해갈 수 있을까? 이 거대하고 무시무시한 도전 앞에 우리가 서 있다.펼쳐보기","한국어판 서문프롤로그1부 한 시대의 종말01 시작은 이러했다농경 정착 생활 혁명물 혁명바람 혁명산업 혁명02 우발적 초강대국미국은 역사상 가장 막강한 해양 세력미국은 역사상 가장 막강하고 가장 안정적인 산업 국가03 완전한 변신04 우리 이야기농사 때려치우기05 역사에 가속도가 붙다06 섬뜩한 단어 습득하기07 덧셈 시대의 종언08 엉망진창인 모델들성공사례로서의 러시아곱게 늙어가는 일본꺼져, 코로나바이러스09 덧셈 시대의 잔여물덧셈의 미국 1: 지리적 여건덧셈의 미국 2: 베이비붐 세대와 밀레니얼 세대덧셈의 미국 3: 문화덧셈의 미국 4: 멕시코우리가 알고 있는 세계의 종말저자의 짤막한 메모… 그리고 모스크바2부 운송10 머나먼 길운송이라는 물리적 고난원양항해 시대의 운송11 제약에서 벗어나기: 운송의 산업화12 무역의 미국화효과 1. 선박: 훨씬 크고, 성능이 좋지만… 훨씬 느리다효과 2. 컨테이너화: 훨씬 나은 상자 만들기효과 3. 항구: 규모는 커지고 수는 줄고효과 4. 도시: 도시의 폭발적 증가효과 5. 공급사슬: 생산은 지역에서, 판매는 세계를 상대로해체13 대대적인 해체앞으로 닥칠 세계: 위험을 자초-그리고 모면-하기14 폭풍이 휘몰아치는 항구심호흡3부 금융15 화폐: 가본 적 없는 길로 나아가기화폐로 가는 머나먼 길신뢰 구축기축통화: 거물성공에서 비롯된 실패16 자본의 모험공짜 돈: 아시아 금융 모델대융합: 유로 모델호황에서 불황으로 그리고 다시 호황으로: 미국 모델17 재앙은 상대적이다18 덧셈 시대의 종말 재확인하기: 인구구조와 자본19 융자 전성시대 요약20 미래의 금융 실패 헤쳐나가기4부 에너지21 진보 작살내기근대 에너지로 가는 길: 전쟁, 숭배, 고래, 그리고… 뜨게질?22 미국 주도 세계질서 하의 석유 질서23 석유 지도: 현 상황24 석유에는 석유 이상의 의미가 있다비탄력성차질이 빚어질 가능성불가분대비책 아닌 대비책석유에는 석유 이상의 의미가 있다석유에는 석유 이상의 의미보다 더 큰 의미가 있다기후변화25 미래에 연료 공급하기5부 산업 자재26 역사 분해하기과거에서 얻은 교훈, 미래를 위한 교훈본론에 뛰어들기 전에 유념해야 할 사항27 필수 자재28 미래에 각광받을 자재29 변함없는 자재30 독특한 자재31 공급이 안정적인 자재32 세계는 이렇게 끝난다6부 제조업33 우리가 알고 있는 세계 만들기맨 처음부터 시작하기작동하는 방법과 이유적시생산방식34 현재의 지도동아시아의 제조업: 구체화한 세계화독일 중심 유럽의 제조업북미지역의 제조업: 차고 넘치는 선택지35 미래의 지도아시아 Inc.의 종말유럽의 해체북미의 세기신흥 중심지36 새로운 세계 제조하기붕괴 분석하기7부 농업37 무엇이 걸린 문제인가풍요 구축하기38 취약성의 지정학39 최악의 사태를 모면, 혹은 수용하기40 기근 완화하기투입재의 기교와 과학뒷걸음치는 “진보”41 식단 확대하기, 식단 축소하기42 농업과 기후변화두 지역 이야기기후변화 이해하기 1: 열기가 아니라 습도가 문제기후변화 이해하기 2: 바람을 예의주시하라기후변화 이해하기 3: 둘은 하나보다 낫다기후변화 이해하기 4: 한계 토지의 종말조금 더 멀리까지 내다보기43 새로운 세계 먹여 살리기44 세 번째 기수(The Third Horseman)의 대장정에필로그감사의 말각주펼쳐보기"
2023,14,전태일평전,조영래,"전태일 50주기 기념 『전태일평전』 개정판 출간가독성 높인 편집, 주석과 연표 보강오늘의 전태일들과 함께2020년은 전태일이 세상을 떠난 지 50년이 되는 해다. 1970년 11월 13일, 청계천 평화시장 앞길에서 “우리는 기계가 아니다!”라고 외치며, 만 스물두 살 젊은 육신에 불을 댕긴 전태일. 그는 일기를 썼다. 평화시장 재단사로 일하던 열여덟 살 때부터 겪은 노동 현장의 참상, 그리고 그 참상 배후의 사회 모순을 해결하려 몸부림친 전태일. 그 몸부림을 세상에 전하고자 깨알같이 적은 공책 7권 분량의 ‘전태일 일기’는, 조영래 변호사가 쓴 〈전태일평전〉의 바탕이 되었다.전태일이 떠난 지 50년, 조영래 변호사가 원고를 완성한 지 44년, 『전태일평전』 초판이 나온 지 37년이 지났다. 이 책에 실려 있는, 오늘의 독자는 상상도 하지 못할 평화시장의 비참한 장면들은 그 시대 우리 사회의 자화상이었다. 이제 그 기억을 잊어도 될까? 국민소득 3만 달러의 뒤안길에서 비정규직과 청년실업자, 영세자영업자들이 울고 있다.어제의 전태일이 학교에서 밀려났다면, 오늘의 전태일은 직장에서 밀려나고 있다. 전태일의 시대를 떠올릴 때, 우리는 기성세대로부터 보릿고개는 넘겼지 않느냐는 소리를 흔히 듣는다. 그것으로 지나간 모든 일이 양해될까? 성장은 사회를 구원하지 못했다. 인간은 밥 없이는 살 수 없지만, 그 만고의 진리가 인간더러 밥의 노예가 되라고 가르치지는 않는다. 만 스물두 살 젊은 육신에 불을 댕기며, 전태일이 이루려 했던 것. 그것은 바로 인간의 나라였다. 전태일의 외침에 귀를 기울여야 하는 까닭이다.가독성 높인 편집, 주석과 연표 보강전태일 50주년 기념 개정판은 가독성을 높이는 데 주안점을 두었다. 본문은 2009년의 세 번째 개정판을 따랐으며, 전태일의 일기와 수기를 별색으로 처리했고, 요즘에는 거의 쓰이지 않는 단어(특히 봉제산업에서 쓰이던 일본식 외래어)나 젊은 세대에게 생소한 사건에는 주를 달았다. 아울러 전태일이 걸어간 삶의 맥락을 더 넓게 이해할 수 있도록, 연표에 역사적 배경이 되는 사건과 사후 이소선 어머니와 동료들의 활동과 관련한 사항을 보강했다. 디자인은 오필민 님이 힘을 써주었다.초판이 나온 이래 『전태일평전』은 세 차례 개정이 이루어졌다. 첫 번째 개정판은 1991년 1월 돌베개 출판사에서 나왔다. 초판 발간 당시 원고 유실로 빠진 부분을 되살리고, 검열 때문에 표현을 바꾼 대목을 바로잡았다. 두 번째 개정판은 2001년 9월에 출간됐다. 2009년 4월 세 번째 개정판부터 전태일재단의 전신인 전태일기념사업회가 『전태일평전』을 발간했다. 세월이 흐르면서 한글 표기법이나 띄어쓰기 등이 변했기에, 원본과 저자의 뜻이 더 정확하게 전달되도록 문체를 다듬었다.펼쳐보기","전태일 50주기에 『전태일평전』 개정판을 내며서(序)1부 어린 시절밑바닥에서가출·노동·방황철조망을 넘다청옥 시절꺾인 배움의 꿈서울에서의 패배식모살이 떠난 어머니를 찾아동생을 길바닥에 버리다직업은 있다재회2부 평화시장의 괴로움 속으로‘거리의 천사’에서 평화시장의 노동자로다락방 속의 하루평화시장의 인간조건억울한 생각어린 여공들을 위하여재단사 전태일의 고뇌충격3부 바보회의 조직근로기준법의 발견재단사 친구들바보회의 사상아버지의 죽음과 바보회의 출발노력좌절 속에서4부 전태일 사상막노동판에서 본 것원섭에게 보내는 편지나를 따르라인간의 과제왜 노예가 되어야 하나인간, 최소한의 요구모범업체 설립의 꿈과 죽음의 예감 사이번민결단5부 1970년 11월 13일삼동친목회평화시장 피복제품상 종업원 근로개선 진정서‘평화시장 기사특보’ 나던 날시위불꽃전야내 죽음을 헛되이 말라부록전태일투쟁은 끝나지 않는다 · 1976년이 아픔, 이 진실, 이 사랑 · 1983년태일의 진실이 알려진다니 · 1983년개정판을 내면서 · 1990년가장 인간적인 사람들의 가장 비범한 삶 · 1995년연표펼쳐보기"
2023,15,지리의 힘 2,팀 마샬/김미선 역,"7년 만에 나온 〈지리의 힘〉 제2탄21세기에도 계속되는 지정학적 갈등, 세상은 변했지만 지리는 변하지 않았다“신이시여, 어찌하여 우크라이나에 산맥을 펼쳐두지 않으셨나이까?”전 세계 30개국에서 출간되며 세계적인 베스트셀러가 된 〈지리의 힘〉을 펴낸 저자는 그 책의 첫 페이지를 이렇게 우크라이나 이야기로 시작했었다. 전 세계에서 150만 부 이상 판매되며 지리에 대한 대중적인 관심을 폭발시킨 전작에서 저자는 〈지리라는 렌즈〉를 통해 세계의 흐름과 정치, 경제, 국제정세, 빈부격차 등을 살펴보며 화제를 불러일으켰다.현시대를 〈지리 전쟁의 시대〉라고 명명한 저자는 7년 만에 후속편을 출간하면서 그동안 세상은 정신없이 돌아가면서 엄청난 속도로 변화하고 있지만 정작 지리는 여전히 그 자리에 있다고 말한다. 아직도 미국이 두 개의 대양에 동시에 만만치 않은 해군력을 파견할 수 있는 유일한 나라이고, 히말라야 산맥은 여전히 인도와 중국을 가르고 있고, 러시아 또한 서쪽으로 가는 평지에서 큰 힘을 못 쓰고 있다. 그런데 지정학적 분쟁은 아직도 끝나질 않고 오히려 새로운 갈등마저 끊임없이 고개를 들고 있다. 이제는 지정학적 공룡들뿐만 아니라 새롭게 등장한 열강들은 물론 작은 나라들조차 힘의 밀고 당기기를 반복하면서 자신들만의 지정학적 역할을 꾀하고 있다.따라서 이번 책에서는 제2차 세계대전 이후 미국과 소련을 중심으로 한 양극 체제가 무너지면서 다극화 체제로 전환된 세계에서 광범위한 파급력을 몰고 올 오스트레일리아, 이란, 사우디아라비아, 영국, 그리스, 터키, 사헬, 에티오피아, 스페인, 우주까지, 즉 지구 아래 저 밑에서부터 시작해 우리 머리 위 저 높은 곳 우주까지 10개 지역을 다루고 있다.펼쳐보기","서문: 이념은 스쳐 지나가도 지리는 여전히 그 자리에 있다1장: 오스트레일리아, 지리적 위치와 면적이 강점이자 약점이 된다세계에서 6번째로 큰 나라, 그러나 사람이 살 수 있는 곳은 3분의 1도 안 되는미지의 남쪽 땅을 노린 낯선 이방인들, 그리고 그들에게 자신들의 땅을 빼앗기는 사람들유색 인종은 거부하는 백호주의 정책다문화 국가 현대 오스트레일리아의 탄생풍부한 천연자원, 하지만 부족한 물과 기후변화해상 봉쇄에 속수무책이 되는 나라가장 중요한 동맹국은 영국, 미국, 아니면 중국?중국과의 관계, 관리 자체가 쉽지만은 않은어쨌거나 힘겨운 줄타기를 해야 하는2장: 이란, 전 세계와 기싸움을 벌이며 신의 과업을 수행 중이다적이 침공하기도 힘들지만 국민을 통합시키기도 어려운 지형양날의 검, 호르무즈 해협페르시아 제국에서 시아파 이슬람 국가가 되기까지외부 세력에게는 먹잇감이 되고, 내부에서는 쿠데타와 시위가 만연하고1979년, 호메이니 그리고 이란 혁명8년에 걸친 이란-이라크와의 전쟁종교를 빙자한 억압과 그에 분노한 시민들수니파 국가들에 둘러싸인 시아파 국가미국과의 정략결혼은 계속 이어질까?자국의 혁명가들을 비웃는 국민들왕관에서 터번으로, 터번에서 부츠로신의 과업을 수행하고 있는 나라3장: 사우디아라비아, 한 가문의 성이 나라 이름이 되다8개 나라와 국경을 맞대고 있는 모래의 나라두 세력의 연합, 한쪽은 정치를 다른 한쪽은 종교를무력으로 탄생한 나라석유, 돈 그리고 미국이슬람 극단주의자들, 현대화를 저지시키다알카에다, 사우디 왕국과 결전을 불사하다중동의 패권을 위한 31세 젊은 왕세자의 행보폭정과 개혁을 동시에석유에서 벗어나려는 도박미국, 중국, 이스라엘과의 관계석유시대의 종말, 이 나라의 운명은?4장: 영국, 지리에서 파생된 분리의 정서가 남아 있다지리적 분리가 만든 발전의 차이침략자들의 싸움터가 하나의 왕국으로 통합되기까지스코틀랜드와 잉글랜드 양측을 위한 윈윈 전략해상권을 장악하며 절정으로 치닫는 제국힘의 균형추가 이동하기 시작했다한쪽 발은 미국에, 한쪽 발은 EU에(그러나 깊지는 않게)브렉시트 이후 혼성 전략이 필요해지다그래도 친구는 있다최고의 강국은 아니어도 차상위 강국으로스코틀랜드가 절교를 선언한다면?5장: 그리스, 그 위치 때문에 고대부터 현재까지 열강들의 게임의 대상이 되다신이 바위와 돌을 흩뿌려 만든 나라서구 문명의 탄생지, 페르시아와 로마에 점령되다유럽 안에서도 뒤처지고, 소외되고, 밀려나다발칸 전쟁, 세계대전 그리고 외부 세력의 점령내전, 또 내전난민, 또 다른 갈등과 분쟁의 시작6천 개의 섬과 바다를 위한 엄청난 국방비사이프러스를 두고 벌이는 위험한 게임“터키보다는 우리가 더 믿을 만한 파트너다!”6장: 터키, 목 좋은 곳에 자리 잡았지만 친구는 별로 없다멀리 몽골에서 와 오스만 제국을 세우기까지최전성기를 보내고 유럽의 병자로 몰락하다터키공화국의 탄생, 그러나 영 마음이 편치 않은오스만 제국의 부활을 꿈꾸지만 친구는 없는이웃 나라들과 끊임없이 충돌하다“마비 바탄, 우리는 푸른 바다를 지배할 나라다!”이웃 나라와는 물 전쟁, 국내에서는 쿠르드족과의 전쟁민주주의로 가려다 방향을 바꾸다살벌한 동네 한복판에서 살아가기7장: 사헬, 테러와 폭력의 악순환에 시달리는 갈등의 한복판에 있다사막, 낙타, 교역로 그리고 이슬람산과 강을 따라 국경을 나눴지만 그 산과 강이 어디에 있는지를 모른다국제 테러 단체의 지원을 받는 반군 세력코로나 팬데믹에도 내전은 계속된다강대국의 눈치와 부족 갈등 사이에서가장 가난한 나라의 가장 가난한 지역에서 벌어지고 있는 저항 운동기후변화, 사막화, 폭력의 악순환풍부한 천연자원, 테러리스트들의 돈줄중국, 사헬에 견고한 대국을 건설하다발을 빼고 싶은 미국, 발을 넣을 기회만 기다리는 중국과 러시아8장: 에티오피아, 그래도 지리는 에티오피아 편이다물은 힘을 주고 협곡과 폭포는 발전을 가로막고식민 지배를 받은 적 없는 이질적인 공동체들의 나라현대 에티오피아의 탄생, 독보적인 세력으로 떠오르다쿠데타, 공포정치, 전쟁! 그래도 변화의 바람은 분다아직도 끝나지 않은 피를 부르는 종족 간 분쟁학습된 중립성을 유지하며 강대국의 눈치를 보는에티오피아에게는 권력을, 이집트에게는 불안을9장: 스페인, 지리의 방해가 아직도 끝나지 않았다부의 창출도, 교역도, 정치적 통합도 방해한 지리이베리아 반도를 장악한 무슬림, 그들을 다시 물리친 그리스도교 세력유대인과 무슬림에 대한 탄압유럽 최강국에서 종이호랑이로 전락내부 분열과 갈등이 성장의 발목을 잡다프랑코, 내전과 공포와 굶주림을 불러오다사방에서 따돌림받는 홀로 남은 파시즘의 나라새 국왕의 등장중앙 정부와 지방 정부의 극심한 대립카탈루냐 독립을 바라보는 EU의 딜레마넓디넓은 해상의 방어를 위해10장: 우주, 또 다른 아프가니스탄이나 이라크가 될 수도 있다미국과 소련의 달 탐사 경쟁환상적인 전망을 자랑하는 우주의 집, 국제 우주 정거장 건설“6백만 달러가 하늘에서 떨어지고 있습니다.”점점 힘을 잃어가는 우주조약과 달조약저궤도, 우주전쟁의 출발점우주 공간의 군사화각국의 인공위성을 파괴하는 킬러 위성까지 개발미래의 우주는 어떤 모습일까우주는 특정 국가의 소유물이 아니다감사의 말참고문헌펼쳐보기"
2022,1,그리움은 아무에게나 생기지 않습니다,박근혜,"서울 구치소에서의 생활이 어느덧 4년 9개월로 접어들고 있습니다.돌아보면, 대통령으로서의 저의 시간은 언제나 긴장의 연속이었습니다. 오늘은 언제, 어디에서, 누구를 만나고, 어떤 주제로 이야기를 해야 하는지, 늘 시간을 쪼개서 일을 하면서 참으로 숨 가쁘게 지냈습니다. 국민에게 조금이라도 나은 삶을 드리기 위해 시간이 어떻게 흘러가는 지도 모르게 노력했습니다.하지만, 믿었던 주변 인물의 일탈로 인해 혼신의 힘을 다했던 모든 일들이 적폐로 낙인찍히고, 묵묵히 자신의 직분을 충실하게 이행했던 공직자들이 고초를 겪는 모습을 지켜보는 것은 참을 수 없는 고통이었습니다. 무엇보다도, 정치를 처음 시작할 때부터 함께 했던 이들이 모든 짐을 제게 지우는 것을 보면서, 삶의 무상함도 느꼈습니다.그러나, 누구를 탓하거나 비난하고 원망하는 마음도 버렸고, 모든 멍에는 제가 짊어져야 한다고 생각합니다.많은 실망을 드렸음에도, 따뜻한 사랑이 담겨있는 편지를 보내주시는 국민 여러분이 있어 지금까지 견뎌낼 수 있었습니다.-박근혜 대통령 서문 中펼쳐보기",1. 서문2. 엮은이의 글3. 편지4. 부록5. 발행인의 글6. 편집인의 글펼쳐보기
2022,2,가불 선진국,조국,한국은 전 세계가 놀랄 정도로 가파른 성장을 거듭해오며 선진국 반열에 들어섰다. 그러나 선진국 대한민국의 환호 뒤에는 수많은 사회적·경제적 약자의 희생이 놓여 있다. 문재인 정부의 공직자로 활동한 저자는 ‘사회권 보장’을 통해 그동안 소외돼온 약자층에 진 ‘빚’을 갚아야 한다고 주장한다. 그래야만 선진국 반열에 오르기 위해 ‘가불’했던 ‘빚’을 갚고 지속 가능한 선진국이 될 수 있다.펼쳐보기,"펴내며머리말 ‘국뽕’이 차오른다?1장 문재인 정부의 성과1. 제고된 민주주의와 탄탄한 경제2. 민생과 복지 개선2장 미완의 재조산하1. 집값 폭등2. 소득 및 자산 격차의 심화3. 지역 불균형4. 계속되는 산업재해와 ‘위험의 외주화’3장 주택 및 지대 개혁1. 모두가 집 걱정 없는 나라2. 지대 개혁에 답이 있다4장 지방 분권과 지역 균형1. 4대 ‘메가 시티’ 구축 - 대한민국 ‘게임 체인저’2. 지방대학의 혁신과 육성 - ‘미국 캘리포니아 주립대학 모델’의 도입3. 사법기관을 지방으로4. 행정수도로서의 세종시5장 노동 인권과 민생 복지 강화1. ‘동일노동·동일임금’ 원칙과 ‘사회연대임금제’2. 노동시간 단축 - 주 4.5일 노동제를 도입할 시간이다3. 플랫폼 종사자를 보호해야 한다 - ‘플랫폼 종사자 보호 4법’과 ‘안전 배달료’4. 산업재해 예방 - ‘위험작업 거부권’과 ‘작업중지권’의 확대5. 기본소득, ‘기본 자산’ 그리고 ‘신복지’의 결합6장 경제민주화1. 프랜차이즈 본사와 온라인 플랫폼 기업의 ‘갑질’ 근절2. 대기업 대상 중소기업협동조합의 ‘교섭권’ 허용3. 대기업과 중소기업 간의 ‘협력이익공유’7장 차별을 넘어 공존으로1. ‘82년생 김지영’ 현상은 여전하다2. 동성애 시민에게도 권리를3. 이주 노동자는 ‘노비’가 아니다4. 수많은 강새벽이 ‘불가촉천민’ 대우를 받고 있다맺음말 ‘사회권’ 강화를 통한 ‘반성적 평형’주펼쳐보기"
2022,3,윤석열 X파일,열린공감TV,"대선후보자 윤석열에 대한 열린공감TV의 집요한 검증! 공정과 상식을 외치는 윤석열의 본.부.장 리스크를 파헤친다!쥴리는 허상인가? 실존인가? 열린공감TV의 집요한 추적이 책은 20대 대통령에 출마한 윤석열 후보자를 집중적으로 검증하는 책이다. 윤석열 ‘본’인, ‘부’인 김건희, ‘장’모 최은순까지 이른바 ‘본부장 리스크’를 다룬 책인데 주로 그들 가족의 현재의 모습이 만들어지기까지 비리의혹과 도덕적 일탈에 대한 내용으로 구성되어 있다.이 책을 집필하고 출간한 열린공감TV는 유튜브 플랫폼 기반의 탐사전문 매체로 20대 대선 정국에서 매우 의미있는 보도를 많이 하고 있다. 특히 윤석열 후보와 그의 가족들에 대한 집중적인 탐사 보도로 시민들과 독자들의 뜨거운 호응을 얻고 있다.윤석열, 그는 대한민국 제20대 대통령에 도전하는 강력한 야권 주자이다. 그가 이 나라의 대통령이 되면 어떤 일들이 벌어질지 열린공감TV에서는 취재와 보도를 하면서 충분히 상상이 되기 시작했다.이명박, 박근혜 정부를 뛰어넘는 완벽한 검찰공화국이 될 것이며 자본권력, 언론권력, 정치권력 등 기득권들과 동맹 카르텔을 형성하여 서로를 보호하고 감싸 주며 자신들에게 걸림돌이 되는 사람들을 단죄하는 불공정의 화신이 될 것이라는 판단이 들기 시작했다. 현재 윤석열 후보자를 둘러싸고 있는 국민의힘 선대위의 면면을 살펴보면 대다수가 검사 출신이다.그래서 〈열린공감TV〉는 《윤석열 X파일》이란 제목으로 그동안 취재해 온 노트를 정리했다. 원래는 ‘윤짜장?溝?’이라는 프로그램의 방송용 대본으로 사용했던 취재의 조각들이었다. 목차를 만들고 연도별 사건 중심으로 제목과 내용을 담아 하나씩 정리해서 나온 것이 이 책이다.2021년 6월 한달 동안 주요 뉴스를 장식했던 ‘윤석열 X파일’이라는 정체불명의 괴문서와 이 책은 관련이 없다. 그런데 이 책이 나오게 된 계기는 당시의 엑스파일과 관련은 있다고 할 수 있다. 당시 언론들은 ‘윤석열 X파일’을 제작 및 배포한 곳이 열린공감TV라고 지목했고 심지어 이재명 캠프로부터 “지원을 받는다”는 루머도 생산했기 때문이다.불필요한 오해를 받게 된 김에 진정한 윤석열 후보자의 검증을 위한 《윤석열 X파일》을 출간하게 되었다는 것이 이 책이 나오게 된 배경이라고 할 수 있겠다. 이 책에는 윤석열 후보자와 그의 가족들의 비리 의혹들이 열린공감TV에서 오랜 시간 취재해 온 정확한 사실관계에 의해 정리가 되어 있고 이는 정치인 윤석열을 평가하는 데 충분하게 도움이 될 것이다.펼쳐보기",1장 윤석열의 성장기-	출생 및 초중고 시절-	대학시절-	고시생 시절2장 본인 윤석열-	군대 면제 사유와 가짜 서울법대생 김찬경과의 인연-	삼부토건 유니버스-	‘진짜 검찰’로 각성하게 된 계기-	삼성 비자금 수사팀-	신정아 게이트-	논산 백제병원 리베이트 사건-	정치검사의 길-	운명의 여인과의 만남-	윤서방파-	윤석열의 법과 정의-	덮어버려 (1)-	무능한 건지 무능하려 한 건지-	언론사 사주들과의 부적절한 만남-	화천대유와 윤석열-	덮어버려 (2)-	조국을 잡아라-	제 식구 감싸기-	검찰 쿠데타-	정치검찰의 검찰정치 선언-	[여담] 검찰정치? 무속정치?3장 부인 김건희-	리플리-	유부남 검사-	그녀의 이력-	그녀의 전시-	그녀의 남자들-	운명의 남자-	그녀와 권력자들-	이 여자가 사는 법 (1)-	이 여자가 사는 법 (2)-	그녀의 변신-	남겨진 이야기들4장 장모 최은순-	장모님의 소문과 사실-	장모님의 부동산-	장모님의 인맥-	장모님의 방식-	장모님의 진화-	장모님의 황제 보석펼쳐보기
2022,4,계속 가보겠습니다,임은정,"“함께 꾸는 꿈의 힘을, 결국 함께 나아가는역사의 힘찬 발걸음을 저는 굳게 믿습니다”검사 임은정,검찰 치부를 세상에 드러내고병든 검찰의 오늘을 기록하다《계속 가보겠습니다》의 저자인 임은정은 2007년 ‘공판 업무 유공’을 인정받아 검찰총장상을 받았고, 2012년에는 법무부가 선정하는 ‘우수 여성 검사’가 되어 서울중앙지검 공판부에 배치되는 등 검찰 내 엘리트 코스를 밟던 검사였다. 한때 ‘도가니 검사’로도 불리며 검찰 조직에서 승승장구하던 검사 임은정, 이제는 끊임없이 검사 적격 심사의 대상자에 오르는 검찰 조직의 ‘미운 오리 새끼’가 되었다. 검찰 내 각종 부조리를 폭로하고, 과거사 재심 사건에서 ‘백지 구형’이 아닌 ‘무죄 구형’을 강행하면서 골칫거리 문제 검사가 됐기 때문이다.이 책은 내부 고발 검사 임은정의 첫 번째 단독 저서다. 내부자의 시선으로 검찰의 치부를 세상에 드러내 온 10년의 기록과 다짐이 담겨 있다. 저자는 검찰이 잘못의 무게를 다는 저울이라고 강조한다. 그러나 현재의 검찰은 자정능력을 상실해 고장 난 저울이 되었다고 말한다. 검찰 조직의 부끄러움을 알고, 검사의 양심을 지키고자 분투한 저자는 검찰이 바른길로 향하도록 하는 길을 열기 위해 온몸으로 부딪치고 있다. 이 책을 통해 독자들은 검찰 조직의 어두운 면과 이를 걷어내고자 하는 저자의 각오와 용기, 그리고 그 과정에서 내부 고발자의 힘겨움과 아픔을 느낄 수 있다.펼쳐보기",임은정 검사 활동 일지주요 사건 소개프롤로그 : 함께 꾸는 꿈의 힘을 믿습니다1부 난중일기(亂中日記)광주 인화원 도가니 2011. 9. 30.카산드라와 아틀라스 2012. 4. 9.공판검사의 다짐 2012. 6. 11.민청학련 관련 사건 공판 소회 2012. 9. 6.논고문에 대한 생각 2012. 9 .22.뜻밖의 위로 2012. 12. 1.징계 청원 2012. 12. 28.징계 소감 2013. 2. 14.징계 취소소송 경과 1 2014. 3. 5.징계 취소소송 경과 2 2014. 11. 6.징계 취소소송 경과 3 2017. 11. 1.검사가 무엇인지를 다시 묻습니다 2017. 11. 16.비정상의 정상화를 위한 제언 - 단성소를 그리며 2014. 8. 1.사표 수리에 대한 해명을 요청합니다 2014. 8. 20.복귀 인사 2016. 1. 30.‘과거 인권 침해 사건에 대해 검사 직권 재심 청구’ 보도를 접하며 2017. 9. 17.검찰개혁을 위한 고언 - 진상조사단 출범을 바라보며 2018. 2. 5.검찰 애사 2020. 10. 30.과거사 재심 사건 대응 매뉴얼 소개 2022. 4. 7.2부 나는 고발한다(J’Accuse)아이 캔 스피크 1 2019. 1. 14.나는 고발한다 2019. 2. 18.거짓말도 보여요 2019. 3. 18.용서받지 못한 자들 2019. 4. 15.참회록 2019. 5. 13.검찰 애가 2019. 6. 10.차기 검찰총장에게 바란다 2019. 7. 1.우리를 믿지 마세요 2019. 9. 30.블랙리스트 - 영혼의 살생부 2019. 10. 28.아이 캔 스피크 2 2020. 1. 6.언론에 묻다 2020. 3. 9.공정한 저울을 꿈꾸며 2020. 8. 24.길모퉁이에서 2020. 9. 21.에필로그 : 나의 길은 아직 끝나지 않았습니다추천사 : 이 사람을 보라펼쳐보기
2022,5,"굿바이, 이재명",장영하,"대한민국을 바꿔 놓을새로운 챕터의 시작마스크에 표정을 감춘 이재명의 그 실체를 벗긴 책!강자의 변명은 대부분 거짓이고약자의 항변은 대부분 진실이다사람이 갖는 집착은 참 무섭다. 누군가를 향해 일단 의심을 품게 되면 처음에는 ‘절대 아니지’라는 생각을 하다가  ‘그럴 리가 없지’로 살짝 마음을 튼다. 그러다가 ‘혹시 그럴 수도……’하는 샛길로 빠지는가 싶다 하면 어느 새 ‘아니, 분명히 그래. 분명히 그럴 걸!’로 확신 쪽에 무게를 둔다. 아니, 아예 그쪽으로 몰아붙여 버린다.대선 후보 이재명의 형 이재선 회계사를 향한 사람들의 마음 쏠림이 그러했다.“세상 모든 존경보다 값진 것은 아들ㆍ딸에게 존경받는 아버지가 되는 것”이라고 했던 소박한 꿈을 가졌던 가장을 향해 권력자 이재명의 지속적인 ‘거짓말’은 순식간에 눈덩이처럼 커지면서 사람들을 집착하게 했다. 주문을 걸 듯 ‘아니지, 그럴 리가, 혹시? 아니 분명히!’라고 하며 어느 순간 스스로를 집착에 사로잡히게 했을 터였다.그렇게 권력이 휘두른 거듭된 거짓말은 단순치가 않았다. 거짓말에 의한 한 사람의 억울함은 그 개인의 삶만 왜곡하고 매장시키는 것으로 끝나지 않았기 때문이다. 그 시대를 함께하는 또 다른 가까운 사람들과 가족들도 왜곡되고 매장당한 일이 다반사였다. 권력이 휘두른 한 개인에 대한 삶의 왜곡과 매장시킴은 실로 참혹하고 끔찍했다. 조리돌림과 멍석말이에서 끝나지 않았다. 권력 앞에 줄을 선 군중들의 집착 심리를 이용해 타깃이 된 개인을 극한의 코너로 몰아붙였다. 그리고 끝내 한 사람의 억울한 죽음을 불러왔다. 권력자와 그 앞에 줄을 선 이들은 그렇게 공범자가 되었다.거울 속에 비친 모습을 보라그것이 진실이다!사건의 시작은 회계사였던 이재선이 성남시에 민원 글을 올리면서부터였다. 온갖 협박을 받았다. 협박에서 그친 것이 아닌, 정신병원에 강제 입원시키려는 음모가 진행되었다. 패륜아로 몰렸고 정신병자로 몰렸다. 이재선을 정신병원에 강제 입원시키려는 일들은 일사천리로 진행됐다. 마치 잘 짜인 각본에 의한 것처럼. 그 거대한 권력에 맞서 한 개인이 할 수 있는 일이라곤 사실을 알리는 일뿐이었다. 그렇지만 일단 꽂힌 것은 무조건 끝을 보는 권력자의 옥죔은 더더욱 거셌다. 이재선이 사실을 알리면 알릴수록 안 좋은 방향으로 휘둘렸다. 급기야 40여 일간 정신병원 신세를 지면서 이 지난한 싸움은 죽음이란 막다른 골목을 마주하게 된다. 그 과정에서 사건의 진실은 거짓으로 점철된다. 그리고 그 거짓의 중심에 여권 대선 후보 그가 서 있다.이 책은 진실을 감추기 위해 거짓말에 거짓말을 보태 복잡하게 배배 꼬아 놓은 것을 간단하게 만들 진실을 찾아서 그 위에 정의를 세우기 위한 기록이다. 다만 한 사람의 억울함과 그 개인의 삶이 왜곡되고 매장된 이야기를 하려는 것이 아니다. 개인의 삶이 결코 한 개인의 삶으로 끝나지 않고 사회에 미치는 영향과 그 영향으로 사회가 어떻게 뒤엉켰는지를 알려 주며, 뒤엉킨 것을 풀어내고자 했다.그러한 의미로 배우 김부선의 변호사로 유명한 판사 출신의 장영하 변호사는 이 책『굿바이, 이재명』을 쓰기 시작했다. 단테의 신곡처럼 화려한 꽃밭 어느 틈새로 지옥으로 가는 문이 열려 있을지 아무로 모르는 것이 우리네 인생사다. 그런 점에서 이 책은 현실을 가장 리얼하게 그려냈다고 할 수 있다. 어떤 마음을 갖고 살아야 하는지를 깨닫게 한다. 그 마음가짐에 따라 얼굴에 그려지는 나이테가 저마다 다르기 때문이다. 거울 속의 내 얼굴엔 어떤 나이테가 그려져 있는지 들여다보라. 그것이 진실이다!펼쳐보기","마음의 글 ㆍ 010시작하는 글 ㆍ 013프롤로그: 악마를 보았다 ㆍ 0201장 이재명의 성남공화국인연인가 악연인가 ㆍ 033타인의 입장, 타인의 고통은 아랑곳하지 않아 ㆍ 035배배 꼬이고 뒤틀린 ㆍ 038성남시장 후보 사퇴 회유 사건 ㆍ 0402장 이렇게 시작되었다시작된 쇼, 성남시의 모라토리엄 ㆍ 049“왜 성남시장이 되었는지요?” ㆍ 052본색을 드러내다 ㆍ 055“형님이 내 앞길을 망칩니까?” ㆍ 059사라진 민원 글 ㆍ 0703장 범죄, 그날의 재구성누구나 갖고 있는 가족사 ㆍ 077선택적 발휘되는 공정성, 백아연 사건 ㆍ 081“그 아가리를 닫게 해 주지” ㆍ 0844장 2012년 5월 28일의 진실어머니께 도움 요청하는 이재선 ㆍ 095발악하다 ㆍ 104어느 기자의 제보 ㆍ 1065장 누가 더 센가성남시장이냐 회계사냐 ㆍ 115올가미 ㆍ 119문자 살인 1 ㆍ 1246장 비겁한 보복권력을 이용한 보복 ㆍ 135경찰에 연행되다 ㆍ 138어디 약식명령을 받을 일인가 ㆍ 140리모컨으로 조종당하는 사람들 ㆍ 141문자 살인 2 ㆍ 1477장 브레이크가 없다100미터 접근금지 명령이라니 ㆍ 159또 다른 국면 ㆍ 161하나씩 오지 않는 불행 ㆍ 166기어이 정신병원으로 내몰다 ㆍ 171퇴원 후 남겨진 것들 ㆍ 173“종편 TV조선은 민주사회의 독극물” ㆍ 1748장 끝나지 않은 시련제자리 찾기 ㆍ 181폐암 4기 진단 ㆍ 1892017년 11월 2일의 이별 ㆍ 191날벼락 같이 덮친 ㆍ 1959장 모래시계남겨진 사람들 ㆍ 203이재명, 스톱 ㆍ 205특정범죄가중처벌법위반(뇌물)죄 ㆍ 206그럼에도 경기도지사에 ㆍ 209짜고 친 고스톱(?) ㆍ 211소시오패스 성향의 그를 다시 또 ㆍ 214긴급히 수사하라 ㆍ 217에필로그: 가장 중요한 것은 진실 ㆍ 219부록 이재선의 정신병원 강제 입원 발단과 전개 ㆍ 230펼쳐보기"
2022,6,공정하다는 착각,마이클 샌델/함규진 역,"마이클 샌델, 10여 년 만에 던지는 충격적 화두!“지금 서 있는 그 자리, 정말 당신의 능력 때문인가?”마이클 샌델 10여 년 만의 신간, 《공정하다는 착각》 출간!샌델, 기울어진 사회구조 이면에 도사린 ‘능력주의의 덫’을 해체하다또 다시 ‘공정’이 화두다. 언론 미디어를 통해, 부유층과 빈곤층, 청년과 장년, 정치인의 입을 통해 끊임없이 쏟아져 나온다. 기업은 정규직ㆍ비정규직 논란에서 비롯된 ‘공정 채용’ 문제로 혼란에 빠져 있고, 정치권에선 ‘공정경제3법’과 ‘재난지원금’ 등에 대한 각기 다른 해석으로 떠들썩하다. 대통령은 “하나의 공정이 또 다른 불공정을 부르는 상황”을 언급하며 어려움을 토로하기도 했다.이렇듯 ‘공정’이라는 하나의 화두를 두고 각계각층이 충돌하고 있는 상황에서, 마이클 샌델 하버드대 교수가 《돈으로 살 수 없는 것들》 이후 8년 만에 쓴 신간 《공정하다는 착각》이 출간되었다. 이 책은 《The Tyranny of Merit: What’s Become of the Common Good?》란 원제로 미국 현지에서 2020년 9월에 출간되어 뜨거운 반응을 얻고 있다. 직역하면 ‘능력주의의 폭정: 과연 무엇이 공동선을 만드나?’다. 샌델은 이 책을 통해 “우리가 ‘노력하면 성공할 수 있다’고 너무나도 당연히 생각해왔던, 개인의 능력을 우선시하고 보상해주는 능력주의 이상이 근본적으로 크게 잘못되어 있다”고 주장한다. 이러한 능력주의가 제대로 공정하게 작동하고 있는지, ‘공정함=정의’란 공식은 정말 맞는 건지 진지하게 되짚어본다.펼쳐보기","서론: 대학 입시와 능력주의입시의 윤리 | 능력 지표 따내기CHAPTER 1. 승자와 패자포퓰리즘적 불만에 대한 진단 | ‘테크노크라시’와 시장 친화적 세계화 | 빈부격차를 그럴싸하게 설명하는 법 | 능력주의 윤리 | 굴욕의 정치 | 기술관료적 능력과 조직적 판단 | 포퓰리즘의 준동CHAPTER 2. “선량하니까 위대하다” 능력주의 도덕의 짧은 역사왜 능력이 중요한가 | 우주적 능력주의 | 구원과 자기 구제 | 과거와 지금의 섭리론 | 부와 건강 | 자유주의적 섭리론 | 역사의 옳은 편 | 도덕 세계의 궤적CHAPTER 3. 사회적 상승을 어떻게 말로 포장하는가고된 노력과 정당한 자격 | 시장과 능력 | 자기 책임의 담론 | 재능과 노력이 허용하는 한도까지 | 마땅히 받을 것을 받는다 | 포퓰리즘의 반격 | 과연 “하면 된다”가 맞나? | 보는 것과 믿는 것CHAPTER 4. 최후의 면책적 편견, 학력주의무기가 된 대학 간판 | 불평등의 해답은 교육? | 최고의 인재들 | 스마트해지기 위한 일 | 대중을 내려다보는 엘리트 | 학위가 있어야 통치도 한다 | 학력 간 균열 | 기술관료적 담론 | 테크노크라시냐 데모크라시냐 | 기후변화 논란CHAPTER 5. 성공의 윤리기술관료의 지배냐 귀족의 지배냐 | 능력주의의 어두운 면 | 능력주의를 다시 생각한다 | 완벽한 능력주의는 정의로운가? | 재능은 자신만의 것인가? | 노력이 가치를 창출하는가? | 능력주의의 두 가지 대안 | 능력주의에 대한 거부 | 시장과 능력 | 시장 가치냐 도덕적 가치냐 | 쟁취한 자격인가, 권리가 인정된 자격인가? | 성공에 대한 태도 | 운수와 선택 | 재능 계산하기 | 능력주의의 등장CHAPTER 6. ‘인재 선별기’로서의 대학능력주의 쿠데타 | 능력주의의 폭정, 그 모습을 서서히 드러내다 | 코넌트의 능력주의 유산 | 돈 따라 가는 SAT 점수 | 불평등의 토대를 더욱 다지는 능력주의 | 명문대가 사회적 이동성의 엔진이 되지 못하는 이유 | 능력주의를 더 공평하게 만들기 | 인재 선별 작업과 사회적 명망 배분 | 상처 입은 승리자들 | 또 하나의 불타는 고리를 넘어라 | 오만과 굴욕 | 유능력자 제비뽑기 | 인재 선별기 부숴버리기 | 명망의 위계질서 | 능력에 따른 오만 혼내주기CHAPTER 7. 일의 존엄성일의 존엄성 하락 | 절망 끝의 죽음 | 분노의 원인 | 일의 존엄성 되살리기 | 사회적 인정으로서의 일 | 기여적 정의 | 일의 존엄에 대해 논쟁하자 | ‘열린 어젠다’의 오만 | 금융, 투기 그리고 공동선 | 만드는 자와 가져가는 자결론: 능력, 그리고 공동선펼쳐보기"
2022,7,아무도 흔들 수 없는 나라,"문재인, 대통령비서실","대통령 비서실이 직접 엮은 문재인 대통령의 말과 글나라다운 나라, 아무도 흔들 수 없는 나라를 향한 5년의 기록“국민과 함께 새로운 100년을 열었습니다”“대통령의 말과 글은 그 자신의 것이면서 동시에 같은 시대를 살아가는 무수한 사람들의 말과 글입니다. 현재의 기록이자 미래의 이정표이며 오직 국민들의 것입니다.”(12~13쪽) 문재인 정부 5년의 국정철학과 행보가 담긴 연설문집 《아무도 흔들 수 없는 나라》가 출간되었다. 대통령 비서실이 직접 보훈, 순방외교, 미래비전을 주제로 연설을 고르고 골라 한 권으로 엮었다.연설문을 통해 아무도 흔들 수 없는 나라, 국민이 주인이 되는 민주공화국 대한민국을 실현하기 위한 국정운영의 중점 방향과 정책 실천을 볼 수 있다. ‘사람 중심’을 강조하는 문재인 대통령의 리더십과 지난 5년의 대한민국 변화상을 생생하게 살펴볼 수 있을 것이다.펼쳐보기","문재인 대통령의 말과 글을 엮으며1부 기억하고 기리겠습니다광주가 내민 손은 가장 질기고 강한 희망이 될 것입니다 | 제37주년 5·18민주화운동 기념식새로운 대한민국은 여기서 출발합니다 | 제62회 현충일 추념식참전 용사 여러분 한 분 한 분이 대한민국의 역사입니다 | 6·25 한국전쟁 제67주년 국군 및 유엔군 참전유공자 위로연죽음의 바다를 건넌 자유와 인권의 항해 | 장진호전투 기념비 헌화독립운동가들을 잊힌 영웅으로 남겨 두지 않겠습니다 | 제72주년 광복절 경축식지난겨울 우리는 100년의 시간을 뛰어넘었습니다 | 제99주년 3·1절 기념식국민의 마음을 모으고 강한 국가를 만드는 주춧돌 | 국가유공자 및 보훈 가족 초청 오찬결코 국민을 외롭게 두지 않겠습니다 | 제63회 현충일 추념식새로운 100년의 역사를 향해 | 3·1운동 및 대한민국임시정부 수립 100주년 기념사업추진위원회 출범식모든 희생을 끝까지 찾아내겠습니다 | 독립유공자 및 유족 초청 오찬여성 독립운동가 202분을 찾아 광복의 역사에 이름을 올립니다 | 제73주년 광복절 및 정부수립 70주년 경축식과거를 성찰할 때 미래를 향해 갈 수 있습니다 | 제100주년 3·1절 기념식비극의 5월을 희망의 5월로 | 제39주년 5·18민주화운동 기념식애국 앞에 보수와 진보는 없습니다 | 제64회 현충일 추념식전쟁 없는 평화로운 한반도 | 국군 및 유엔군 참전유공자 초청 오찬아무도 흔들 수 없는 나라 | 제74주년 광복절 경축식튼튼하고 커다란 나무에는 온갖 생명이 깃듭니다 | 제5회 서해수호의 날 기념식산에서 떨어지는 물방울이 바위를 뚫습니다 | 제101주년 대한민국임시정부 수립 기념식무엇과도 바꿀 수 없는 조국 | 제65회 현충일 추념식우리는 이 오래된 전쟁을 끝내야 합니다 | 6·25 한국전쟁 제70주년 기념식단 한 사람의 국민도 포기하지 않을 것입니다 | 제75주년 광복절 경축식서해 영웅들의 희생에 보답하는 길 | 제6회 서해수호의 날 기념식새로운 꿈을 꾸었습니다 | 제76주년 광복절 경축식홍범도 장군님, 잘 돌아오셨습니다. 부디 편히 쉬십시오 | 홍범도 장군 유해 안장식 추모사이제 누구도 대한민국을 흔들 수 없습니다 | 제103주년 3·1절 기념식ㆍ 마침내 고국의 품에 안긴 영웅의 귀환2부 우리는 거대한 물줄기를 바꾸고 있습니다앵커리지를 떠나며 | 2018년 5월 23일인도를 떠나며 | 2018년 7월 11일싱가포르 국민들께 감사드립니다 | 2018년 7월 13일파리를 떠나며 | 2018년 10월 16일로마를 떠나며 | 2018년 10월 18일아세안 회의를 마치고 | 2018년 11월 16일G20 정상회의를 마치고 | 2018년 12월 1일오클랜드를 떠나며 | 2018년 12월 4일브루나이를 떠나며 | 2019년 3월 12일말레이시아를 떠나며 | 2019년 3월 14일캄보디아를 떠나며 | 2019년 3월 16일한미 정상회담을 잘 마쳤습니다 | 2019년 4월 11일투르크메니스탄을 떠나며 | 2019년 4월 18일우즈베키스탄을 떠나며 | 2019년 4월 21일카자흐스탄을 떠나며 | 2019년 4월 23일핀란드를 떠나며 | 2019년 6월 11일노르웨이를 떠나며 | 2019년 6월 13일스웨덴을 떠나며 | 2019년 6월 16일오사카를 떠나며 | 2019년 6월 29일태국을 떠나며 | 2019년 9월 3일미얀마를 떠나며 | 2019년 9월 5일라오스를 떠나며 | 2019년 9월 6일뉴욕을 떠나며 | 2019년 9월 25일태국을 떠나며 | 2019년 11월 5일청두를 떠나며 | 2019년 12월 24일최고의 순방이었고, 최고의 회담이었습니다 | 2021년 5월 23일콘월, G7 정상회의를 마치고 | 2021년 6월 13일비엔나를 떠나며 | 2021년 6월 15일바르셀로나를 떠나며 | 2021년 6월 17일하와이를 떠나며 | 2021년 9월 23일로마를 떠나며 | 2021년 10월 31일글래스고를 떠나며 | 2021년 11월 2일부다페스트를 떠나며 | 2021년 11월 5일호주를 떠나며 | 2021년 12월 15일UAE를 떠나며 | 2022년 1월 18일사우디를 떠나며 | 2022년 1월 19일이집트를 떠나며 | 2022년 1월 21일ㆍ V4 정상회담장에서 5분 브레이크타임 사이연설 원고를 마지막까지 직접 손질하다3부 우리는 대한민국 100년의 미래를 열었습니다첫 번째 미래, 한국판 뉴딜대한민국의 새로운 미래｜제5차 비상경제회의선도국가로 도약하는 ‘대한민국 대전환’ 선언｜한국판 뉴딜 국민보고대회미래는 준비하는 자의 몫입니다｜제1차 한국판 뉴딜 전략회의대한민국을 지역에서부터 역동적으로 변화시키겠습니다｜제2차 한국판 뉴딜 전략회의또 하나의 새로운 축 ‘휴먼 뉴딜’｜한국판 뉴딜 2.0 연설두 번째 미래, 탄소중립대한민국의 세 가지 약속｜기후행동 정상회의탄소중립을 신성장 동력과 새로운 일자리 창출의 기회로｜제55회 국무회의오늘의 우리가 어떻게 하느냐에 따라 내일을 바꿀 수 있습니다｜대한민국 탄소중립 선언자연의 회복 없이 삶의 회복도 불가능합니다｜P4G 서울 녹색미래 정상회의아무도 가 보지 않은 길｜2050 탄소중립위원회 제2차 전체회의세 번째 미래, 포용국가아픈 국민의 손을 정부가 꼭 잡아 드리겠습니다｜건강보험 보장 강화 정책 발표혁신 성장도, 포용국가도 사람이 중심입니다｜포용국가 사회 정책 대국민보고위기를 넘어 완전한 정상화로｜2022년도 경제 정책 방향 보고ㆍ G7 정상회의 사진 한 장의 의미ㆍ 대통령의 자필 연설문 원고펼쳐보기"
2022,8,지리의 힘,팀 마샬/김미선 역,"세계는 왜 ‘지리’를 두고 분쟁하는가?지리라는 렌즈를 통해 세계를 조망한 책 『지리의 힘』. 25년 이상 30개 이상의 분쟁 지역을 직접 현장에서 취재하며 국제 문제 전문 저널리스트로 활동해온 저자가 중국, 미국, 서유럽, 러시아, 한국과 일본, 아프리카, 라틴 아메리카, 중동, 인도와 파키스탄, 북극 등 전 세계를 10개의 지역으로 나눠 ‘지리의 힘’이 21세기 현대사에 미치는 영향을 집중적으로 파헤친 책이다.이 책은 특히 ‘한국’편에서 한국의 위치와 한반도의 지리적 특성 때문에 한국이 강대국들의 경유지 역할을 할 수밖에 없음을 지적하고 ‘중국’은 왜 영유권 분쟁을 일으키면서까지 바다에 집착하는지, ‘미국’은 어째서 초대강국이 될 수밖에 없었는지, 왜 세계는 남극이 아닌 북극으로 향하고 있는지 등에 대한 해답을 담고 있다. 또한 최근 이슈로 떠오르고 있는 미국과 중국 간의 신패권주의 경쟁, 알카에다와는 달리 영토를 장악해가는 IS 등을 놓치지 않고 함께 다루고 있다.펼쳐보기","서문: 우리 삶의 모든 것은 지리에서 시작되었다!1장: 중국, 4천 년 만에 대륙의 나라에서 해양 강국을 꿈꾸다한족의 탄생에서 군사대국을 꿈꾸기까지지리의 보호만큼은 확실하게 받는 나라중국은 왜, 티베트에 목숨 거는가중국이 절대 포기할 수 없는 전략적 땅, 신장땅의 나라에서 해양 강국으로!남중국해, 뜨거운 분쟁의 현장“미국이여, 대만은 우리와 지리적으로 더 가깝다!”수많은 영유권 분쟁, 결코 대양 강국을 포기하지 않을 것이다2장: 미국, 지리적 축복과 전략적 영토 구입으로 세계 최강국이 되다흔치 않은 지리적 위치를 확보한 나라신의 한 수, 루이지애나 구입멕시코와의 영토 분쟁, 역사는 미국의 손을 들어주었다그 어떤 위협도 없던 시대, 괌과 카리브 해까지 진출하다막강한 해군력을 내세운 미국의 패권시대유럽과 러시아는 과연 미국의 위협이 될 만한가?중국, 중국, 중국! 그리고 동아시아 태평양 지대에너지마저 자급자족하게 된 미국, 그들은 중동 국가들과 어떻게 관계를 유지할까미국이 쇠락할 거라는 예측의 유행3장: 서유럽, 이념적 분열과 지리적 분열이 함께 감지되다지리의 축복을 받은 서유럽 vs. 지리의 차별을 받은 남유럽그리스 위기, 유럽의 이념적 분열과 지리적 분열로동쪽에서 일어나는 균열과 긴장의 조짐프랑스는 독일을 두려워하고, 독일은 프랑스를 두려워한다유럽연합 안에서 감지되는 지리의 복수영국, 영광스러운 고립?유럽은 과연 20세기 초로 회귀할까?4장: 러시아, 가장 넓은 나라지만 지리에게 복수의 일격을 당하다러시아를 지켜주는 건 지리였건만무궁무진한 영토 확장, 미국에 대적할 초강대국이 되다한쪽 발은 유럽에, 다른 한쪽 발은 아시아에부동항의 부재, 러시아의 지리적 아킬레스건친서방 국가, 친러시아 국가, 그리고 중립 국가서방에도 추파를 던지고, 모스크바의 당근도 받으려는 우크라이나크림 반도, 신이 러시아에게 선사한 지리적 패지리를 무기로 도박을 하는 러시아나토 vs. 러시아, 그리고 발트 해 국가들모스크바는 가까이 있고, 워싱턴은 멀리 있다가스와 석유, 지리를 이용한 경제 전쟁군사 협력까지 가능한 러시아와 중국의 밀월 관계5장: 한국, 지리적 특성 때문에 강대국들의 경유지가 되다일본, 최대 고민인 중국을 견제하기 위해 미국과 군사적 동맹을 맺다연약한 것 같되 위험한 약자의 역할을 하고 있는, 북한손가락 하나로 가른 인위적인 38선한반도에서 전쟁이 일어나면 미국, 중국, 일본, 러시아는 어떤 선택을 할까섬나라 일본, 과거에는 고립을, 이제는 군사적 개입을 선택하다일본은 과연 전쟁 가능한 국가가 될 것인가일본의 최대 고민은 중국, 이제 주변국에서 친구를 찾아야 한다6장: 라틴 아메리카, 내륙이 텅 빈, 거대한 지리의 감옥에 갇히다광활한 세계의 끝단에서 벌어지는 영토 분쟁멕시코, 미국의 그늘 아래에서 살아가야 할 운명의 나라니카라과 대운하, 거대 중국 자본이 이미 진입했다중국, 미국과 라틴 아메리카의 벌어진 틈을 공략하다브라질, 지리가 자국 내 운송도 막는다라틴 아메리카 최고의 지리적 혜택을 받는 아르헨티나7장: 아프리카, 유럽인이 만들어 놓은 지정학의 피해자가 되다지리가, 아프리카의 최대 장애물이다유럽인들이 제멋대로 그려 넣은 국경선콩고민주공화국, 아프리카판 세계대전의 현장나일 강의 수자원, 축복이자 분쟁의 씨앗석유, 그리고 보코 하람의 나라앙골라, 내부와 외부의 수탈로 점철되다중국의 아프리카 접근, 터를 잡은 이상 쉽게 떠나지 않을 것이다지리적 위치의 혜택을 제대로 보는 남아프리카공화국지리가 점지한 힘과 싸우기8장: 중동, 인위적인 국경선이 분쟁의 씨앗이 되다서구가 잉크로 그려서 만든 국경수니파, 시아파, 그리고 그 안의 또 다른 수많은 분파들영국이 난장판으로 합쳐 놓은 곳, 이라크요르단, 골치 아픈 곳을 싹둑 잘라내 만든 나라산맥 이름이 나라 이름이 된 곳, 레바논시리아, 소수파가 다수파를 지배하는 긴장감이 감도는 곳IS, 죽음의 게임을 펼치다이스라엘, 그리고 팔레스타인산악지대, 핵무기, 그리고 석유의 나라역사의 교차로가 될 수밖에 없는 운명, 터키아랍의 봄9장: 인도, 지리적으로 출발부터 유리했다파키스탄, 말썽 많은 아프간과의 국경을 물려받다인도 아대륙의 분열, 그리고 대살육전출발부터 인도보다 불리했던 파키스탄아직도 끝나지 않은 두 나라의 격돌아프가니스탄, 적의 적이 되게끔 만들다파키스탄, 탈레반, 그리고 미국미국, 인도의 새로운 동맹국이 되다10장: 북극, 21세기 경제 및 외교의 각축장이 되다기나긴 북극 탐험의 역사얼음이 녹으면서 바닷길도 열리고북극을 둘러싼 치열한 각축북극 전략 없는 미국, 북극의 최강자 러시아북극에서의 게임은 달라야 한다맺음말: 새로운 지리적 현실을 함께 맞이하기펼쳐보기"
2022,9,악의 마음을 읽는 자들,"권일용, 고나무","한국 최초 프로파일러와 프로파일링 팀의 탄생,악의 해석자들의 연쇄살인 추적기!연쇄살인범의 마음속, 어두운 방으로 걸어 들어가라“제복은 국민과의 약속이다. 억울하게 생을 마쳐야 했던 피해자들과의 약속이 내 삶의 배수진이었다.”_권일용(대한민국 1호 프로파일러)《악의 마음을 읽는 자들》은 순경 권일용이 한국 최초의 프로파일러가 되고 그의 프로파일링 팀이 탄생하는 과정과, 그들이 사건 현장에서 기존의 관습과 고정관념을 딛고 수사에 결정적인 단서를 제공하는 활약상을 그리고 있다. 프로파일러는 영화와 드라마 등의 소재로 우리에게 익숙해진 존재다. 그러나 일선의 그들은 여전히 묵묵히 암약한다. 이 책에 기록된 모든 내용은 사건 당시 현장의 경험을 가감 없이 옮긴 실화다. 독자들은 《악의 마음을 읽는 자들》을 통해, 한번 들어가면 나올 수 없는 어두운 방과 같은 연쇄살인범의 마음속으로 서슴없이 걸어 들어가는 프로파일러들의 세계를 체험하게 될 것이다.펼쳐보기",서문─괴물을 쫓는 사람들프롤로그1. 대한민국 1호 프로파일링 보고서2. 풀지 못한 숙제3. 나는 나를 쫓는 자의 얼굴을 알고 있다4. 에쿠스의 심리학5. 인터뷰 게임6. 작화의 심리에필로그대담─김대두는 시대가 낳은 괴물인가후기─범죄로 인한 고통의 역사는 되풀이되지 않아야 한다펼쳐보기
2022,10,총 균 쇠,재레드 다이아몬드/김진준 역,"인류문명의 불균형은 총, 균, 쇠 때문이다!퓰리처상을 수상한 세계적 석학 재레드 다이아몬드 박사의 『총, 균, 쇠』. ‘왜 어떤 민족들은 다른 민족들의 정복과 지배의 대상으로 전락하고 말았는가?’, ‘왜 각 대륙들마다 문명의 발달 속도에 차이가 생겨났는가?’, ‘인간 사회의 다양한 문명은 어디에서 비롯되었는가?’라는 의문을 명쾌하게 분석하여 그 해답을 제시한다. 특별 증보면 ‘일본인은 어디에서 왔는가’를 추가 수록하여 현대 일본인의 조상이 누구인지를 추적한다.이 책은 모든 인류가 수렵과 채집으로 살아가던 1만 3천 년 전 석기시대로 거슬러 올라간다. 저자는 제국, 지역, 문자, 농작물, 총의 기원뿐만 아니라 각 대륙의 인류 사회가 각기 다른 발전의 길을 걷게 된 원인을 설득력 있게 설명함으로써, 역사에 대한 인종주의적 이론의 허구를 벗겨낸다. 뉴기니와 아메리카 원주민에서부터 현대 유럽인과 일본인에 이르기까지, 세계 각지의 인간 생활에 관한 이야기를 흥미진진하게 풀어낸다.펼쳐보기","친애하는 한국의 독자들에게 드리는 편지 | 제레드 다이아몬드증보판에 부쳐 | 일본인의 조상은 한민족인가 - 임홍빈(<문학사상> 편집 고문)추천의 글 | 1998년 퓰리처 상을 수상한 명저 <총, 균, 쇠>의 진가 - 이현복(서울대 언어학과 명예 교수)옮긴이의 글 | 인류 문명의 불평등에 관한 수수께끼 풀이 - 김진준(번역 문학가)프롤로그_ 현대 세계와 불평등에 대한 의문을 푼다제1부 인간 사회의 다양한 운명의 갈림길제1장 문명이 싹트기 직전의 세계 상황제2장 환경 차이가 다양화를 빚어 낸 모델 폴리네시아제3장 유럽이 세계를 정복한 힘의 원천제2부 식량 생산의 기원과 문명의 교차로제4장 식량 생산의 기원제5장 인류 역사가 갈라놓은 유산자와 무산자제6장 식량 생산민과 수렵 채집민의 경쟁력 차이제7장 야생 먹거리의 작물화제8장 작물화하는 데 적합한 식물의 식별과 성패의 원인제9장 선택된 가속화와 '안나 카레니나의 법칙'제10장 대륙의 축으로 돈 역사의 수레바퀴제3부 지배하는 문명, 지배받는 문명제11장 가축의 치명적 대가, 세균이 준 사악한 선물제12장 식량 생산 창시와 문자 고안과의 밀접한 연관제13장 발명은 필요의 어머니제14장 평등주의부터 도둑 정치까지제4부 인류사의 발전적 연구 과제와 방향제15장 대륙간 불균형 이론과 원주민들이 낙후된 원인제16장 동아시아의 운명과 중국 문화의 확산제17장 동아시아와 태평양 민족의 충돌제18장 남북아메리카가 유라시아보다 낙후됐던 원인제19장 아프리카는 왜 흑인의 천지가 됐는가에필로그_ 과학으로서의 인류사의 미래특별 증보면추가 논문_ 일본인은 어디에서 왔는가2003 후기_ <총, 균, 쇠> 그 후의 이야기참고문헌찾아보기펼쳐보기"
2022,11,똑똑하게 생존하기,칼 벅스트롬/박선령 역,"노벨상 수상자 솔 펄머터, 조지 애커로프, 폴 로머 교수와《틀리지 않는 법》의 조던 엘렌버그가 극찬한 책!정치인들은 사실에 얽매이지 않는다과학은 보도 자료를 통해 진행된다실리콘밸리의 스타트업들은 헛소리를 예술의 경지로 올려놓았다오늘날 세상에는 소음이 너무나 많다!거짓과 기만 속에서 살아가는 현대인을 위한 헛소리 까발리기의 기술!이 책은 다음과 같은 말로 시작한다. “세상에는 헛소리가 넘쳐나고 우리는 그 속에서 익사 지경에 처했다.” 너무나 많은 소음이 발생하는 시대다. 워싱턴 대학교 생물학과 칼 T. 벅스트롬과 정보대학원 교수 제빈 D. 웨스트는 ‘헛소리 까발리기’라는 수업을 통해 많은 학생들에게 헛소리에 휘둘리지 않고, 정확히 생각하고 판단할 방법을 가르쳐왔다. 오늘날 눈부시게 발전한 정보통신 기술 덕분에 정보 접근성이 너무나 높아졌고, 주고받는 정보량은 급격히 많아졌다. 그 덕에 정보의 홍수와 함께 정보 과부하 또한 극심해졌다. 너무 많아진 정보량 중에서 우리가 걸러내야 할 헛소리 또한 그만큼 많아졌기에 부담은 더욱더 심해졌다.정치인들은 더 이상 팩트에 얽매이지 않는다. 과학은 그럴싸하게 포장된 보도 자료를 통해 진행된다. 실리콘밸리의 스타트업은 실체가 없어도 예술적인 PR 하나만으로 엄청난 투자를 받는다. 헛소리는 특정한 사안에 관해 사람들을 호도하여 우리 세계를 오염시키고, 정보를 신뢰하는 능력을 약화시킨다. 즉, 헛소리는 개개인만이 아니라 사회 전체적으로 불필요한 낭비를 만든다는 것이다. 오늘날 세상은 헛소리가 가득하다. 게다가 헛소리도 엄청나게 발전하였다. 현대의 헛소리꾼은 정량적 데이터로 제시된 헛소리를 퍼뜨린다. 이러한 형태의 정보는 가짜임에도 우리가 이의를 제기할 수 없도록 만들어 버린다.분명히 기술은 많은 혜택을 주었고, 우리는 그 혜택을 누리며 살아가고 있다. 단지 사방에 헛소리가 더욱더 많아지고, 발전하고 있을 뿐이다. 이 헛소리로 인해 생기는 개인적, 정치적, 사회적 문제를 해결하기 위해선 개개인이 ‘헛소리 까발리기’ 기술을 배울 필요가 있다. 넘쳐나는 헛소리의 본질을 알고, 제대로 비판할 줄 아는 사고를 갖추기 위한 방법이 이 책에 준비되어 있다. 두 저자가 이 책에서 제시하는 논리적이고, 간단명료한 기술은 누구나 쉽게 배울 수 있다. 심지어 통계를 잘 모르는 사람도!펼쳐보기","서문1장. 사방에 널린 헛소리2장. 매체, 메시지, 잘못된 정보3장. 헛소리의 본질4장. 인과 관계5장. 숫자와 헛소리6장. 선택 편향7장. 데이터 시각화8장. 빅 데이터에 담긴 헛소리 까발리기9장. 과학의 민감도10장. 헛소리 알아차리기11장. 헛소리 반박감사의 글참고 문헌펼쳐보기"
2022,12,지리의 힘 2,팀 마샬/김미선 역,"7년 만에 나온 〈지리의 힘〉 제2탄21세기에도 계속되는 지정학적 갈등, 세상은 변했지만 지리는 변하지 않았다“신이시여, 어찌하여 우크라이나에 산맥을 펼쳐두지 않으셨나이까?”전 세계 30개국에서 출간되며 세계적인 베스트셀러가 된 〈지리의 힘〉을 펴낸 저자는 그 책의 첫 페이지를 이렇게 우크라이나 이야기로 시작했었다. 전 세계에서 150만 부 이상 판매되며 지리에 대한 대중적인 관심을 폭발시킨 전작에서 저자는 〈지리라는 렌즈〉를 통해 세계의 흐름과 정치, 경제, 국제정세, 빈부격차 등을 살펴보며 화제를 불러일으켰다.현시대를 〈지리 전쟁의 시대〉라고 명명한 저자는 7년 만에 후속편을 출간하면서 그동안 세상은 정신없이 돌아가면서 엄청난 속도로 변화하고 있지만 정작 지리는 여전히 그 자리에 있다고 말한다. 아직도 미국이 두 개의 대양에 동시에 만만치 않은 해군력을 파견할 수 있는 유일한 나라이고, 히말라야 산맥은 여전히 인도와 중국을 가르고 있고, 러시아 또한 서쪽으로 가는 평지에서 큰 힘을 못 쓰고 있다. 그런데 지정학적 분쟁은 아직도 끝나질 않고 오히려 새로운 갈등마저 끊임없이 고개를 들고 있다. 이제는 지정학적 공룡들뿐만 아니라 새롭게 등장한 열강들은 물론 작은 나라들조차 힘의 밀고 당기기를 반복하면서 자신들만의 지정학적 역할을 꾀하고 있다.따라서 이번 책에서는 제2차 세계대전 이후 미국과 소련을 중심으로 한 양극 체제가 무너지면서 다극화 체제로 전환된 세계에서 광범위한 파급력을 몰고 올 오스트레일리아, 이란, 사우디아라비아, 영국, 그리스, 터키, 사헬, 에티오피아, 스페인, 우주까지, 즉 지구 아래 저 밑에서부터 시작해 우리 머리 위 저 높은 곳 우주까지 10개 지역을 다루고 있다.펼쳐보기","서문: 이념은 스쳐 지나가도 지리는 여전히 그 자리에 있다1장: 오스트레일리아, 지리적 위치와 면적이 강점이자 약점이 된다세계에서 6번째로 큰 나라, 그러나 사람이 살 수 있는 곳은 3분의 1도 안 되는미지의 남쪽 땅을 노린 낯선 이방인들, 그리고 그들에게 자신들의 땅을 빼앗기는 사람들유색 인종은 거부하는 백호주의 정책다문화 국가 현대 오스트레일리아의 탄생풍부한 천연자원, 하지만 부족한 물과 기후변화해상 봉쇄에 속수무책이 되는 나라가장 중요한 동맹국은 영국, 미국, 아니면 중국?중국과의 관계, 관리 자체가 쉽지만은 않은어쨌거나 힘겨운 줄타기를 해야 하는2장: 이란, 전 세계와 기싸움을 벌이며 신의 과업을 수행 중이다적이 침공하기도 힘들지만 국민을 통합시키기도 어려운 지형양날의 검, 호르무즈 해협페르시아 제국에서 시아파 이슬람 국가가 되기까지외부 세력에게는 먹잇감이 되고, 내부에서는 쿠데타와 시위가 만연하고1979년, 호메이니 그리고 이란 혁명8년에 걸친 이란-이라크와의 전쟁종교를 빙자한 억압과 그에 분노한 시민들수니파 국가들에 둘러싸인 시아파 국가미국과의 정략결혼은 계속 이어질까?자국의 혁명가들을 비웃는 국민들왕관에서 터번으로, 터번에서 부츠로신의 과업을 수행하고 있는 나라3장: 사우디아라비아, 한 가문의 성이 나라 이름이 되다8개 나라와 국경을 맞대고 있는 모래의 나라두 세력의 연합, 한쪽은 정치를 다른 한쪽은 종교를무력으로 탄생한 나라석유, 돈 그리고 미국이슬람 극단주의자들, 현대화를 저지시키다알카에다, 사우디 왕국과 결전을 불사하다중동의 패권을 위한 31세 젊은 왕세자의 행보폭정과 개혁을 동시에석유에서 벗어나려는 도박미국, 중국, 이스라엘과의 관계석유시대의 종말, 이 나라의 운명은?4장: 영국, 지리에서 파생된 분리의 정서가 남아 있다지리적 분리가 만든 발전의 차이침략자들의 싸움터가 하나의 왕국으로 통합되기까지스코틀랜드와 잉글랜드 양측을 위한 윈윈 전략해상권을 장악하며 절정으로 치닫는 제국힘의 균형추가 이동하기 시작했다한쪽 발은 미국에, 한쪽 발은 EU에(그러나 깊지는 않게)브렉시트 이후 혼성 전략이 필요해지다그래도 친구는 있다최고의 강국은 아니어도 차상위 강국으로스코틀랜드가 절교를 선언한다면?5장: 그리스, 그 위치 때문에 고대부터 현재까지 열강들의 게임의 대상이 되다신이 바위와 돌을 흩뿌려 만든 나라서구 문명의 탄생지, 페르시아와 로마에 점령되다유럽 안에서도 뒤처지고, 소외되고, 밀려나다발칸 전쟁, 세계대전 그리고 외부 세력의 점령내전, 또 내전난민, 또 다른 갈등과 분쟁의 시작6천 개의 섬과 바다를 위한 엄청난 국방비사이프러스를 두고 벌이는 위험한 게임“터키보다는 우리가 더 믿을 만한 파트너다!”6장: 터키, 목 좋은 곳에 자리 잡았지만 친구는 별로 없다멀리 몽골에서 와 오스만 제국을 세우기까지최전성기를 보내고 유럽의 병자로 몰락하다터키공화국의 탄생, 그러나 영 마음이 편치 않은오스만 제국의 부활을 꿈꾸지만 친구는 없는이웃 나라들과 끊임없이 충돌하다“마비 바탄, 우리는 푸른 바다를 지배할 나라다!”이웃 나라와는 물 전쟁, 국내에서는 쿠르드족과의 전쟁민주주의로 가려다 방향을 바꾸다살벌한 동네 한복판에서 살아가기7장: 사헬, 테러와 폭력의 악순환에 시달리는 갈등의 한복판에 있다사막, 낙타, 교역로 그리고 이슬람산과 강을 따라 국경을 나눴지만 그 산과 강이 어디에 있는지를 모른다국제 테러 단체의 지원을 받는 반군 세력코로나 팬데믹에도 내전은 계속된다강대국의 눈치와 부족 갈등 사이에서가장 가난한 나라의 가장 가난한 지역에서 벌어지고 있는 저항 운동기후변화, 사막화, 폭력의 악순환풍부한 천연자원, 테러리스트들의 돈줄중국, 사헬에 견고한 대국을 건설하다발을 빼고 싶은 미국, 발을 넣을 기회만 기다리는 중국과 러시아8장: 에티오피아, 그래도 지리는 에티오피아 편이다물은 힘을 주고 협곡과 폭포는 발전을 가로막고식민 지배를 받은 적 없는 이질적인 공동체들의 나라현대 에티오피아의 탄생, 독보적인 세력으로 떠오르다쿠데타, 공포정치, 전쟁! 그래도 변화의 바람은 분다아직도 끝나지 않은 피를 부르는 종족 간 분쟁학습된 중립성을 유지하며 강대국의 눈치를 보는에티오피아에게는 권력을, 이집트에게는 불안을9장: 스페인, 지리의 방해가 아직도 끝나지 않았다부의 창출도, 교역도, 정치적 통합도 방해한 지리이베리아 반도를 장악한 무슬림, 그들을 다시 물리친 그리스도교 세력유대인과 무슬림에 대한 탄압유럽 최강국에서 종이호랑이로 전락내부 분열과 갈등이 성장의 발목을 잡다프랑코, 내전과 공포와 굶주림을 불러오다사방에서 따돌림받는 홀로 남은 파시즘의 나라새 국왕의 등장중앙 정부와 지방 정부의 극심한 대립카탈루냐 독립을 바라보는 EU의 딜레마넓디넓은 해상의 방어를 위해10장: 우주, 또 다른 아프가니스탄이나 이라크가 될 수도 있다미국과 소련의 달 탐사 경쟁환상적인 전망을 자랑하는 우주의 집, 국제 우주 정거장 건설“6백만 달러가 하늘에서 떨어지고 있습니다.”점점 힘을 잃어가는 우주조약과 달조약저궤도, 우주전쟁의 출발점우주 공간의 군사화각국의 인공위성을 파괴하는 킬러 위성까지 개발미래의 우주는 어떤 모습일까우주는 특정 국가의 소유물이 아니다감사의 말참고문헌펼쳐보기"
2022,13,문재인의 위로,더휴먼 편집부,"“나를 이해해 줘서 고맙습니다. 덕분에 나는 더 소신껏 일할 수 있었습니다.나를 미워해 줘서 고맙습니다. 덕분에 나는 더 단단해질 수 있었습니다.”‘깨어 있는 시민’의 삶을 강조해온 평소 말과 글들을 사진과 함께 엮은 에세이정치인으로서 십여 년 동안 경험해온, 시민 참여의 소중함과 감사함이 담겼다“끝이 아니라 다시 시작입니다. 더 자주 대화하고 더 깊이 소통하겠습니다.”‘정치인’은 거부했어도 시종일관 정치에 뜨겁게 참여하는 ‘시민’의 삶을 살아왔던 저자는, 운명처럼 정치에 뛰어들어 여러 직책을 맡았다가 내려놓을 때마다 그러했듯, 이제 대한민국 제19대 대통령에서 물러나 다시 시민으로 돌아간다. 《문재인의 위로》는 평소 ‘깨어 있는 시민’의 삶을 강조해온 저자의 말과 글들을 간추려 뽑아서 사진과 함께 실은 사진에세이다. (《문재인이 드립니다》의 개정판이다.) 모두가 이웃과 사회에 무관심하지 않아야 ‘역사가 진보한다’는 평소 소신들에 대하여, 특히 2012년 본격적으로 정치에 뛰어든 후에 더 깊이 체감한 시민 참여의 소중함과 감사함에 대하여 짤막한 글들로 표현되어 있다.문재인 정부 5년에 대해 누구는 칭찬하고 누구는 비판한다. 기대 이상의 성과를 낸 분야도 있고, 열심히 했지만 역부족인 사례도 있다. 저자는 ‘정치인 문재인’에게 보내는 시민들의 관심에, 그것이 격려든 질책이든 모두 고마워한다. 우리 사회·정치·나라·역사는 정치를 외면하지 않고 관심을 보내는 시민들 덕분에 진보한다고 굳게 믿기 때문이다. 그래서 눈앞의 승리나 패배에 연연하지 말고 지난 공과(功過)를 찬찬히 복기해서 더 좋은 방법을 찾기를 권한다. 단시간에 바뀌지 않는다고 좌절하지 말고 히말라야 만보(漫步)로 천천히 꾸준히 동참하는 ‘깨어 있는 시민’의 삶을 강조한다.펼쳐보기","첫 번째 새봄의 문 앞에서하나의 문이 닫히면 하나의 문이 열린다 | 바둑을 복기하듯, 시간을 복기해 봅니다 | 차 한 잔 앞에 두고 중정(中正)을 생각합니다 | 히말라야 걸음으로, 천천히 천천히 | 멋있는 변화의 시작 | 오늘 포기하지 않으면 내일은 달라집니다 | 자책 대신 칭찬을 해 주십시오 | 최악의 실패 | 시끄러운 세상을 사는 법 | 원래부터 그런 건 없습니다 | 벽을 허무는 건 | 패배하지 않는 법 | 겨울을 보내는 방법 | 어려울수록 원칙으로 돌아가라 | 길 | 주말의 식탁 | 원칙의 기준은 양심입니다 | 내 길을 걸으십시오 | 입 대신 귀를 여니 길이 보였습니다 | 돈은 중요하지만 제일 중요한 것은 아닙니다 | 불행 끝에 붙어 있는 것 | 상처를 치유하는 법 | 침묵하는 이유 | 체력이 무너질 때 마음도 함께 무너집니다 | 끝은 시작입니다두 번째 정말 행복한 꿈모두가 함께 꾸는 꿈 | 시선 고정 | 내 꿈을 찾는 법 | 현실과 동떨어져 있다고 느낄 때 | 인생이 피곤한 이유 | 내 자리를 만드는 법 | 고마움을 저축하십시오 | 따뜻한 성공 | 돈을 버는 이유 | 버릴수록 얻게 되는 것들 | 행복의 조건 | 욕심부려야 할 것 | 이번엔 내가 술래구나 | 항구적 소수파 | 함께 | 직업을 대하는 태도 | 시련에서 시작해 보십시오 | 당신은 ‘그 일’을 할 수 있습니다 | 결실을 이루는 가장 큰 힘세 번째 사람이 먼저다그냥 좋은 사람 | 진짜 우정 | 눈높이 | 못질 | 당신은 어떤 친구입니까? | 가슴이 시키는 일 | 가장 아름다운 인생 | 행복한 사람 | 패자부활전 | 당신은 좋은 사람입니다 | 큰 자랑 | 충고하는 사람에게 드리는 충고 | 행복한 표정을 미루지 마십시오 | 내 얼굴에 비친 아버지 모습 | 제주의 봄 | 78년 만의 귀향 | 오월 | 가장 고마운 | 외로움에 가장 좋은 약 | 외로움 덕분에 | 누군가를 사랑하는 방식 | 어머니의 손네 번째 길에서 벗어나도 괜찮다역사에 지름길은 있어도 생략은 없다 | 과거와 현재와 미래 | 위축되는 이유 | 마흔한 살의 청춘 | 때로는 지식보다 직관 | 지금 혼자라면 | 화가 날 땐 화를 내십시오 | 산을 좋아하는 이유 | 여행 떠나기 | 박수를 치는 인생 | 권위에 대하여 | 넥타이 단상 | 쉼표를 찍는 인생 | 진심은 모든 기교와 기법을 이깁니다 | 빚을 빛으로 바꾸는 법 | 장점과 단점 | 지나침과 못 미침 | 적당히와 충분히 | 성장과 성공 | 길에서 벗어나도 괜찮다다섯 번째 깨어 있는 시민정치와 당신과의 거리 | 분노하라 | 관행을 고치려면 | 다산 정약용 선생 | 아무도 흔들 수 없는 나라 | 평화의 십자가 | 참 근사한 일 | 박수 받을 자격 | 꾸준한 사람 | 마음의 굳은살 | 오늘을 사는 법 | 문재인과 고스톱 | 부부 사이에 있어야 할 한 가지 | 문재인의 라이벌 | 가족에게 남기는 편지 | 남이 보는 나 | 정말 못 버리겠더라 | 외로운 시간 | 계산기를 두드리기 전에 | 깨어 있는 시민여섯 번째 우리가 만들어야 할 세상오래된 미래에서 찾는 우리의 미래 | 20, 30대의 의무 | 갈등 해소법 | 나는 불평합니다 | 소주 한잔 합니다 | 적을 대하는 태도 | 존재의 이유 | 선택에 대한 예의 | 혼자 남는 법 | 가르친다는 것 | 무한도전의 가르침 | 대한민국 방방곡곡에 | 착한 세상펼쳐보기"
2022,14,침묵의 봄,레이첼 카슨/김은령 역,"환경을 이슈로 전폭적인 사회운동을 촉발시키다!20세기 환경학 최고의 고전『침묵의 봄』. 50주년 기념 개정판으로 출간 된 이 책은 〈타임〉지가 20세기를 변화시킨 100인 중 한 사람으로 뽑은 레이첼 카슨이 쓴 책으로, 환경 문제의 심각성과 중요성을 독자들에게 일깨워 준 책이다. 저자는 친구로부터 받은 편지 한 통을 계기로 살충제의 사용 실태와 그 위험성을 조사하고, 생물학자로서의 전문지식과 작가로서의 능력을 발휘해 방사능 낙진으로 인해 더욱 절실해지기 시작한 환경 문제의 복잡성을 알기 쉽게 풀어냈다. 더불어 무분별한 살충제 사용으로 파괴되는 야생 생물계의 모습을 적나라하게 공개하여, 생태계의 오염이 어떻게 시작되고 생물과 자연환경에 어떤 영향을 미치지는 지 구체적으로 설명하였다. 이를 통해 정부와 살충제 제조업체의 행태를 지적하고, 환경문제에 대한 대중들의 생각을 환기시킬 수 있는 기회를 제시하였다.▶ 이 책은 2002년에 출간된 〈침묵의 봄〉(에코리브르)의 개정판입니다.펼쳐보기",감사의 글서문: 린다 리어01	내일을 위한 우화02	참아야 하는 의무03	죽음의 비술04	지표수와 지하수05	토양의 세계06	지구의 녹색 외투07	불필요한 파괴08	새는 더 이상 노래하지 않고09	죽음의 강10	공중에서 무차별적으로11	보르자 가문의 꿈을 넘어서12	인간이 치러야 할 대가13	작은 창을 통해서14	네 명 중 한 명15	자연의 반격16	밀려오는 비상사태17	가지 않은 길후기: 에드워드 O. 윌슨옮긴이의 글참고문헌찾아보기펼쳐보기
2022,15,총 균 쇠,재레드 다이아몬드/김진준 역,"인류문명의 불균형은 총, 균, 쇠 때문이다!퓰리처상을 수상한 세계적 석학 재레드 다이아몬드 박사의 『총, 균, 쇠』. 2005년의 개정판을 다시 개정 출간한 것으로, 기존의 32컷의 사진에서 18컷을 추가한 총 50컷의 사진이 수록되어 있다. ‘왜 어떤 민족들은 다른 민족들의 정복과 지배의 대상으로 전락하고 말았는가?’, ‘왜 각 대륙들마다 문명의 발달 속도에 차이가 생겨났는가?’, ‘인간 사회의 다양한 문명은 어디에서 비롯되었는가?’라는 의문을 명쾌하게 분석하여 그 해답을 제시한다.이 책은 모든 인류가 수렵과 채집으로 살아가던 1만 3천 년 전 석기시대로 거슬러 올라간다. 저자는 제국, 지역, 문자, 농작물, 총의 기원뿐만 아니라 각 대륙의 인류 사회가 각기 다른 발전의 길을 걷게 된 원인을 설득력 있게 설명함으로써, 역사에 대한 인종주의적 이론의 허구를 벗겨낸다. 뉴기니와 아메리카 원주민에서부터 현대 유럽인과 일본인에 이르기까지, 세계 각지의 인간 생활에 관한 이야기를 흥미진진하게 풀어낸다.펼쳐보기","친애하는 한국 독자에게 드리는 편지 - 제레드 다이아몬드프롤로그 / 현대 세계와 불평등에 대한 의문을 푼다-1부- 인간 사회의 다양한 운명의 갈림길1장 문명이 싹트기 직전의 세계 상황2장 환경 차이가 다양화를 빚어낸 모델 폴리네시아3장 유럽이 세계를 정복한 힘의 원천-2부- 식량 생산의 기원과 문명의 교차로4장 식량 생산의 기원5장 인류 역사가 갈라놓은 유산자와 무산자6장 식량 생산민과 수렵 채집민의 경쟁력 차이7장 야생 먹거리의 작물화8장 작물화하는 데 적합한 식물의 식별과 성패의 원인9장 선택된 가축화와 ‘안나 카레니나의 법칙’10장 대륙의 축으로 돈 역사의 수레바퀴-3부- 지배하는 문명, 지배받는 문명11장 가축의 치명적 대가, 세균이 준 사악한 선물12장 식량 생산 창시와 문자 고안과의 관계13장 발명은 필요의 어머니14장 평등주의부터 도둑 정치까지-4부- 인류사의 발전적 연구 과제와 방향15장 대륙 간 불균형 이론과 원주민들이 낙후된 원인16장 동아시아의 운명과 중국 문화의 확산17장 동아시아와 태평양 민족의 충돌18장 남북아메리카가 유라시아보다 낙후됐던 원인19장 아프리카는 왜 흑인 천지가 됐는가에필로그 / 과학으로서의 인류사의 미래-특별 증보면-추가 논문 / 일본인은 어디에서 왔는가2003 후기 / 《총, 균, 쇠》 그 후의 이야기추천의 말 - 이현복 서울대 언어학과 명예교수옮긴이의 말 - 김진준(번역문학가)참고 문헌찾아보기펼쳐보기"
2021,1,조국의 시간,조국,"조국의 생생한 육성으로 듣는다.그의 아픔과 진실, 말하지 못한 생각『조국의 시간』은 2019년 8월 9일, 조국이 법무부장관 후보로 지명된 이후 벌어진 일련의 사태를 정리하고 자신의 솔직한 심정을 기록했다. 진보적 지식인으로서 꿈꿔왔던 검찰개혁을 공직자로서 실현하는 과정에서 겪은 고난의 시간을 가감 없이 담아냈다.문재인 대통령과의 인연, 민정수석으로 청와대 입성 과정, 민정수석에서 법무부장관을 수락하는 과정까지 알려지지 않은 이야기가 가득하다. 출마냐 입각이냐를 두고 벌어지는 긴박한 상황과 최근까지 벌어지는 사건을 생생하게 다뤘다. 시민 한 분 한 분이 보내준 작은 응원이 만들어낸 큰 기적과 같은 이야기가 곳곳에 담겨 있다.언론의 허위보도와 과장이 난무하고 검찰의 제 식구 감싸기로 일관한 조직 이기주의에 맞서 내놓는 최소한의 해명이자 역사적 기록이다. 진정한 정의는 무엇인지, 대한민국의 민주주의를 위해 남은 과제와 희망에 대해 말한다.펼쳐보기",촛불시민들께 드리는 말씀 | 책을 펴내면서제1장 시련의 가시밭길제2장 나를 둘러싼 의혹들제3장 통제받지 않은 괴물제4장 검찰과 언론의 표적 사냥제5장 빼앗긴 국회의 시간과 불쏘시개 장관제6장 서초동의 장엄한 촛불십자가제7장 얄궂은 운명제8장 검찰 쿠데타의 소용돌이묵묵히 걸어가겠습니다 | 책을 마치며주요 사건 일지펼쳐보기
2021,2,공정하다는 착각,마이클 샌델/함규진 역,"마이클 샌델, 10여 년 만에 던지는 충격적 화두!“지금 서 있는 그 자리, 정말 당신의 능력 때문인가?”마이클 샌델 10여 년 만의 신간, 《공정하다는 착각》 출간!샌델, 기울어진 사회구조 이면에 도사린 ‘능력주의의 덫’을 해체하다또 다시 ‘공정’이 화두다. 언론 미디어를 통해, 부유층과 빈곤층, 청년과 장년, 정치인의 입을 통해 끊임없이 쏟아져 나온다. 기업은 정규직ㆍ비정규직 논란에서 비롯된 ‘공정 채용’ 문제로 혼란에 빠져 있고, 정치권에선 ‘공정경제3법’과 ‘재난지원금’ 등에 대한 각기 다른 해석으로 떠들썩하다. 대통령은 “하나의 공정이 또 다른 불공정을 부르는 상황”을 언급하며 어려움을 토로하기도 했다.이렇듯 ‘공정’이라는 하나의 화두를 두고 각계각층이 충돌하고 있는 상황에서, 마이클 샌델 하버드대 교수가 《돈으로 살 수 없는 것들》 이후 8년 만에 쓴 신간 《공정하다는 착각》이 출간되었다. 이 책은 《The Tyranny of Merit: What’s Become of the Common Good?》란 원제로 미국 현지에서 2020년 9월에 출간되어 뜨거운 반응을 얻고 있다. 직역하면 ‘능력주의의 폭정: 과연 무엇이 공동선을 만드나?’다. 샌델은 이 책을 통해 “우리가 ‘노력하면 성공할 수 있다’고 너무나도 당연히 생각해왔던, 개인의 능력을 우선시하고 보상해주는 능력주의 이상이 근본적으로 크게 잘못되어 있다”고 주장한다. 이러한 능력주의가 제대로 공정하게 작동하고 있는지, ‘공정함=정의’란 공식은 정말 맞는 건지 진지하게 되짚어본다.펼쳐보기","서론: 대학 입시와 능력주의입시의 윤리 | 능력 지표 따내기CHAPTER 1. 승자와 패자포퓰리즘적 불만에 대한 진단 | ‘테크노크라시’와 시장 친화적 세계화 | 빈부격차를 그럴싸하게 설명하는 법 | 능력주의 윤리 | 굴욕의 정치 | 기술관료적 능력과 조직적 판단 | 포퓰리즘의 준동CHAPTER 2. “선량하니까 위대하다” 능력주의 도덕의 짧은 역사왜 능력이 중요한가 | 우주적 능력주의 | 구원과 자기 구제 | 과거와 지금의 섭리론 | 부와 건강 | 자유주의적 섭리론 | 역사의 옳은 편 | 도덕 세계의 궤적CHAPTER 3. 사회적 상승을 어떻게 말로 포장하는가고된 노력과 정당한 자격 | 시장과 능력 | 자기 책임의 담론 | 재능과 노력이 허용하는 한도까지 | 마땅히 받을 것을 받는다 | 포퓰리즘의 반격 | 과연 “하면 된다”가 맞나? | 보는 것과 믿는 것CHAPTER 4. 최후의 면책적 편견, 학력주의무기가 된 대학 간판 | 불평등의 해답은 교육? | 최고의 인재들 | 스마트해지기 위한 일 | 대중을 내려다보는 엘리트 | 학위가 있어야 통치도 한다 | 학력 간 균열 | 기술관료적 담론 | 테크노크라시냐 데모크라시냐 | 기후변화 논란CHAPTER 5. 성공의 윤리기술관료의 지배냐 귀족의 지배냐 | 능력주의의 어두운 면 | 능력주의를 다시 생각한다 | 완벽한 능력주의는 정의로운가? | 재능은 자신만의 것인가? | 노력이 가치를 창출하는가? | 능력주의의 두 가지 대안 | 능력주의에 대한 거부 | 시장과 능력 | 시장 가치냐 도덕적 가치냐 | 쟁취한 자격인가, 권리가 인정된 자격인가? | 성공에 대한 태도 | 운수와 선택 | 재능 계산하기 | 능력주의의 등장CHAPTER 6. ‘인재 선별기’로서의 대학능력주의 쿠데타 | 능력주의의 폭정, 그 모습을 서서히 드러내다 | 코넌트의 능력주의 유산 | 돈 따라 가는 SAT 점수 | 불평등의 토대를 더욱 다지는 능력주의 | 명문대가 사회적 이동성의 엔진이 되지 못하는 이유 | 능력주의를 더 공평하게 만들기 | 인재 선별 작업과 사회적 명망 배분 | 상처 입은 승리자들 | 또 하나의 불타는 고리를 넘어라 | 오만과 굴욕 | 유능력자 제비뽑기 | 인재 선별기 부숴버리기 | 명망의 위계질서 | 능력에 따른 오만 혼내주기CHAPTER 7. 일의 존엄성일의 존엄성 하락 | 절망 끝의 죽음 | 분노의 원인 | 일의 존엄성 되살리기 | 사회적 인정으로서의 일 | 기여적 정의 | 일의 존엄에 대해 논쟁하자 | ‘열린 어젠다’의 오만 | 금융, 투기 그리고 공동선 | 만드는 자와 가져가는 자결론: 능력, 그리고 공동선펼쳐보기"
2021,3,총 균 쇠,재레드 다이아몬드/김진준 역,"인류문명의 불균형은 총, 균, 쇠 때문이다!퓰리처상을 수상한 세계적 석학 재레드 다이아몬드 박사의 『총, 균, 쇠』. ‘왜 어떤 민족들은 다른 민족들의 정복과 지배의 대상으로 전락하고 말았는가?’, ‘왜 각 대륙들마다 문명의 발달 속도에 차이가 생겨났는가?’, ‘인간 사회의 다양한 문명은 어디에서 비롯되었는가?’라는 의문을 명쾌하게 분석하여 그 해답을 제시한다. 특별 증보면 ‘일본인은 어디에서 왔는가’를 추가 수록하여 현대 일본인의 조상이 누구인지를 추적한다.이 책은 모든 인류가 수렵과 채집으로 살아가던 1만 3천 년 전 석기시대로 거슬러 올라간다. 저자는 제국, 지역, 문자, 농작물, 총의 기원뿐만 아니라 각 대륙의 인류 사회가 각기 다른 발전의 길을 걷게 된 원인을 설득력 있게 설명함으로써, 역사에 대한 인종주의적 이론의 허구를 벗겨낸다. 뉴기니와 아메리카 원주민에서부터 현대 유럽인과 일본인에 이르기까지, 세계 각지의 인간 생활에 관한 이야기를 흥미진진하게 풀어낸다.펼쳐보기","친애하는 한국의 독자들에게 드리는 편지 | 제레드 다이아몬드증보판에 부쳐 | 일본인의 조상은 한민족인가 - 임홍빈(<문학사상> 편집 고문)추천의 글 | 1998년 퓰리처 상을 수상한 명저 <총, 균, 쇠>의 진가 - 이현복(서울대 언어학과 명예 교수)옮긴이의 글 | 인류 문명의 불평등에 관한 수수께끼 풀이 - 김진준(번역 문학가)프롤로그_ 현대 세계와 불평등에 대한 의문을 푼다제1부 인간 사회의 다양한 운명의 갈림길제1장 문명이 싹트기 직전의 세계 상황제2장 환경 차이가 다양화를 빚어 낸 모델 폴리네시아제3장 유럽이 세계를 정복한 힘의 원천제2부 식량 생산의 기원과 문명의 교차로제4장 식량 생산의 기원제5장 인류 역사가 갈라놓은 유산자와 무산자제6장 식량 생산민과 수렵 채집민의 경쟁력 차이제7장 야생 먹거리의 작물화제8장 작물화하는 데 적합한 식물의 식별과 성패의 원인제9장 선택된 가속화와 '안나 카레니나의 법칙'제10장 대륙의 축으로 돈 역사의 수레바퀴제3부 지배하는 문명, 지배받는 문명제11장 가축의 치명적 대가, 세균이 준 사악한 선물제12장 식량 생산 창시와 문자 고안과의 밀접한 연관제13장 발명은 필요의 어머니제14장 평등주의부터 도둑 정치까지제4부 인류사의 발전적 연구 과제와 방향제15장 대륙간 불균형 이론과 원주민들이 낙후된 원인제16장 동아시아의 운명과 중국 문화의 확산제17장 동아시아와 태평양 민족의 충돌제18장 남북아메리카가 유라시아보다 낙후됐던 원인제19장 아프리카는 왜 흑인의 천지가 됐는가에필로그_ 과학으로서의 인류사의 미래특별 증보면추가 논문_ 일본인은 어디에서 왔는가2003 후기_ <총, 균, 쇠> 그 후의 이야기참고문헌찾아보기펼쳐보기"
2021,4,수학 잘하는 아이는 이렇게 공부합니다,류승재,"생각의 힘을 기르는 진짜 수학 공부법《공부머리 독서법》 최승필 강력추천!수학 분야 초베스트셀러, 2023년 특별개정판 출간수학은 입시의 ‘키’라고 불릴 만큼 공부 전체에서 차지하는 비중이 높고 점수 편차가 큰 과목입니다. 아이들이 가장 하기 싫어하고 성과가 안 나는 과목이기도 합니다. 비슷한 개념이 점차 어려워지며 반복되는 나선형 과목이기 때문에 공부 습관을 처음부터 바르게 잡아야 합니다! 입시 수학의 시작인 초등 시기가 중요한 이유입니다.이 책은 수학의 기초부터 단단하게 다지고, 개념부터 심화까지 올바르게 혼자 공부하는 법을 익힘으로써 수학 성적을 끌어올리는 과정을 섬세하게 설계하도록 안내합니다. 이를 통해 지금 내 아이의 실력이 어디쯤 와 있는지 확인하는 법부터 시작해 아이를 수학 실력에 따라 3개의 그룹으로 나누고, 그렇게 확인한 아이의 수준에 따라 부모가 해야 할 일을 구체적으로 알려줍니다. 아이가 혼자서 수학 개념을 익히도록 이끄는 법, 심화와 선행 속도를 조절하는 법, 적절한 교재 선택법, 아이의 성향에 맞는 학원 선택법, 엄마표 수학 관리법까지 구체적이고 실질적인 정보를 총망라했습니다.2022년 문이과 통합 시대에 맞춰 새로 출간된 특별개정판에는 개정교육 과정을 좀 더 면밀하게 분석해 담았습니다. 변화된 수학 교육에 대비할 수 있는 풍부한 자료를 수록했으며, 입시 제도의 변화에 발맞춰 초등과 중등 시기에 준비해야 할 부분들을 25년차 입시전문가의 시선으로 날카롭게 포착했습니다.펼쳐보기","개정판을 펴내며│문이과 통합의 시대, 수학의 길을 읽다프롤로그│고등 수학을 잘하기 위한 올바른 초등 수학 공부법추천사│생각의 힘을 기르는 진짜 수학 공부1장. 학년이 올라갈수록 수학 성적이 떨어지는 이유내 아이의 진짜 실력을 모른다너무 쉬운 수학 시험이 내 아이의 진짜 실력을 가린다점점 잘하는 아이들과 경쟁해야 한다장기적인 안목의 부재학원이 수학 공부를 방해한다초등·중등 학원의 양치기 반복 학습스스로 공부하는 능력을 잃어가는 아이들수학을 제대로 공부하는 방법을 모른다수학 개념 공부하는 방법을 모른다수학 문제해결력의 부족학습량 균형 조절의 실패언어능력의 부족● 내 아이, 지금 수준으로 고등학교 가면 몇 등급을 받을까?2장. 올바른 수학 공부가 수학 성적을 결정한다수학 공부를 제대로 이해해야 수학을 잘한다수학 공부의 본질은 무엇인가수학을 올바르게 공부하면 시간이 많이 걸린다!초등부터 반드시 들여야 하는 수학 습관좋은 습관은 어릴수록 들이기 좋다수학 잘하는 습관 1. 자기주도성수학 잘하는 습관 2. 내 언어로 정리하는 습관수학 잘하는 습관 3. 역질문수학 잘하는 습관 4. 성실성수학 잘하는 습관 5. 스스로 짜는 학습 계획선행이 아닌 심화가 수학 실력을 좌우한다왜 선행이 성행하게 되었을까: 선행에 대한 경험적 고찰왜 초등부터 선행을 할까: 선행에 대한 현상적 고찰선행을 올바르게 하는 방법선행보다 심화가 중요한 이유, 문제해결력수학 문제해결력이란 무엇인가문제해결력을 기르기 위해 연습해야 할 것선순환의 완성초등 수학 공부, 궁금한 것 여기 다 있다수학 문제 풀 때, 식을 정리해서 풀어야 할까?내 아이가 선행은 많이 했는데, 현행을 못한다면?초등, 문제해결력을 키우려면 오답 시키지 마라?연산교재, 꼭 풀어야 할까?사고력 수학은 필요한가?초등 심화는 어느 정도 실력이 있어야 가능할까?선행학습 시 개념교재를 건너뛰고 바로 심화교재로 들어가도 될까?● 수학적 사고력이란 무엇인가3장. 초등 아이 올바른 공부 습관 만들기효과적인 공부법이란 없다공부의 본질은 무엇인가초등 학원만 여러 가지 브랜드가 많은 이유공부는 습관이다공부를 하기 위한 동기부여는 필요 없다공부를 열심히 하면 생기는 일공부 습관 형성을 좌우하는 결정적인 시기집중력을 기르는 미취학 시기본격적 공부 습관 형성하는 초등 시기알아서 굴러가는 중고등 시기공부 습관이 잡히지 않을 때엉덩이의 힘부터 길러라항상 마무리하는 습관을 길러라공부할 때 무의식의 도움을 받는 법● 수학 공부 제대로 시키려면 아이에게서 해설지를 빼앗아라4장. 엄마표 수학과 독학 수학 실패하지 않는 법가정학습을 효율적으로 하는 법은 없을까?가정학습이 힘든 이유는 ‘뇌’ 때문효율적인 가정학습 1. 시간표 짜기효율적인 가정학습 2. 공부 장소를 따로 정하기효율적인 가정학습 3. 가르치지 말기효율적인 가정학습 4. 시간 기준 공부법엄마표 수학에서 주의할 점양육태도의 일관성아이가 공부할 때 함께 공부하기가르치는 과목에 대해서 공부하기이성적으로 대하기칭찬을 해주되 일희일비하지 않기아이들에 대한 적절한 기대 유지하기수학 독학할 때 주의할 점독학만 한 학생이 최상위권에 못 드는 이유수학 문제의 자기주도성을 길러라독서를 통한 언어능력 기르기엄마표 수학, 초중고 로드맵미취학 시기초등 시기중등 시기고등 시기● 수학 교재, 어떤 걸 선택해야 할까5장. 수학 학원, 잘 보내고 잘 다니려면수학 학원의 종류와 특징공부방 및 오피스텔교습소중소형 강의식 수학 전문 학원대형 강의식 수학 전문 학원개별 첨삭식 수학 전문 학원수학 단과 학원종합반 학원내 아이에게 맞는 수학 학원 고르기초등 수학 학원 고르기중등 수학 학원 고르기고등 수학 학원 고르기학원 상담 시 반드시 확인해야 하는 것학원을 오래 다녀도 성적이 안 오르는 이유공부를 열심히 안 하는 경우학원을 너무 많이 다니는 경우학원에서 숙제를 과도하게 많이 내주는 경우진도를 빨리 나가는 경우학원에 의존해 학습능력을 키우지 않는 경우수학 학원 뽕 뽑기학원 숙제만 제대로 챙겨도 ‘뽕’을 뽑는다수학 숙제를 ‘날림’으로 한다는 건 어떤 의미일까날림을 방지하기 위해 부모가 할 수 있는 것학원에서 배운 것을 빨리 잊어버리는 아이를 도와주는 법● 윈터스쿨, 꼭 보내야 할까● 학원 방학 특강, 꼭 들어야 할까6장. 내 아이, 수포자가 될 수 없어수포자가 되지 않으려면왜, 언제 수포자가 되는가?수포자 위기 구간 1. 중1 과정수포자 위기 구간 2. 고1 과정수학 개념을 암기하는 방법수포자들의 특징 샅샅이 살펴보기왜 우리 아이는 수학을 못할까수포자들의 공통적인 특징수포자를 막는 가장 효과적인 방법이미 수포자라면 어떻게 해야 할까각종 수포자 유형 및 극복 방법수학을 잘할 것 같으나 못하는 아이많이 풀고 많이 틀리는 아이 vs 적게 풀고 적게 틀리는 아이처음에 풀 때 많이 틀리고, 다시 풀면 다 맞는 아이수학‘만’ 잘하는 아이가 있다고?선행과 심화 사이에서 균형을 잡아야 수포자를 방지한다선행-심화 전략이 고등 성적을 결정한다내 아이의 수준에 맞는 선행과 심화● 수학 후행은 필요한가● 고등 선행을 했는데 하나도 모르는 경우7장. 최상위권으로 도약하기 위한 수학 공부 방법수학 시험 실전 연습법문제를 정확하게 읽지 못하는 아이계산 실수를 많이 하는 아이환경에 휘둘리는 아이수학 오답 제대로 하는 법오답의 필요성형식적인 오답은 오답이 아니다주기적으로 오답하는 법스스로에게 설명하기제대로 다회독하는 법다회독이란 무엇인가다회독에 실패하는 경우제대로 다회독하는 3단계수학 개념 노트, 연습장, 풀이 노트 사용법수학 개념 노트, 어떻게 정리해야 효과적일까연습장 사용법풀이 노트 활용법수학 개념 공부의 모든 것수학 기본개념이란 무엇인가수학 유형개념이란 무엇인가수학 심화개념이란 무엇인가개념 독학하는 법수험생, 슬럼프에 빠지지 않으려면부정적인 시선이 슬럼프를 만든다슬럼프 극복 1. 규칙적인 생활슬럼프 극복 2. 계획표 만들기슬럼프 극복 3. 긍정적 무의식 만들기효율적인 공부 방법효율적으로 암기하는 방법항상 집중하는 법공부 잘하는 학생 따라 하기● 공부 안 하는 사춘기 아이, 원인과 대책에필로그│경험해보니, 수학 공부에 왕도란 없었다개정교육과정 분석│문이과 통합의 시대, 무엇을 준비해야 할까?펼쳐보기"
2021,5,"빌 게이츠, 기후 재앙을 피하는 법","빌 게이츠/김민주, 이엽 역","빌 게이츠가 10년간 올인한 바로 그 주제!기후재앙을 피하기 위한 명확한 목표와 근본적인 해법혁신적 엔지니어이자 실용적 환경주의자 빌 게이츠가 10년간 집중적으로 연구한 끝에 마침내 공개하는 기후재앙 극복 해법. 목표는 명확하고 계획은 구체적이다! 매년 발생하는 온실가스 배출량 510억 톤을 2050년 선진국부터 ‘순 제로net zero’로 만들 것. 탄소 문명을 청정에너지 문명으로 바꿀 ‘기술-정책-시장구조’를 만들 것. 성장과 지구가 양립 가능한 계획을 위해 정부와 기업 그리고 각자가 할 수 있는 일을 구체적으로 제시한다. 물리학, 화학, 생물학, 공학, 정치학, 경제학, 재무학 분야의 전문가와 협력해 발견한 유일한 솔루션과 실현 가능한 로드맵.펼쳐보기",서문 510억에서 0으로1장 왜 제로인가?2장 어려울 것이다3장 우리가 물어야 할 다섯 가지 질문4장 전기 생산: 연간 배출량 510억 톤의 27퍼센트5장 제조: 연간 배출량 510억 톤의 31퍼센트6장 사육과 재배: 연간 배출량 510억 톤의 19퍼센트7장 교통과 운송: 연간 배출량 510억 톤의 16퍼센트8장 냉방과 난방: 연간 배출량 510억 톤의 7퍼센트9장 더워진 지구에 적응하기10장 정부 정책은 얼마나 중요할까?11장 제로로 가는 길12장 우리 각자가 할 수 있는 것후기 기후변화와 코로나19주감사의 말옮긴이의 글찾아보기펼쳐보기
2021,6,"굿바이, 이재명",장영하,"대한민국을 바꿔 놓을새로운 챕터의 시작마스크에 표정을 감춘 이재명의 그 실체를 벗긴 책!강자의 변명은 대부분 거짓이고약자의 항변은 대부분 진실이다사람이 갖는 집착은 참 무섭다. 누군가를 향해 일단 의심을 품게 되면 처음에는 ‘절대 아니지’라는 생각을 하다가  ‘그럴 리가 없지’로 살짝 마음을 튼다. 그러다가 ‘혹시 그럴 수도……’하는 샛길로 빠지는가 싶다 하면 어느 새 ‘아니, 분명히 그래. 분명히 그럴 걸!’로 확신 쪽에 무게를 둔다. 아니, 아예 그쪽으로 몰아붙여 버린다.대선 후보 이재명의 형 이재선 회계사를 향한 사람들의 마음 쏠림이 그러했다.“세상 모든 존경보다 값진 것은 아들ㆍ딸에게 존경받는 아버지가 되는 것”이라고 했던 소박한 꿈을 가졌던 가장을 향해 권력자 이재명의 지속적인 ‘거짓말’은 순식간에 눈덩이처럼 커지면서 사람들을 집착하게 했다. 주문을 걸 듯 ‘아니지, 그럴 리가, 혹시? 아니 분명히!’라고 하며 어느 순간 스스로를 집착에 사로잡히게 했을 터였다.그렇게 권력이 휘두른 거듭된 거짓말은 단순치가 않았다. 거짓말에 의한 한 사람의 억울함은 그 개인의 삶만 왜곡하고 매장시키는 것으로 끝나지 않았기 때문이다. 그 시대를 함께하는 또 다른 가까운 사람들과 가족들도 왜곡되고 매장당한 일이 다반사였다. 권력이 휘두른 한 개인에 대한 삶의 왜곡과 매장시킴은 실로 참혹하고 끔찍했다. 조리돌림과 멍석말이에서 끝나지 않았다. 권력 앞에 줄을 선 군중들의 집착 심리를 이용해 타깃이 된 개인을 극한의 코너로 몰아붙였다. 그리고 끝내 한 사람의 억울한 죽음을 불러왔다. 권력자와 그 앞에 줄을 선 이들은 그렇게 공범자가 되었다.거울 속에 비친 모습을 보라그것이 진실이다!사건의 시작은 회계사였던 이재선이 성남시에 민원 글을 올리면서부터였다. 온갖 협박을 받았다. 협박에서 그친 것이 아닌, 정신병원에 강제 입원시키려는 음모가 진행되었다. 패륜아로 몰렸고 정신병자로 몰렸다. 이재선을 정신병원에 강제 입원시키려는 일들은 일사천리로 진행됐다. 마치 잘 짜인 각본에 의한 것처럼. 그 거대한 권력에 맞서 한 개인이 할 수 있는 일이라곤 사실을 알리는 일뿐이었다. 그렇지만 일단 꽂힌 것은 무조건 끝을 보는 권력자의 옥죔은 더더욱 거셌다. 이재선이 사실을 알리면 알릴수록 안 좋은 방향으로 휘둘렸다. 급기야 40여 일간 정신병원 신세를 지면서 이 지난한 싸움은 죽음이란 막다른 골목을 마주하게 된다. 그 과정에서 사건의 진실은 거짓으로 점철된다. 그리고 그 거짓의 중심에 여권 대선 후보 그가 서 있다.이 책은 진실을 감추기 위해 거짓말에 거짓말을 보태 복잡하게 배배 꼬아 놓은 것을 간단하게 만들 진실을 찾아서 그 위에 정의를 세우기 위한 기록이다. 다만 한 사람의 억울함과 그 개인의 삶이 왜곡되고 매장된 이야기를 하려는 것이 아니다. 개인의 삶이 결코 한 개인의 삶으로 끝나지 않고 사회에 미치는 영향과 그 영향으로 사회가 어떻게 뒤엉켰는지를 알려 주며, 뒤엉킨 것을 풀어내고자 했다.그러한 의미로 배우 김부선의 변호사로 유명한 판사 출신의 장영하 변호사는 이 책『굿바이, 이재명』을 쓰기 시작했다. 단테의 신곡처럼 화려한 꽃밭 어느 틈새로 지옥으로 가는 문이 열려 있을지 아무로 모르는 것이 우리네 인생사다. 그런 점에서 이 책은 현실을 가장 리얼하게 그려냈다고 할 수 있다. 어떤 마음을 갖고 살아야 하는지를 깨닫게 한다. 그 마음가짐에 따라 얼굴에 그려지는 나이테가 저마다 다르기 때문이다. 거울 속의 내 얼굴엔 어떤 나이테가 그려져 있는지 들여다보라. 그것이 진실이다!펼쳐보기","마음의 글 ㆍ 010시작하는 글 ㆍ 013프롤로그: 악마를 보았다 ㆍ 0201장 이재명의 성남공화국인연인가 악연인가 ㆍ 033타인의 입장, 타인의 고통은 아랑곳하지 않아 ㆍ 035배배 꼬이고 뒤틀린 ㆍ 038성남시장 후보 사퇴 회유 사건 ㆍ 0402장 이렇게 시작되었다시작된 쇼, 성남시의 모라토리엄 ㆍ 049“왜 성남시장이 되었는지요?” ㆍ 052본색을 드러내다 ㆍ 055“형님이 내 앞길을 망칩니까?” ㆍ 059사라진 민원 글 ㆍ 0703장 범죄, 그날의 재구성누구나 갖고 있는 가족사 ㆍ 077선택적 발휘되는 공정성, 백아연 사건 ㆍ 081“그 아가리를 닫게 해 주지” ㆍ 0844장 2012년 5월 28일의 진실어머니께 도움 요청하는 이재선 ㆍ 095발악하다 ㆍ 104어느 기자의 제보 ㆍ 1065장 누가 더 센가성남시장이냐 회계사냐 ㆍ 115올가미 ㆍ 119문자 살인 1 ㆍ 1246장 비겁한 보복권력을 이용한 보복 ㆍ 135경찰에 연행되다 ㆍ 138어디 약식명령을 받을 일인가 ㆍ 140리모컨으로 조종당하는 사람들 ㆍ 141문자 살인 2 ㆍ 1477장 브레이크가 없다100미터 접근금지 명령이라니 ㆍ 159또 다른 국면 ㆍ 161하나씩 오지 않는 불행 ㆍ 166기어이 정신병원으로 내몰다 ㆍ 171퇴원 후 남겨진 것들 ㆍ 173“종편 TV조선은 민주사회의 독극물” ㆍ 1748장 끝나지 않은 시련제자리 찾기 ㆍ 181폐암 4기 진단 ㆍ 1892017년 11월 2일의 이별 ㆍ 191날벼락 같이 덮친 ㆍ 1959장 모래시계남겨진 사람들 ㆍ 203이재명, 스톱 ㆍ 205특정범죄가중처벌법위반(뇌물)죄 ㆍ 206그럼에도 경기도지사에 ㆍ 209짜고 친 고스톱(?) ㆍ 211소시오패스 성향의 그를 다시 또 ㆍ 214긴급히 수사하라 ㆍ 217에필로그: 가장 중요한 것은 진실 ㆍ 219부록 이재선의 정신병원 강제 입원 발단과 전개 ㆍ 230펼쳐보기"
2021,7,눈 떠보니 선진국,박태웅,"‘IT 현자’박태웅의선진국 대한민국을 위한 제언GDP 세계 9위,대한민국은 정말 선진국이 된 것일까?BTS는 한국어로 부른 노래로 빌보드 1위를 거뜬히 해낸다. 봉준호 감독은 “아카데미는 로컬이잖아”라고 말하며 천연덕스럽게 감독상과 작품상을 포함해 4개의 아카데미 트로피를 거머쥐었다. K-방역은 세계를 선도한다. 바이든을 비롯해 선진국의 많은 지도자들이 한국을 본받자고 목소리를 높인다. 한국의 경제규모(GDP 기준)는 세계 9위로 올라섰고, 우리 앞에는 이제 여덟 나라밖에 없다. 그래서 우리는 선진국이 된 것일까?느닷없이 선진국이 되어버린대한민국을 위한 조언선진국이 된다는 것은 ‘정의’를 내린다는 것이다. 앞보다 뒤에 훨씬 많은 나라가 있는 상태, 베낄 선례가 점점 줄어들 때 선진국이 된다. 해답보다 질문이 더 중요하다는 것을 깨달을 때 우리는 선진국이 될 수 있다.서른이 넘은 사람이 아침저녁으로 키를 재고 있다면 어떨까? 경제 발전의 어느 단계까지는 양적 성장이 필요하다. 최소한의 볼륨이 있어야 하기 때문이다. 선진국의 문턱으로 들어선다면 GDP 하나만을 재고 있어선 안 된다. 이제는 볼륨이 1순위가 될 순 없고 되어서도 안 되기 때문이다. 사회의 건강을 재는 역사적으로 입증된 가장 훌륭한 척도는 그 사회의 중산층 비중이다. 허리가 튼튼한 사회가 늘 가장 건강했다. 국정의 최고 지표로서도 아주 훌륭하다. 이 목표를 향해 다른 정책들을 줄을 세울 수 있기 때문이다.사회문제에서 IT 문제까지대한민국 사회와 경제, 시스템을 위한 큰 생각선진국이 될 때까지 한국은 지독하게 달려왔다. 바람처럼 내달린 몸이 뒤쫓아오는 영혼을 기다려줄 때다. 해결해야 할 ‘문화지체’들이 언덕을 이루고 있다. 저자는 IT 전문가로서 지금 한국 사회가 어느 지점에 와 있는지, 선진국으로 판단할 핵심 지표는 무엇인지, 우리의 사회 시스템은 무엇이 문제이며, 우리나라가 진정한 선진국으로 가기 위해서는 어떻게 변화시켜야 하는지를 다양한 팩트와 인사이트로 날카롭게 짚어낸다.펼쳐보기","머리말 대한민국은 정말 선진국이 된 것일까제1부 선진국의 조건?눈을 떠 보니 선진국이 되어 있었다?신뢰자본을 제대로 쓸 때다?참된 선진국의 조건, 뉴런의 자유결합?셰익스피어가 필요한 때?제2부 고장난 한국 사회?물은 땅이 패인 모양을 따라 흐른다?- 한국 사회의 고장난 인센티브 시스템AI 시대의 교육- 한국 교육의 치명적인 3가지 결핍경로의 저주- 사람이 길을 만들고, 길이 사람을 만든다 ?3개의 질문코로나 시대의 재정 정책?제3부 AI의 시대?과학기술정보통신부장관께?In the age of AIAI와 알고리듬의 작동원리기계가 읽을 수 있어야 한다?- 데이터 공개의 제 1원칙컴퓨팅적 사고능력의 시대- 소프트웨어가 세상을 집어삼키고 있다문제는 생태계다- 한국 소프트웨어 산업의 쇠락의 원인들네트워크의 시대, 암호의 시대?멈출 수 없다?펼쳐보기"
2021,8,지리의 힘,팀 마샬/김미선 역,"세계는 왜 ‘지리’를 두고 분쟁하는가?지리라는 렌즈를 통해 세계를 조망한 책 『지리의 힘』. 25년 이상 30개 이상의 분쟁 지역을 직접 현장에서 취재하며 국제 문제 전문 저널리스트로 활동해온 저자가 중국, 미국, 서유럽, 러시아, 한국과 일본, 아프리카, 라틴 아메리카, 중동, 인도와 파키스탄, 북극 등 전 세계를 10개의 지역으로 나눠 ‘지리의 힘’이 21세기 현대사에 미치는 영향을 집중적으로 파헤친 책이다.이 책은 특히 ‘한국’편에서 한국의 위치와 한반도의 지리적 특성 때문에 한국이 강대국들의 경유지 역할을 할 수밖에 없음을 지적하고 ‘중국’은 왜 영유권 분쟁을 일으키면서까지 바다에 집착하는지, ‘미국’은 어째서 초대강국이 될 수밖에 없었는지, 왜 세계는 남극이 아닌 북극으로 향하고 있는지 등에 대한 해답을 담고 있다. 또한 최근 이슈로 떠오르고 있는 미국과 중국 간의 신패권주의 경쟁, 알카에다와는 달리 영토를 장악해가는 IS 등을 놓치지 않고 함께 다루고 있다.펼쳐보기","서문: 우리 삶의 모든 것은 지리에서 시작되었다!1장: 중국, 4천 년 만에 대륙의 나라에서 해양 강국을 꿈꾸다한족의 탄생에서 군사대국을 꿈꾸기까지지리의 보호만큼은 확실하게 받는 나라중국은 왜, 티베트에 목숨 거는가중국이 절대 포기할 수 없는 전략적 땅, 신장땅의 나라에서 해양 강국으로!남중국해, 뜨거운 분쟁의 현장“미국이여, 대만은 우리와 지리적으로 더 가깝다!”수많은 영유권 분쟁, 결코 대양 강국을 포기하지 않을 것이다2장: 미국, 지리적 축복과 전략적 영토 구입으로 세계 최강국이 되다흔치 않은 지리적 위치를 확보한 나라신의 한 수, 루이지애나 구입멕시코와의 영토 분쟁, 역사는 미국의 손을 들어주었다그 어떤 위협도 없던 시대, 괌과 카리브 해까지 진출하다막강한 해군력을 내세운 미국의 패권시대유럽과 러시아는 과연 미국의 위협이 될 만한가?중국, 중국, 중국! 그리고 동아시아 태평양 지대에너지마저 자급자족하게 된 미국, 그들은 중동 국가들과 어떻게 관계를 유지할까미국이 쇠락할 거라는 예측의 유행3장: 서유럽, 이념적 분열과 지리적 분열이 함께 감지되다지리의 축복을 받은 서유럽 vs. 지리의 차별을 받은 남유럽그리스 위기, 유럽의 이념적 분열과 지리적 분열로동쪽에서 일어나는 균열과 긴장의 조짐프랑스는 독일을 두려워하고, 독일은 프랑스를 두려워한다유럽연합 안에서 감지되는 지리의 복수영국, 영광스러운 고립?유럽은 과연 20세기 초로 회귀할까?4장: 러시아, 가장 넓은 나라지만 지리에게 복수의 일격을 당하다러시아를 지켜주는 건 지리였건만무궁무진한 영토 확장, 미국에 대적할 초강대국이 되다한쪽 발은 유럽에, 다른 한쪽 발은 아시아에부동항의 부재, 러시아의 지리적 아킬레스건친서방 국가, 친러시아 국가, 그리고 중립 국가서방에도 추파를 던지고, 모스크바의 당근도 받으려는 우크라이나크림 반도, 신이 러시아에게 선사한 지리적 패지리를 무기로 도박을 하는 러시아나토 vs. 러시아, 그리고 발트 해 국가들모스크바는 가까이 있고, 워싱턴은 멀리 있다가스와 석유, 지리를 이용한 경제 전쟁군사 협력까지 가능한 러시아와 중국의 밀월 관계5장: 한국, 지리적 특성 때문에 강대국들의 경유지가 되다일본, 최대 고민인 중국을 견제하기 위해 미국과 군사적 동맹을 맺다연약한 것 같되 위험한 약자의 역할을 하고 있는, 북한손가락 하나로 가른 인위적인 38선한반도에서 전쟁이 일어나면 미국, 중국, 일본, 러시아는 어떤 선택을 할까섬나라 일본, 과거에는 고립을, 이제는 군사적 개입을 선택하다일본은 과연 전쟁 가능한 국가가 될 것인가일본의 최대 고민은 중국, 이제 주변국에서 친구를 찾아야 한다6장: 라틴 아메리카, 내륙이 텅 빈, 거대한 지리의 감옥에 갇히다광활한 세계의 끝단에서 벌어지는 영토 분쟁멕시코, 미국의 그늘 아래에서 살아가야 할 운명의 나라니카라과 대운하, 거대 중국 자본이 이미 진입했다중국, 미국과 라틴 아메리카의 벌어진 틈을 공략하다브라질, 지리가 자국 내 운송도 막는다라틴 아메리카 최고의 지리적 혜택을 받는 아르헨티나7장: 아프리카, 유럽인이 만들어 놓은 지정학의 피해자가 되다지리가, 아프리카의 최대 장애물이다유럽인들이 제멋대로 그려 넣은 국경선콩고민주공화국, 아프리카판 세계대전의 현장나일 강의 수자원, 축복이자 분쟁의 씨앗석유, 그리고 보코 하람의 나라앙골라, 내부와 외부의 수탈로 점철되다중국의 아프리카 접근, 터를 잡은 이상 쉽게 떠나지 않을 것이다지리적 위치의 혜택을 제대로 보는 남아프리카공화국지리가 점지한 힘과 싸우기8장: 중동, 인위적인 국경선이 분쟁의 씨앗이 되다서구가 잉크로 그려서 만든 국경수니파, 시아파, 그리고 그 안의 또 다른 수많은 분파들영국이 난장판으로 합쳐 놓은 곳, 이라크요르단, 골치 아픈 곳을 싹둑 잘라내 만든 나라산맥 이름이 나라 이름이 된 곳, 레바논시리아, 소수파가 다수파를 지배하는 긴장감이 감도는 곳IS, 죽음의 게임을 펼치다이스라엘, 그리고 팔레스타인산악지대, 핵무기, 그리고 석유의 나라역사의 교차로가 될 수밖에 없는 운명, 터키아랍의 봄9장: 인도, 지리적으로 출발부터 유리했다파키스탄, 말썽 많은 아프간과의 국경을 물려받다인도 아대륙의 분열, 그리고 대살육전출발부터 인도보다 불리했던 파키스탄아직도 끝나지 않은 두 나라의 격돌아프가니스탄, 적의 적이 되게끔 만들다파키스탄, 탈레반, 그리고 미국미국, 인도의 새로운 동맹국이 되다10장: 북극, 21세기 경제 및 외교의 각축장이 되다기나긴 북극 탐험의 역사얼음이 녹으면서 바닷길도 열리고북극을 둘러싼 치열한 각축북극 전략 없는 미국, 북극의 최강자 러시아북극에서의 게임은 달라야 한다맺음말: 새로운 지리적 현실을 함께 맞이하기펼쳐보기"
2021,9,약속의 땅,버락 오바마/노승영 역,"미국 제 44대 대통령 버락 오바마의 퇴임 후 첫 회고록 한국어판 출간“마치 미국 대통령이 되어 백악관에서 일하는 듯한 압도적 현장감!”역대 대통령 회고록 중 최다 판매와 최고 선인세, 출간 첫날 90만 부 판매, 예약판매 즉시 아마존 종합 1위, 26개 언어 출간 계약 등 여러 기록을 남기며 전 세계 화제작으로 떠오른 미국 제 44대 대통령 버락 오바마의 회고록 『약속의 땅』 한국어판이 드디어 출간된다. 오바마는 이 책에서 미국 최초의 흑인 대통령이 되어 백악관에 입성하기까지의 과정과 임기 첫 2년 반 동안의 고군분투를 놀랍도록 솔직하고 사실적으로 담아냈다. 그런가 하면 이례적일 만큼 내밀하게 자신의 선택과 사고과정을 곱씹는다.덕분에 독자들은 오바마가 내각을 꾸리고, 역사상 가장 친근한 백악관을 만들고, 세계 금융 위기로 씨름하고, 블라디미르 푸틴의 심중을 떠보고, 오바마케어를 통과시키고, 파병 문제로 4성 장군들과 논쟁하고, 기름 유출 사고에 대응하고, 넵튠의 창 작전을 승인하여 오사마 빈라덴을 사살하고…… 이 모든 과정에 함께하며 어떤 내막이 있었고 무슨 생각을 했는지 백악관 내부뿐 아니라 대통령 개인의 내면까지 가까이 들여다보게 된다.그가 서두에서 밝힌바 “이 모든 이야기를 500쪽 안에 담을 수 있을 줄 알았다. 1년이면 다 쓸 거라 예상했”지만, 책은 결국 두 권으로 나뉘었고 『약속의 땅』은 그중 1권이며 920쪽에 달한다. 압도적 두께는 제 값을 하고도 남았다. 흥미진진한 사건과 치밀한 디테일과 우아한 문장이 어우러진 이 책에 언론과 평단은 “최고의 대통령 회고록” “유례없이 잘 쓰인 책” “현실 정치의 진면목을 보여주는 책” 등의 찬사를 쏟아냈다. 빌 게이츠는 마치 소설처럼 읽힌다며 “끝내주는 읽을거리”로 강력 추천했다.펼쳐보기",머리말1부. 내기2부. 우린 할 수 있어3부. 레니게이드4부. 선한 싸움5부. 세계의 실상6부. 통 속에서7부. 줄타기감사의 글사진 설명찾아보기펼쳐보기
2021,10,침묵의 봄,레이첼 카슨/김은령 역,"환경을 이슈로 전폭적인 사회운동을 촉발시키다!20세기 환경학 최고의 고전『침묵의 봄』. 50주년 기념 개정판으로 출간 된 이 책은 〈타임〉지가 20세기를 변화시킨 100인 중 한 사람으로 뽑은 레이첼 카슨이 쓴 책으로, 환경 문제의 심각성과 중요성을 독자들에게 일깨워 준 책이다. 저자는 친구로부터 받은 편지 한 통을 계기로 살충제의 사용 실태와 그 위험성을 조사하고, 생물학자로서의 전문지식과 작가로서의 능력을 발휘해 방사능 낙진으로 인해 더욱 절실해지기 시작한 환경 문제의 복잡성을 알기 쉽게 풀어냈다. 더불어 무분별한 살충제 사용으로 파괴되는 야생 생물계의 모습을 적나라하게 공개하여, 생태계의 오염이 어떻게 시작되고 생물과 자연환경에 어떤 영향을 미치지는 지 구체적으로 설명하였다. 이를 통해 정부와 살충제 제조업체의 행태를 지적하고, 환경문제에 대한 대중들의 생각을 환기시킬 수 있는 기회를 제시하였다.▶ 이 책은 2002년에 출간된 〈침묵의 봄〉(에코리브르)의 개정판입니다.펼쳐보기",감사의 글서문: 린다 리어01	내일을 위한 우화02	참아야 하는 의무03	죽음의 비술04	지표수와 지하수05	토양의 세계06	지구의 녹색 외투07	불필요한 파괴08	새는 더 이상 노래하지 않고09	죽음의 강10	공중에서 무차별적으로11	보르자 가문의 꿈을 넘어서12	인간이 치러야 할 대가13	작은 창을 통해서14	네 명 중 한 명15	자연의 반격16	밀려오는 비상사태17	가지 않은 길후기: 에드워드 O. 윌슨옮긴이의 글참고문헌찾아보기펼쳐보기
2021,11,지구를 위한다는 착각,마이클 셸런버거/노정태 역,"당신이 안다고 믿는 환경주의는 과연 옳은가?타임 선정 “환경 영웅”이 “환경 종말론”에 던지는 충격적 이의 제기!“환경 구루” “기후 구루” “환경 휴머니즘 운동의 대제사장”으로 불리는 세계적인 환경, 에너지, 안전 전문가 마이클 셸런버거가 30년간의 현장 활동과 연구, 고민과 열정, 대안과 해법을 총결산해 선보이는 문제작이다. 이 책은 기후 변화를 둘러싼 논란, 특히 최근 만연하고 있는 종말론적 환경주의에 강력한 의문을 제기함으로써 환경 운동 진영과 과학계뿐 아니라 언론과 일반 대중에게까지 큰 파장과 충격을 불러일으키며 베스트셀러에 올랐다.이 책에서 우리는 “얼음이 녹아 북극곰이 굶어 죽어 가고 있다” “아마존이 곧 불타 사라질 위기에 처해 있다” “그린피스가 고래를 구했다” 같은 익숙한 통념과 정반대되는 과학적 근거와 사실을 마주하게 된다. 또 “공장이 떠나면 숲이 위험해진다” “자연을 구하려면 인공을 받아들여야 한다”라는 우리의 직관에 반하는 역설을 이해하게 된다. 나아가 “원자력은 지극히 위험하고 비싸다” “태양광과 풍력 등 신재생 에너지가 유일한 길이다”라는 주장에서 무엇이 진실이고 거짓인지 분명히 깨닫게 된다. 그 과정에서 우리는 환경 문제에서 허구와 사실을 또렷이 구분하고, 기후 위기 대응에서 우리가 가진 긍정적 잠재력을 발견할 것이다. 그리하여 자연과 인간 모두에게 번영을 가져다주는 진정한 해결책에 새로운 눈을 뜨게 될 것이다.펼쳐보기","프롤로그 : 기후 변화의 진실을 찾아서1_ 세계는 멸망하지 않는다종말이 다가오고 있다 | 자연은 회복하고 인간은 적응한다 | 진짜 지옥은 이런 곳이다 | 수십억 명이 죽는다고? |자연재해 피해 규모를 좌우하는 진정한 요인 | 기후 변화 대책보다 발전이 더 절실한 사람들 |누가 위기를 부풀리는가 | 기후 종말은 없다2_ 지구의 허파는 불타고 있지 않다지구의 허파를 구하자 | “그 말에는 과학적 근거가 없어요” | 환경 식민주의자의 모순된 눈물 |하늘에서 내려다본 낭만과 가난한 땅의 현실 | 인류 발전의 밑거름이 된 불과 삼림 개간 | 그린피스와 파편화된 숲 |“아마존 기부금 따위 도로 들고 가시오” | 환경 양치기를 넘어서3_ 플라스틱 탓은 이제 그만하자“정말 미안해, 거북아” | 플라스틱의 끈질긴 위협 | 말뿐인 재활용 | 그 많은 플라스틱은 다 어디로 갔을까 |거북과 코끼리의 목숨을 구한 발명품 | 사람이 문제다 | 플라스틱은 진보다 | 자연을 지키려면 인공을 받아들여야 한다 |어떤 이들은 쓰레기 문제보다 더 속상한 일이 훨씬 많다4_ 여섯 번째 멸종은 취소되었다우리는 스스로를 위험에 빠뜨리고 있다 | 부풀려진 멸종 위기 | 숯이 야생 동물을 위협한다 |누가 왜 댐 건설에 총부리를 겨누는가 | 환경 보호의 탈을 쓴 새로운 식민주의 | 원주민의 우선순위는 다르다 |“야생 동물이 우리보다 더 소중해?” | 무장 집단이 날뛰는 무법천지 | 그들에게는 석유가 필요하다 | 발전을 위한 동력 갖추기5_ 저임금 노동이 자연을 구한다패션과의 전쟁 | 고향을 떠나 도시로 | 산업화와 농업 생산성 향상이 숲을 회복시킨다 | “위대한 탈출”이 가져다준 혜택 |부는 힘이 세다 | 나무 연료 사용을 끝내야 한다 | 공장이 떠나면 숲이 위험해진다 | 가난한 나라 사람들이 만든 옷을 입자6_ 석유가 고래를 춤추게 한다고래의 위기와 그린피스의 등장 | 유전이 발견되고 고래는 목숨을 구했다 | 포경을 사양 산업으로 만든 기술 발전 |에너지 전환은 어떻게 일어날까 | 〈가스랜드〉의 ‘불타는 물’ 사기극 | 프래킹의 기후정치학 | 야생 물고기 대 양식 물고기 |계층과 정치에 좌우되는 에너지 전환7_ 고기를 먹으면서 환경을 지키는 법동물을 먹는다는 것 | 채식주의와 리바운드 효과 | 방목형 축산 대 공장식 축산 | 고지방 식단의 진실 |동물의 죽음에 생명을 빚진 우리 | 무엇이 동물에게 가장 인도적인가 | 교조적 채식주의자들이 저지르는 오류 |‘프렌치 패러독스’가 알려 주는 과학 | 가축 혁명과 야생 동물 고기 집착에서 벗어나기 | 선악을 넘어 공감으로8_ 지구를 지키는 원자력원자력 에너지 최후의 날 | 체르노빌 원전 사고의 오해와 진실 | 원자력이 정말 더 위험할까 |대단히 싸고 안전하고 효율 높은 에너지원 | 원전 폐쇄가 초래한 결과 | “원자력은 자연 보호의 희망이다” |평화를 위한 원자력 | 원자력을 향한 전쟁 | 원전 반대로 치르는 값비싼 대가 | 원자력 발전은 비싸다? | 핵전쟁을 막는 핵무기9_ 신재생 에너지가 자연을 파괴한다태양광이 유일한 길이다? | 신뢰할 수 없는 신재생 에너지 | 신재생 에너지가 야생 동물을 죽인다 |친환경 에너지 유토피아 건설이라는 꿈 | 신재생 낭비 에너지 | 저밀도 에너지가 불러오는 생태 재앙 |바람길은 새와 곤충의 것 | 자연산 선호 오류와 스타벅스 법칙10_ 환경주의자와 친환경 사업의 겉과 속기후 변화 부정론자들의 돈줄 | 위선으로 일군 환경 운동 | 이해관계로 얽힌 환경 단체의 민낯 | 원자력을 프래킹하다 |어느 주지사의 추악한 탈원전 전쟁 | 캘리포니아주의 뿌리 깊은 정경 유착 | 친환경은 인터넷보다 더 큰 사업 기회 |유일하고 실질적인희망이 사라지게 놔둘 것인가11_ 힘 있는 자들이 가장 좋은 해결책에 반대한다가진 자들의 초호화판 환경 놀이 | 가난한 나라의 성장을 가로막는 환경주의자들 | 가난한 나라의 인프라 구축에 반대하는 선진국 |맬서스, 처칠, 히틀러가 초래한 인류 역사의 비극 | 진보 좌파의 이념이 된 맬서스주의 |구명보트의 윤리학: 일부는 죽게 내버려 둬야 한다 | 맬서스식 인구 폭발과 기아 만연은 틀렸다 |인구 폭탄이 실패하자 기후 폭탄을 들고 나오다 | 세계 최고 극빈층을 상대로 한신재생 에너지 실험12_ 왜 우리는 가짜 환경 신을 숭배하게 되었나북극곰이 우리에게 전하는 이야기 | 기후 정치가 과학을 위협한다 | 누가 로저 펠키 주니어를 모함했나? |사이버네틱스와 생태학, 그리고 새로운 가짜 신의 탄생 | 환경주의는 어떻게 종교가 되었나 | 불안은 환경주의를 잠식한다 |기후 종말론이 마음을 병들게 한다 | 환경 휴머니즘의 길 | 우리에게는 ‘그린 뉴클리어 딜’이 필요하다 |모두를 위한 자연과 번영 이루기: 우리의 불멸 프로젝트 | 우리가 자연을 보호하는 가장 간단명료한 이유에필로그: 기후 소식은 생각보다 훨씬 좋다감사의 말옮긴이의 말주찾아보기펼쳐보기"
2021,12,비극의 탄생,손병관,"당사자 죽음으로 모두 끝나버린 사건… 상상도 못 할 충격적 반증 이어지는 반전박원순 전 서울시장 사망 사건과 관련한 보도와 공식 발표를 뒤집을 취재 기록이 나왔다. 베일에 싸였던, 처음 공개하는 20만 자 분량의 증언과 증거들이 ‘그의 죽음’ 이후 최초로 공개된다. 참고로 2021년 초 국가기관은 사실상 사건을 종결지은 상태다. 국가인권위원회는 피해자의 주장 중 일부를 받아들여 박 시장에 의한 성희롱을 인정했고, 사법부는 별건 재판에서 박 시장의 성추행을 인정한 판결문을 내놨다. ‘모든’이라고 해도 과언이 아닌 언론들조차 박원순의 가해자 중심 보도에서 한 발자국도 벗어나지 못한 채 매듭지은 상황이라 큰 논란이 예상된다.자신의 피해를 적극적으로 얘기하는 한쪽, 자기 방어권을 포기한 또 다른 한쪽. 급격하게 휘어진 ‘여론의 축’에서 진상규명이 불가피하다고 판단한 기자가 오롯이 진실을 밝히고자 박 시장 사망 후 6개월을 발 벗고 뛰어다닌 결과물이다.펼쳐보기","여는 글 … 41. 그날의 기억 … 112. 내가 만난 ‘정치인 박원순’ … 273. “손 기자, ○○이 기억 안 나?” … 414. 시작도 못 하고 좌초된 서울시 진상조사 … 555. 시장실 사람들, 말문을 열다 … 696. 시장과 피해자 … 877. 100일 만에 나타난 ‘피해 목격자’ … 1098. “무릎에 입술 맞추고…” 그리고 목격자들의 딜레마 … 1319. 시장과 마라톤 … 15110. 비서실장과 피해자 … 16311. 시장이 막아서 시장실 못 나갔다? 전보 논란을 파헤치다 … 17512. 수면 위로 올라온 ‘4월 사건’ … 19913. 박원순 사건과 언론 … 22114. ‘박원순과 사람들’의 12가지 혐의 … 25715. 박원순이 변호한 ‘서울대 성희롱 사건’의 이면 … 27316. ‘페미니스트 박원순’에게 날아온 부메랑 … 28917. 박원순은 왜 죽었을까? … 31318. 박원순 최후의 날 … 323닫는 글 … 335추천사 … 338펼쳐보기"
2021,13,왜 세계의 절반은 굶주리는가?,장 지글러/유영미 역,"전 세계 기아의 실태와 배후 요인들을 추적하다!부족한 것 없이 하루하루를 보내는 전 세계의 많은 사람들. 음식점에서는 손만 조금 댄 반찬들이 쓰레기통으로 버려지는 경우가 허다하다. 그러나 우리가 이렇게 음식을 낭비하며 살아가고 있는 지금 이 순간에도 지구 어느 곳에서는 밥 한끼, 빵 한 조각을 먹지 못해 죽어가고 있는 이들이 많다는 것을 알고 있는가?『왜 세계의 절반은 굶주리는가』는 유엔 인권위원회 식량특별조사관인 장 지글러가 기아의 실태와 그 배후의 원인들을 아들과 나눈 대화 형식으로 설명한다. 전쟁과 정치적 무질서로 인해 구호 조치가 무색해지는 비참한 현실, 소는 배불리 먹으면서 사람은 굶은 모순된 현실 등을 자세히 설명한다.또한 사막화와 삼림파괴, 도시화와 식민지 정책, 불평등을 야기하는 금융과두지배 등 기아를 발생시키는 정치·사회·경제적인 문제들을 살펴본다. 그리고 구호조직의 활동과 딜레마 속에 사각시대에 놓여 있는 기아들, 부자들의 쓰레기로 연명하는 사람들의 모습을 들려주며 사람이 가져야 할 인정과 지구촌 식구로써 당연히 해야 할 도리를 촉구한다.펼쳐보기","2016년판 서문 기아의 고통 앞에서 무심해지지 않기를2011년판 서문 우리가 하지 않으면 아무도 하지 않을 것이다한국어판 서문 희망은 어디에 있는가?1. 일상풍경이 된 굶주림2. 8억 5,000만의 굶주리는 사람들3. 기아는 자연도태? 아니면 어쩔 수 없는 운명?4. 문제가 집중되는 나라, 소말리아5. 생명을 선별하다6. 긴급구호로 문제해결?7. 부자들의 쓰레기는 가난한 사람들의 먹을거리8. 이름도 없는 작은 이들의 무덤9. 자금부족으로 고민하는 국제기구10. 소는 배를 채우고, 사람은 굶는다?11. 시장가격의 이면12. 세계에서 식량을 가장 쓸모없게 만드는 남자13. 기아에 관해 가르치지 않는 학교14. 설상가상의 전쟁15. 무기로 변한 기아16. 기아를 악용하는 국제기업17. 국가 테러의 도구가 된 기아18. 사막화로 인한 환경난민19. 삼림 파괴20. 사막화 대처에 430억 달러?21. 르 라이으를 찾아서22. 계속 늘어나는 도시 인구23. 치유되지 않는 식민지 정책의 상흔24. 토마스 상카라와의 만남25. 메말라가는 대지, 사헬26. 용기 있는 개혁자, 상카라27. 상카라의 최후28. 진정한 활로를 찾아서에필로그후기해제 기아에 관한 어느 국제 전문가의 비망록부록 신자유주의를 말한다옮긴이의 말펼쳐보기"
2021,14,추미애의 깃발,"추미애, 김민웅","진실의 힘이 통하는 나라가정의로운 세상입니다이 책은 개혁정치가 추미애가 인문학자 김민웅과 나눈 격정 대담집이다. 자신의 정치인생을 돌아보며, 개혁과 민생은 하나라는 메시지와 함께 대한민국의 건강한 미래를 위한 자신의 생각과 정책을 담았다.경북 대구의 세탁소집 둘째 딸이 전북 정읍의 장애인 남편을 만나 호남의 며느리가 됨으로써 지역차별주의를 극복한다. 강단 있는 여성 판사로서 DJ를 만나 정치에 입문하는 과정과 여성 최초 5선 국회의원, 당대표를 거쳐 법무부장관에 이르기까지 현대 정치사에서 빠질 수 없는 장면이 한 편의 드라마처럼 펼쳐진다.제주 4·3의 녹슨 빗장을 풀어 역사적 과제를 해결하고 역사의식을 갖춘 여성 정치인으로 성장한 그가 DJ·노무현·문재인 대통령에 이르기까지 온갖 수난과 풍파를 헤치며 킹메이커로서 걸어온 길에 대한 생생한 기록이다.외로운 길의 동반자가 되어준 촛불시민에 대한 감사의 마음과 함께 그들이 꿈꾸는 정의로운 나라를 위한 정치·경제·교육·환경 등에 대한 구체적인 정책 방향과 정치적 소신을 밝힌다.펼쳐보기",진실이 힘을 펼치는 나라 | 책머리에 부치는 말씀 | 추미애 ㆍ 9제1장 개혁의 길 ㆍ 25제2장 폭풍의 언덕에서 ㆍ 39제3장 분홍빛 청춘 ㆍ 75제4장 DJ와의 만남 ㆍ 103제5장 촛불의 명령 ㆍ 123제6장 정치검찰과의 전쟁 ㆍ 189제7장 들불처럼 번진 촛불시민의 응원 ㆍ 235제8장 자본을 넘어 생명으로 ㆍ 285제9장 공존을 위한 희망의 씨앗 ㆍ 335제10장 새롭게 태어나는 정치 ㆍ 365개혁정치의 미래를 만나다 | 책 끝에 부치는 말씀 | 김민웅 ㆍ 387펼쳐보기
2021,15,조선잡사,"강문종, 김동건, 장유승, 홍현성, 김동건, 장유승, 홍현성","호랑이 잡는 착호갑사, 매 대신 맞는 매품팔이, 소설 읽어 주는 전기수,헤어 디자이너 가체장, 화장품 판매원 매분구, 과학 수사대 오작인……천자문은 몰라도, 먹고사는 기술 하나는 있었다!양반 아닌 보통 사람들로 보는 조선의 잡(job)史‘조선 좀비물’로 인기를 끌었던 화제의 드라마 〈킹덤〉에서 주인공 세자 못지않은 무술 기량을 뽐냈던 ‘영신’. 그의 직업은 착호갑사(捉虎甲士)였다. 산속에서 목숨 걸고 호랑이를 잡는 특수 부대 출신이었으니, 쉴 새 없이 좀비를 처치하는 실력이 납득되는 설정이었다.이처럼 그동안 잘 알려지지 않았던 조선의 직업을 총망라한 『조선잡사: ‘사농’ 말고 ‘공상’으로 보는 조선 시대 직업의 모든 것』는 젊은 한국학 연구자들이 발굴한 67가지의 직업은 ‘이런 일도 있었다니?’ 하는 놀라움을 절로 불러일으킨다. 일반적으로 조선 하면 떠올리는 선비나 농사꾼이 아니라 시장, 뒷골목, 술집, 때로는 국경에서 바닷속까지 오가며 치열하게 먹고살았던 보통 사람들의 이야기가 펼쳐진다.조선 여성들이 집안일만 했으리라는 선입견을 바로잡는 1부 ‘일하는 여성들’로 시작하는 『조선잡사』는 ‘극한 직업’, ‘예술의 세계’, ‘기술자들’, ‘불법과 합법 사이’, ‘조선의 전문직’, ‘사농공‘상’’까지 총 7부로 엮었다. 이제 존재하지 않는 직업도 있고, 거의 똑같은 형태로 남아 있는 직업도 있는 가운데 변하지 않는 것은 먹고사는 일을 둘러싼 보람 또는 애환이다.  어렵고 험난한 ‘업’을 이어가는 모든 직업인에게 위로와 격려를 전한다.펼쳐보기","『조선잡사』를 펴내며ㆍ41부 | 일하는 여성들삯바느질, 가난한 여성의 생존 수단ㆍ13 | 수모, 신부 도우미이자 주례ㆍ17 | 염모, 소상공인 적합 업종ㆍ20 | 방직기, 변방 군관의 가사 도우미ㆍ24 | 매분구, 화장품 판매원ㆍ28 | 잠녀, 고단한 바다의 노동자ㆍ32 | 여성 경영인의 채소전ㆍ362부 | 극한 직업회자수, 사형 집행자ㆍ43 | 천대받지만 자유로웠던 땅꾼ㆍ47 | 보장사, 인간 메신저ㆍ51 | 약초 캐는 능력은 효자의 덕목ㆍ55 | 착호갑사, 호랑이 잡는 특수 부대ㆍ59 | 백정, 소고기 공급자ㆍ64 | 내 등에 업히시오! 월천꾼ㆍ69 | 산 넘어 산, 심마니ㆍ74 | 산척, 탁월한 숲속의 사람ㆍ78 | 극락왕생하소서, 매골승ㆍ83 | 분뇨 처리업자 또는 예덕선생ㆍ88 | 금화군, 조선의 소방수ㆍ93 | 떼꾼, 떼돈 한번 벌어 보자ㆍ963부 | 예술의 세계기객, 프로 바둑 기사ㆍ103 | 농후자, 길거리 원숭이 공연가ㆍ107 | 재담꾼, 스탠딩 코미디언ㆍ112 | 전기수, 소설 읽어 주는 남자ㆍ117 | 환술사, 불가능을 공연하다ㆍ122 | 가객, 나는 조선의 가수다ㆍ126 | 사당패, 웃음을 팝니다ㆍ130 | 관현맹, 소리를 보는 맹인ㆍ135 | 직업적 해금 연주가의 고뇌ㆍ1394부 | 기술자들화장, 조선의 플로리스트ㆍ145 | 가체장, 여심을 빼앗은 디자이너ㆍ150 | 마경장, 거울 가는 장인ㆍ155 | 조선의 최종 병기, 활 만드는 사람ㆍ160 | 사기장, 조선 백자의 어두운 그림자ㆍ165 | 필공, 천하제일의 붓 제작자ㆍ169 | 각수, 글씨 새기는 사람ㆍ174 | 지장, 종이 만드는 사람ㆍ178 | 시계 제작자, 무에서 시간을 만들다ㆍ1825부 | 불법과 합법 사이표낭도, 저잣거리의 소매치기ㆍ189 | 맞아야 산다, 매품팔이ㆍ194 | 거벽, 과거에 합격시켜 드립니다ㆍ198 | 연회 전문가, 조방꾼ㆍ203 | 식리인, 조선의 사채업자ㆍ208 | 안화상, 진품 같은 짝퉁 팝니다ㆍ215 | 편사, 욕망을 먹고사는 사기꾼ㆍ219 | 도주자, 위조 화폐 제작업자ㆍ223 | 대립군, 군대 대신 가는 아르바이트ㆍ2276부 | 조선의 전문직숙사, 고달픈 입주 가정 교사ㆍ233 | 돗자리 짜는 노인ㆍ237 | 산원, 수학자이자 회계사ㆍ242 | 역관, 인삼 팔러 청나라로 가 볼까ㆍ247 | 서수, 예쁜 글씨가 필요한가요ㆍ252 | 오작인, 조선의 과학 수사대ㆍ256 | 외지부, 백성의 변호사ㆍ260 | 겸인, 조선의 집사ㆍ264 | 판수, 미래를 보는 눈ㆍ268 | 매사냥꾼 응사ㆍ2727부 | 사농공‘상’염상, 서민들의 부업거리ㆍ8279 | 집주름, 부동산 중개업자ㆍ284 | 차부, 물류 유통의 중심ㆍ288 | 세마꾼, 종합 운수 사업가ㆍ292 | 세책점주, 유행을 이끈 출판 기획자ㆍ295 | 책쾌, 헌책 사고팝니다ㆍ299 | 전인과 글월비자, 조선의 우체부ㆍ303 | 짚신 재벌의 생애ㆍ308 | 떠돌이 상인들의 조직된 힘, 보부상ㆍ3314 | 도시를 움직이는 나무꾼ㆍ318주ㆍ326펼쳐보기"
